turn,city,resource,price,demand,supply,traded,imported,exported,stock,satisfaction,city_money
1,Capitalist,Food,1.9718,87.7128,88.9653,9.4753,47.5000,79.4900,0.0000,0.7558,1603.4169
1,Capitalist,Wood,1.0648,175.4256,164.7507,51.6828,123.7428,0.0000,84.8009,1.0000,1603.4169
1,Capitalist,Tools,10.6745,17.5444,16.4358,2.8391,14.7053,0.0000,11.5572,1.0000,1603.4169
1,Farmland,Food,1.8000,41.9496,80.1679,30.1679,0.0000,50.0000,0.0000,0.8330,993.6625
1,Farmland,Wood,1.1000,102.9672,59.4899,59.4899,0.0000,0.0000,0.0000,0.6919,993.6625
1,Farmland,Tools,11.0000,10.2978,6.4104,6.4104,0.0000,0.0000,0.0000,0.7245,993.6625
1,Forresty,Food,2.2000,51.4836,29.3003,2.9727,48.5109,0.0000,13.1638,1.0000,916.1272
1,Forresty,Wood,0.9000,83.8992,173.6741,43.4185,0.0000,130.2556,0.0000,0.7131,916.1272
1,Forresty,Tools,11.0000,10.2978,5.9206,5.9206,0.0000,0.0000,0.0000,0.6898,916.1272
1,Craftovo,Food,2.2000,51.4836,30.9600,24.4790,27.0046,0.0000,3.2405,1.0000,986.7934
1,Craftovo,Wood,1.1000,102.9672,60.0663,60.0663,0.0000,0.0000,0.0000,0.6960,986.7934
1,Craftovo,Tools,9.0000,8.3908,16.5112,1.0319,0.0000,15.4792,0.0000,0.4785,986.7934
2,Capitalist,Food,2.0065,88.3368,86.8108,36.8108,47.5000,50.0000,0.1357,0.9730,1938.2788
2,Capitalist,Wood,0.9583,170.0044,249.2690,95.9265,0.0000,153.3425,0.0000,0.6748,1938.2788
2,Capitalist,Tools,9.6071,16.9811,29.9594,8.9522,8.0289,20.1474,0.5227,0.9776,1938.2788
2,Farmland,Food,1.6200,44.2188,81.1974,31.1974,0.0000,50.0000,0.7736,0.8476,851.3746
2,Farmland,Wood,1.2100,98.1754,60.1607,0.0000,98.1754,0.0000,43.7894,0.9660,851.3746
2,Farmland,Tools,12.1000,9.8186,5.9536,0.0000,9.8186,0.0000,4.9097,0.9660,851.3746
2,Forresty,Food,2.3192,49.0877,46.5641,1.5877,47.5000,0.0000,22.0445,0.9660,703.0124
2,Forresty,Wood,0.8100,88.4375,165.6010,88.4375,0.0000,0.0000,63.5971,1.0000,703.0124
2,Forresty,Tools,12.1000,9.8186,5.9076,0.4971,9.3215,0.0000,4.4481,0.9660,703.0124
2,Craftovo,Food,2.4200,49.0877,33.2987,33.2987,0.0000,0.0000,0.0000,0.7297,1007.3342
2,Craftovo,Wood,1.2100,98.1754,67.7009,50.6754,47.5000,0.0000,11.4381,0.9660,1007.3342
2,Craftovo,Tools,8.1000,8.8447,16.9029,8.4514,0.0000,8.4514,0.3146,1.0000,1007.3342
3,Capitalist,Food,2.1134,87.5705,83.1413,12.0193,75.5512,41.5706,14.7447,0.9989,1765.0091
3,Capitalist,Wood,1.0541,179.2003,160.6246,27.6581,151.5422,0.0000,103.7868,1.0000,1765.0091
3,Capitalist,Tools,9.9626,17.8996,17.2608,8.6304,8.0079,8.6304,0.1313,0.9640,1765.0091
3,Farmland,Food,1.4580,46.6107,85.1056,5.5780,0.0000,79.5276,1.5890,0.4845,902.8092
3,Farmland,Wood,1.0890,93.6065,104.1599,93.6065,0.0000,0.0000,5.3148,0.9337,902.8092
3,Farmland,Tools,10.8900,9.3616,11.4781,1.1628,8.1989,0.0000,8.4733,0.9337,902.8092
3,Forresty,Food,2.0873,47.8092,55.5792,47.8092,0.0000,0.0000,3.2045,0.9479,832.9231
3,Forresty,Wood,0.7290,89.8176,219.0363,59.5181,0.0000,159.5181,4.7670,0.8513,832.9231
3,Forresty,Tools,10.8900,9.3616,10.6299,9.3616,0.0000,0.0000,0.7833,0.9337,832.9231
3,Craftovo,Food,2.6620,46.8033,30.4205,7.3112,39.4921,0.0000,10.6879,0.9337,999.2587
3,Craftovo,Wood,1.3310,93.6065,79.5854,79.5854,0.0000,0.0000,0.0000,0.8097,999.2587
3,Craftovo,Tools,7.2900,9.2716,16.6909,8.2615,0.0000,8.4294,0.5403,0.9945,999.2587
4,Capitalist,Food,1.9021,85.3271,99.5205,37.8271,47.5000,46.9739,6.8411,0.9810,1760.7267
4,Capitalist,Wood,0.9487,168.0298,283.4791,120.5298,47.5000,93.9477,50.2627,0.9819,1760.7267
4,Capitalist,Tools,10.3234,17.5773,16.9630,2.7558,14.8215,0.0000,12.1162,1.0000,1760.7267
4,Farmland,Food,1.3122,49.1320,76.5810,26.5810,0.0000,50.0000,2.4485,0.7822,993.1570
4,Farmland,Wood,1.1979,98.6700,64.2154,64.2154,0.0000,0.0000,0.0000,0.7141,993.1570
4,Farmland,Tools,9.8010,9.8680,14.9231,9.8680,0.0000,0.0000,4.1615,0.9695,993.1570
4,Forresty,Food,2.2960,50.3954,32.2936,32.2936,0.0000,0.0000,0.0000,0.7223,877.9878
4,Forresty,Wood,0.6561,98.2639,160.9771,98.2639,0.0000,50.0000,27.6540,1.0000,877.9878
4,Forresty,Tools,11.9790,9.8680,7.3351,7.3351,0.0000,0.0000,0.0000,0.7788,877.9878
4,Craftovo,Food,2.7786,44.6252,42.7523,0.0000,44.6252,0.0000,20.1061,0.9028,868.1284
4,Craftovo,Wood,1.4641,89.2503,62.0769,0.0000,89.2503,0.0000,42.7474,0.9028,868.1284
4,Craftovo,Tools,6.5610,9.8274,16.0364,0.4349,0.0000,15.6015,0.8326,0.4362,868.1284
5,Capitalist,Food,1.9587,89.9427,87.3439,21.7036,68.2391,50.0000,9.4199,1.0000,2017.2654
5,Capitalist,Wood,0.8539,180.1031,227.4114,78.3818,0.0000,149.0296,1.5253,0.6144,2017.2654
5,Capitalist,Tools,9.2911,17.2395,28.5080,13.4466,3.7929,9.9040,4.2815,0.9890,2017.2654
5,Farmland,Food,1.1810,51.7896,74.1478,2.3171,0.0000,71.8307,3.3546,0.4382,977.6474
5,Farmland,Wood,1.3177,94.0781,68.1343,0.0000,94.0781,0.0000,48.6316,0.9370,977.6474
5,Farmland,Tools,9.9480,10.4018,10.2481,10.2481,0.0000,0.0000,0.0327,0.9965,977.6474
5,Forresty,Food,2.5256,48.0501,32.2017,0.5501,47.5000,0.0000,15.1899,0.9513,656.0763
5,Forresty,Wood,0.5905,92.8057,160.2097,92.8057,0.0000,0.0000,75.3767,1.0000,656.0763
5,Forresty,Tools,13.1769,9.4088,6.8441,0.0000,9.4088,0.0000,5.5376,0.9370,656.0763
5,Craftovo,Food,2.5008,43.6787,51.4442,43.6787,0.0000,0.0000,2.4374,0.8894,849.0108
5,Craftovo,Wood,1.3177,85.0969,106.8678,37.5969,47.5000,0.0000,46.9892,0.8734,849.0108
5,Craftovo,Tools,5.9049,10.3590,16.6164,10.3590,0.0000,3.9925,4.7388,1.0000,849.0108
6,Capitalist,Food,1.7628,87.5188,99.9374,49.5448,37.9740,48.4646,1.6247,1.0000,2039.4308
6,Capitalist,Wood,0.9020,189.8454,179.7081,51.2274,138.6180,36.2630,84.6802,1.0000,2039.4308
6,Capitalist,Tools,8.3620,18.2014,21.2708,5.1513,13.0502,15.6491,1.2012,1.0000,2039.4308
6,Farmland,Food,1.0629,54.5911,79.9452,39.9726,0.0000,39.9726,4.3096,0.9720,960.7387
6,Farmland,Wood,1.1859,89.7000,110.8538,89.7000,0.0000,0.0000,12.1800,0.9060,960.7387
6,Farmland,Tools,10.9428,10.3247,6.0816,0.7987,9.5260,0.0000,4.5218,1.0000,960.7387
6,Forresty,Food,2.4153,45.8140,47.9066,45.8140,0.0000,0.0000,0.0000,0.9195,701.0568
6,Forresty,Wood,0.5314,94.4221,217.7507,71.8371,0.0000,145.9137,14.9522,1.0000,701.0568
6,Forresty,Tools,11.8592,8.9709,12.2474,3.6303,5.3406,0.0000,6.9068,0.9060,701.0568
6,Craftovo,Food,2.7508,46.0414,34.3719,0.0000,46.0414,0.0000,16.1781,0.9229,798.7736
6,Craftovo,Wood,1.1859,89.7000,117.8396,55.2501,34.4498,0.0000,43.2568,0.9060,798.7736
6,Craftovo,Tools,5.3144,9.2464,18.3160,4.5790,0.0000,13.7370,1.4654,0.8484,798.7736
7,Capitalist,Food,1.9391,92.9677,79.5359,21.7663,71.2014,39.7679,13.1010,1.0000,2273.6233
7,Capitalist,Wood,0.8118,173.8924,253.0999,103.5714,0.0000,149.5285,3.0266,0.7575,2273.6233
7,Capitalist,Tools,8.4446,18.6275,18.4451,1.1528,9.9739,17.2923,0.6067,0.7672,2273.6233
7,Farmland,Food,0.9566,57.5440,79.9454,4.9966,0.0000,74.9488,5.3163,0.4762,862.1807
7,Farmland,Wood,1.3045,94.5521,73.7844,0.0000,94.5521,0.0000,53.0007,0.9404,862.1807
7,Farmland,Tools,10.2785,9.8213,10.4561,1.0599,8.7614,0.0000,7.8439,0.9679,862.1807
7,Forresty,Food,2.6569,46.8486,31.8149,9.0690,37.7795,0.0000,10.5146,0.9343,555.7980
7,Forresty,Wood,0.4783,113.0646,165.6721,113.0646,0.0000,0.0000,78.7961,1.0000,555.7980
7,Forresty,Tools,10.6733,9.4562,13.0531,1.7899,7.6663,0.0000,9.3087,0.9404,555.7980
7,Craftovo,Food,2.4900,43.8988,48.4976,43.8988,0.0000,0.0000,0.8948,0.8925,808.3980
7,Craftovo,Wood,1.0673,94.5521,109.1541,47.0521,47.5000,0.0000,44.2390,0.9404,808.3980
7,Craftovo,Tools,4.7830,11.5100,16.1466,5.6478,0.0000,10.4988,1.8077,0.8056,808.3980
8,Capitalist,Food,1.7452,86.2226,99.8405,15.0604,47.5000,84.7801,0.2973,0.8228,2192.5790
8,Capitalist,Wood,0.8930,194.6985,172.6762,48.7098,145.9887,0.0000,113.7141,1.0000,2192.5790
8,Capitalist,Tools,9.0356,19.0918,17.8433,8.1216,10.9702,0.0000,10.1506,1.0000,2192.5790
8,Farmland,Food,0.8609,60.6567,77.0451,27.0451,0.0000,50.0000,6.3774,0.7887,945.0758
8,Farmland,Wood,1.1741,90.1519,124.5095,90.1519,0.0000,0.0000,22.2084,0.9092,945.0758
8,Farmland,Tools,9.2507,10.1573,14.2328,10.1573,0.0000,0.0000,3.4199,0.9900,945.0758
8,Forresty,Food,2.7473,44.6684,43.1978,0.6571,44.0113,0.0000,20.0083,0.9034,521.9310
8,Forresty,Wood,0.4305,97.9218,207.3446,53.6723,0.0000,153.6723,19.1323,0.9516,521.9310
8,Forresty,Tools,9.6060,9.9677,15.1441,9.9677,0.0000,0.0000,4.2960,0.9766,521.9310
8,Craftovo,Food,2.7390,46.1409,32.6328,9.6111,36.5298,0.0000,10.5215,0.9243,840.4142
8,Craftovo,Wood,1.0357,99.6666,102.7102,99.6666,0.0000,0.0000,1.3659,0.9766,840.4142
8,Craftovo,Tools,4.3047,12.1326,15.3968,3.8492,0.0000,11.5476,2.1686,0.6782,840.4142
9,Capitalist,Food,1.9197,93.8989,83.4994,30.7963,63.1026,46.3091,7.6348,1.0000,2300.0045
9,Capitalist,Wood,0.8037,171.1831,258.3907,123.6831,47.5000,100.0299,36.9974,1.0000,2300.0045
9,Capitalist,Tools,8.1320,17.1417,27.0442,2.0831,15.0585,11.2703,12.7501,1.0000,2300.0045
9,Farmland,Food,0.7769,63.9378,70.8520,4.4283,0.0000,66.4238,7.4960,0.4682,814.7532
9,Farmland,Wood,1.2915,95.0284,85.2258,0.0000,95.0284,0.0000,61.7141,0.9437,814.7532
9,Farmland,Tools,10.1757,10.7068,9.2783,0.0000,10.7068,0.0000,8.3629,1.0000,814.7532
9,Forresty,Food,2.4726,43.9269,55.3682,43.9269,0.0000,0.0000,4.3212,0.8929,560.1070
9,Forresty,Wood,0.3874,127.8756,145.8978,95.8978,0.0000,50.0000,31.4869,1.0000,560.1070
9,Forresty,Tools,10.1470,10.5069,9.9467,9.9467,0.0000,0.0000,0.0658,0.9751,560.1070
9,Craftovo,Food,2.6078,43.9936,46.2070,0.0000,43.9936,0.0000,21.7165,0.8938,825.1353
9,Craftovo,Wood,1.1393,101.1770,61.2737,61.2737,0.0000,0.0000,0.0000,0.6998,825.1353
9,Craftovo,Tools,3.8742,12.7889,16.9078,1.0567,0.0000,15.8511,2.5489,0.4803,825.1353
10,Capitalist,Food,1.8886,86.4360,87.8592,12.5282,58.7227,75.3310,0.3948,0.8938,2599.1312
10,Capitalist,Wood,0.7734,188.0202,195.3940,83.2338,11.6408,112.1602,6.6045,0.7104,2599.1312
10,Capitalist,Tools,7.3188,18.6797,28.8518,6.4062,12.2735,19.8064,4.5739,1.0000,2599.1312
10,Farmland,Food,0.7402,67.3062,70.6439,8.8305,0.0000,61.8134,8.6443,0.5306,811.0418
10,Farmland,Wood,1.1623,90.6060,126.1290,76.8660,13.7400,0.0000,33.5135,0.9124,811.0418
10,Farmland,Tools,9.1582,9.8609,13.9174,1.2678,8.5931,0.0000,10.7241,0.9937,811.0418
10,Forresty,Food,2.7198,46.3031,35.8262,1.5709,35.8592,0.0000,16.1683,0.8008,383.7171
10,Forresty,Wood,0.3487,125.7938,165.3367,125.7938,0.0000,12.2535,84.6623,1.0000,383.7171
10,Forresty,Tools,11.1617,10.2229,6.7670,0.0000,10.2229,0.0000,5.7284,0.9947,383.7171
10,Craftovo,Food,2.3470,45.0867,53.1938,9.3814,35.7053,0.0000,20.7216,0.9093,706.1100
10,Craftovo,Wood,1.2532,96.4685,68.1049,3.6563,92.8121,0.0000,46.5312,0.9539,706.1100
10,Craftovo,Tools,3.4868,13.4807,15.1526,2.2331,0.0000,12.9195,2.9498,0.5637,706.1100
11,Capitalist,Food,1.9617,90.2631,86.8998,23.2577,67.0054,0.0000,33.6506,1.0000,2540.2625
11,Capitalist,Wood,0.8507,199.4795,171.2795,64.0797,135.3998,63.3538,58.7686,1.0000,2540.2625
11,Capitalist,Tools,7.0641,18.8834,19.5643,8.2494,10.6341,9.7822,4.9169,1.0000,2540.2625
11,Farmland,Food,0.6784,68.9548,75.2341,4.7021,0.0000,70.5320,9.2063,0.4721,883.3678
11,Farmland,Wood,1.1438,95.5071,97.0550,79.2763,16.2308,0.0000,11.2618,0.9471,883.3678
11,Farmland,Tools,8.2423,10.7607,17.1196,10.7607,0.0000,0.0000,5.9442,1.0000,883.3678
11,Forresty,Food,2.4478,35.7480,49.0581,34.6243,0.0000,0.0000,5.8585,0.7610,359.8077
11,Forresty,Wood,0.3138,103.9139,185.0521,42.5261,0.0000,142.5261,29.7536,0.9773,359.8077
11,Forresty,Tools,10.0455,8.2617,12.0819,0.4541,9.2931,0.0000,9.7103,0.9610,359.8077
11,Craftovo,Food,2.1123,42.9087,55.3582,47.5256,0.0000,0.0000,3.1833,0.9439,716.5620
11,Craftovo,Wood,1.1279,81.6810,115.5683,25.7582,43.9553,0.0000,64.3053,0.7643,716.5620
11,Craftovo,Tools,3.3197,14.2099,14.9250,3.7312,0.0000,11.1937,3.3724,0.6698,716.5620
12,Capitalist,Food,1.7655,87.2904,112.6543,36.3340,50.9564,0.0000,38.7719,1.0000,2535.6498
12,Capitalist,Wood,0.7656,172.1558,200.0805,55.9644,116.1914,95.9490,52.0198,1.0000,2535.6498
12,Capitalist,Tools,6.6758,18.3554,19.4230,6.8101,11.5453,9.2311,6.9355,1.0000,2535.6498
12,Farmland,Food,0.6833,72.0261,71.5177,17.8794,0.0000,53.6383,10.2533,0.6588,881.7344
12,Farmland,Wood,1.0294,65.9957,76.5112,48.7780,47.5000,0.0000,18.9418,0.9526,881.7344
12,Farmland,Tools,7.4181,8.0866,11.2498,7.6091,0.0000,0.0000,3.8183,0.8044,881.7344
12,Forresty,Food,2.2031,25.0992,40.6763,22.6121,0.0000,0.0000,8.1159,0.5908,351.3363
12,Forresty,Wood,0.2882,149.7697,163.0757,40.7689,0.0000,122.3067,33.6838,0.6943,351.3363
12,Forresty,Tools,9.0410,5.6426,16.2955,1.5049,8.7695,0.0000,12.5647,0.9983,351.3363
12,Craftovo,Food,1.9011,28.1291,33.7985,33.7985,0.0000,0.0000,0.0000,0.7420,731.2795
12,Craftovo,Wood,1.0151,54.0732,128.8182,23.7002,43.6516,0.0000,77.1683,0.7476,731.2795
12,Craftovo,Tools,2.9878,14.5630,16.2039,4.0510,0.0000,12.1529,3.5771,0.6925,731.2795
13,Capitalist,Food,1.5890,92.9299,126.7850,40.1292,52.8007,0.0000,47.3765,1.0000,2533.1197
13,Capitalist,Wood,0.6907,189.4065,209.9576,82.0930,107.3135,96.3326,50.6145,1.0000,2533.1197
13,Capitalist,Tools,6.4750,18.6424,19.2205,8.1902,10.4522,9.6102,5.9979,1.0000,2533.1197
13,Farmland,Food,0.6617,71.7714,74.1062,18.5266,0.0000,55.5797,10.1665,0.6680,883.9781
13,Farmland,Wood,0.9265,45.1048,84.3974,50.5352,47.5000,0.0000,24.9852,0.9650,883.9781
13,Farmland,Tools,6.6763,4.9192,8.7424,4.9192,0.0000,0.0000,4.3984,0.5946,883.9781
13,Forresty,Food,1.9828,15.0195,40.7700,16.0892,0.0000,0.0000,11.8904,0.4983,338.1328
13,Forresty,Wood,0.3103,156.2811,145.1436,32.1820,0.0000,112.9616,37.0135,0.6335,338.1328
13,Forresty,Tools,8.1369,5.0295,18.3306,1.2668,9.1297,0.0000,14.8730,0.9902,338.1328
13,Craftovo,Food,1.7664,29.8360,32.1102,32.1102,0.0000,0.0000,0.2449,0.7254,744.7693
13,Craftovo,Wood,0.9136,57.3452,140.7171,28.8043,44.0159,0.0000,83.7212,0.7863,744.7693
13,Craftovo,Tools,3.1265,15.3508,14.6698,3.6674,0.0000,11.0023,4.0336,0.6653,744.7693
14,Capitalist,Food,1.4301,95.5844,130.5837,30.8078,64.7766,45.8478,34.6353,1.0000,2540.8761
14,Capitalist,Wood,0.6656,192.2868,199.5484,77.3644,114.9224,40.2592,99.8119,1.0000,2540.8761
14,Capitalist,Tools,6.3336,18.4640,18.8762,7.1917,11.2723,9.6763,6.9007,1.0000,2540.8761
14,Farmland,Food,0.6193,72.9295,77.9267,9.7408,0.0000,68.1859,10.5613,0.5435,906.6112
14,Farmland,Wood,0.8338,47.5447,85.0307,67.1761,38.2462,0.0000,16.3457,1.0000,906.6112
14,Farmland,Tools,6.0087,4.9748,9.4948,4.9748,0.0000,0.0000,5.4386,0.5946,906.6112
14,Forresty,Food,1.7845,9.0287,41.0206,10.1925,0.0000,0.0000,15.4637,0.4145,324.8666
14,Forresty,Wood,0.2793,115.3661,161.2946,40.3237,0.0000,120.9710,34.1132,0.6912,324.8666
14,Forresty,Tools,7.3232,4.8727,20.1549,1.6887,9.1925,0.0000,16.7152,1.0000,324.8666
14,Craftovo,Food,1.8182,30.8386,29.9599,6.9451,43.5554,0.0000,12.8511,0.9653,727.6461
14,Craftovo,Wood,0.8222,60.4295,145.9052,47.8787,0.0000,0.0000,76.4287,0.5946,727.6461
14,Craftovo,Tools,3.0413,15.0064,15.4268,3.5612,0.0000,11.8656,3.8341,0.6578,727.6461
15,Capitalist,Food,1.3114,98.3825,107.2874,34.2603,64.1222,68.8007,13.6032,1.0000,2478.8095
15,Capitalist,Wood,0.5990,188.2882,230.1096,69.2687,119.0195,18.5014,149.3721,1.0000,2478.8095
15,Capitalist,Tools,6.0630,18.4252,19.2477,4.6289,13.7963,0.0000,17.9149,1.0000,2478.8095
15,Farmland,Food,0.6485,75.3867,71.9969,4.4998,0.0000,67.4971,11.3990,0.4692,958.1129
15,Farmland,Wood,0.7504,48.7804,75.6270,75.6270,17.5763,0.0000,2.7208,0.9439,958.1129
15,Farmland,Tools,5.4078,5.0335,9.7292,6.4281,0.0000,0.0000,4.8747,0.6934,958.1129
15,Forresty,Food,1.6060,10.9592,47.4425,3.1821,28.7984,0.0000,22.8014,0.7205,323.7298
15,Forresty,Wood,0.2596,130.8735,140.7970,15.5134,0.0000,125.2836,38.2792,0.5153,323.7298
15,Forresty,Tools,6.5909,4.9258,21.1472,5.5369,0.0000,0.0000,14.4709,0.6552,323.7298
15,Craftovo,Food,1.6364,29.2218,41.1881,16.7004,36.5623,0.0000,13.9651,1.0000,739.3478
15,Craftovo,Wood,0.7400,62.0543,129.5001,55.8054,0.0000,0.0000,61.7410,0.6437,739.3478
15,Craftovo,Tools,2.9872,15.2152,15.4906,0.9682,0.0000,14.5224,3.9550,0.4740,739.3478
16,Capitalist,Food,1.4425,100.3137,88.2743,36.6140,63.6997,0.0000,40.6149,1.0000,2375.3412
16,Capitalist,Wood,0.5391,196.9581,270.3715,79.7461,117.2120,84.5210,134.7122,1.0000,2375.3412
16,Capitalist,Tools,5.4567,18.7062,28.9616,5.6276,13.0785,0.0000,25.9163,1.0000,2375.3412
16,Farmland,Food,0.6234,73.6723,76.6312,9.5789,0.0000,67.0523,10.8146,0.5412,985.2780
16,Farmland,Wood,0.6754,52.8274,60.3236,60.3236,38.4000,0.0000,4.4151,0.9699,985.2780
16,Farmland,Tools,4.8670,5.0953,9.0591,7.3213,0.0000,0.0000,4.0436,0.7523,985.2780
16,Forresty,Food,1.4454,25.4225,53.1937,49.7982,0.0000,0.0000,4.1294,0.9401,370.2924
16,Forresty,Wood,0.2856,164.6652,146.7621,23.3811,0.0000,123.3811,41.3008,0.5711,370.2924
16,Forresty,Tools,5.9318,4.9818,18.8007,6.1074,0.0000,0.0000,12.4423,0.6744,370.2924
16,Craftovo,Food,1.4728,26.5053,42.0941,42.0941,0.0000,0.0000,1.8861,0.8598,769.0884
16,Craftovo,Wood,0.6660,53.5777,115.0080,32.5405,41.8949,0.0000,72.0744,0.7701,769.0884
16,Craftovo,Tools,2.9148,15.3523,15.7336,1.9667,0.0000,13.7669,4.0345,0.5448,769.0884
17,Capitalist,Food,1.2983,92.9763,105.1373,29.1344,63.8419,46.5141,25.9128,1.0000,2323.9806
17,Capitalist,Wood,0.4852,200.4952,241.6845,76.4920,124.0032,40.3997,161.9221,1.0000,2323.9806
17,Capitalist,Tools,4.9110,19.5113,37.3023,8.4630,11.0483,0.0000,32.0822,1.0000,2323.9806
17,Farmland,Food,0.6099,75.1372,76.8023,9.6003,0.0000,67.2020,11.3140,0.5415,1012.6477
17,Farmland,Wood,0.6083,55.6850,61.8251,61.8251,38.3797,0.0000,6.2011,0.9804,1012.6477
17,Farmland,Tools,4.3803,5.1605,7.5674,7.5674,0.0000,0.0000,2.7848,0.7907,1012.6477
17,Forresty,Food,1.3009,25.5892,29.3652,29.3652,0.0000,0.0000,1.6808,0.7053,415.7563
17,Forresty,Wood,0.2784,157.0021,161.0594,30.5297,0.0000,130.5297,37.3822,0.6218,415.7563
17,Forresty,Tools,5.3386,5.0409,16.1072,9.7046,0.0000,0.0000,7.5704,0.9251,415.7563
17,Craftovo,Food,1.5422,29.6768,28.3403,6.2866,44.1884,0.0000,14.4945,0.9446,747.6154
17,Craftovo,Wood,0.5994,59.1071,121.5308,50.4997,0.0000,0.0000,67.4538,0.5946,747.6154
17,Craftovo,Tools,2.7813,15.5417,16.2878,4.6580,0.0000,11.6298,4.1443,0.7355,747.6154
18,Capitalist,Food,1.4074,101.0836,93.2475,42.7061,58.3775,0.0000,40.4470,1.0000,2304.3934
18,Capitalist,Wood,0.4367,204.2236,265.8163,89.6240,47.5000,176.1922,31.9101,1.0000,2304.3934
18,Capitalist,Tools,4.4199,19.7601,41.5526,8.3361,11.4240,0.0000,37.3697,1.0000,2304.3934
18,Farmland,Food,0.6597,75.9652,70.2285,8.7786,0.0000,61.4500,11.5962,0.5298,1000.1381
18,Farmland,Wood,0.6217,60.1705,58.8779,12.1356,119.8826,0.0000,64.9147,1.0000,1000.1381
18,Farmland,Tools,4.8183,5.7432,5.1849,5.1849,0.0000,0.0000,3.0901,0.6159,1000.1381
18,Forresty,Food,1.3112,28.3715,28.1473,28.1473,0.0000,0.0000,2.2874,0.6692,436.4984
18,Forresty,Wood,0.2933,159.0178,150.9225,100.9225,0.0000,50.0000,51.1804,1.0000,436.4984
18,Forresty,Tools,4.8047,5.1031,11.0335,11.0335,0.0000,0.0000,2.8071,1.0000,436.4984
18,Craftovo,Food,1.3880,32.5660,41.4144,41.4144,0.0000,0.0000,1.5847,0.8767,758.9701
18,Craftovo,Wood,0.5395,72.9882,111.8978,38.2065,47.5000,0.0000,73.6197,0.8379,758.9701
18,Craftovo,Tools,2.7599,15.9104,16.0337,4.0084,0.0000,12.0253,4.3579,0.6895,758.9701
19,Capitalist,Food,1.2666,93.9853,111.4725,29.9109,64.0744,50.0000,27.8688,1.0000,2358.7307
19,Capitalist,Wood,0.4803,258.4783,149.4874,139.5938,118.8844,0.0000,104.3144,1.0000,2358.7307
19,Capitalist,Tools,3.9779,20.0223,43.6185,11.9621,8.0602,26.8093,14.9073,1.0000,2358.7307
19,Farmland,Food,0.6698,73.0406,71.9432,4.4964,0.0000,67.4467,10.5992,0.4691,1005.9884
19,Farmland,Wood,0.5595,48.6691,99.5482,70.9472,0.0000,0.0000,38.3329,0.8405,1005.9884
19,Farmland,Tools,4.3365,5.2000,6.0132,0.0000,13.4016,0.0000,10.3965,1.0000,1005.9884
19,Forresty,Food,1.3780,30.6187,29.1349,29.1349,0.0000,0.0000,4.4836,0.6196,417.6012
19,Forresty,Wood,0.2700,142.1498,154.4348,29.2934,0.0000,125.1415,36.3161,0.7035,417.6012
19,Forresty,Tools,5.2852,6.2093,5.3482,1.1769,12.0672,0.0000,8.8553,1.0000,417.6012
19,Craftovo,Food,1.5268,35.1755,29.1540,1.3865,47.5000,0.0000,18.0867,0.9019,717.6797
19,Craftovo,Wood,0.4855,72.8044,107.7729,52.2972,0.0000,0.0000,64.3544,0.5946,717.6797
19,Craftovo,Tools,2.5978,15.9719,16.9688,8.4844,0.0000,8.4844,4.4732,1.0000,717.6797
20,Capitalist,Food,1.3094,101.7938,98.4700,29.1029,72.6909,0.0000,50.8292,1.0000,2230.6751
20,Capitalist,Wood,0.5268,185.5822,169.2033,38.2461,147.3361,0.0000,181.8179,1.0000,2230.6751
20,Capitalist,Tools,3.9104,20.2986,20.6492,6.5211,13.7775,10.3246,15.7611,1.0000,2230.6751
20,Farmland,Food,0.6246,72.4898,77.7313,1.2146,0.0000,76.5167,10.4114,0.4226,1065.0642
20,Farmland,Wood,0.5036,51.9723,76.7028,76.7028,0.0000,0.0000,9.6359,0.8791,1065.0642
20,Farmland,Tools,3.9029,5.2360,10.8632,10.8632,0.0000,0.0000,5.4400,1.0000,1065.0642
20,Forresty,Food,1.2681,26.6055,28.9117,28.9117,0.0000,0.0000,2.9057,0.6848,418.5215
20,Forresty,Wood,0.2970,161.4728,144.3662,32.5077,0.0000,111.8585,39.6683,0.6358,418.5215
20,Forresty,Tools,4.7567,4.9078,10.0249,0.4818,9.8084,0.0000,12.6160,1.0000,418.5215
20,Craftovo,Food,1.3741,38.3316,44.1581,44.1581,0.0000,0.0000,1.3779,0.9287,785.7391
20,Craftovo,Wood,0.4842,98.6655,98.9373,55.7052,0.0000,43.2321,12.4463,0.7530,785.7391
20,Craftovo,Tools,2.7512,16.3833,15.4695,0.9668,0.0000,14.5027,4.6781,0.4796,785.7391
21,Capitalist,Food,1.1784,97.1514,123.3781,23.3781,60.0042,100.0000,7.9594,1.0000,2277.8152
21,Capitalist,Wood,0.4742,183.4204,273.3877,104.8758,78.5445,40.9768,166.9543,1.0000,2277.8152
21,Capitalist,Tools,3.9470,19.3245,19.1450,12.0859,7.2385,0.0000,18.8200,1.0000,2277.8152
21,Farmland,Food,0.6495,75.0648,72.1855,9.0232,0.0000,63.1623,11.2893,0.5333,1090.9013
21,Farmland,Wood,0.5539,68.4655,59.0239,59.0239,38.9280,0.0000,11.7043,0.9645,1090.9013
21,Farmland,Tools,4.1724,6.1683,5.7698,5.7698,0.0000,0.0000,2.2046,0.9241,1090.9013
21,Forresty,Food,1.3949,35.1746,28.4516,3.3909,47.5000,0.0000,17.8967,0.9221,382.4603
21,Forresty,Wood,0.2765,153.9583,165.3569,82.6785,0.0000,82.6785,54.4996,0.8149,382.4603
21,Forresty,Tools,4.2810,7.1460,13.7505,10.5151,0.0000,0.0000,7.1874,1.0000,382.4603
21,Craftovo,Food,1.5115,39.0775,28.3827,5.0930,47.5000,0.0000,15.9747,0.9488,748.8231
21,Craftovo,Wood,0.5326,98.3270,61.2342,61.2342,0.0000,0.0000,24.1060,0.5946,748.8231
21,Craftovo,Tools,2.8881,15.9971,15.2390,7.6195,0.0000,7.6195,4.4082,0.9453,748.8231
22,Capitalist,Food,1.2963,110.8070,78.8183,50.2488,60.5583,0.0000,33.3354,1.0000,2321.6515
22,Capitalist,Wood,0.4267,205.0644,248.0840,82.0816,47.5000,166.0024,28.7591,1.0000,2321.6515
22,Capitalist,Tools,3.5523,18.9906,22.9002,12.7202,0.0000,10.1800,7.3307,1.0000,2321.6515
22,Farmland,Food,0.7032,73.6111,67.9953,4.2497,0.0000,63.7456,10.7937,0.4656,1048.1319
22,Farmland,Wood,0.6093,76.1987,64.9938,21.7168,110.2023,0.0000,64.0002,1.0000,1048.1319
22,Farmland,Tools,4.5897,8.7811,6.0041,0.0000,9.6710,0.0000,9.0128,0.7960,1048.1319
22,Forresty,Food,1.2554,24.4714,42.0587,34.3823,0.0000,0.0000,7.9787,0.7351,402.7305
22,Forresty,Wood,0.2488,140.8819,156.8667,106.8667,0.0000,50.0000,69.9191,1.0000,402.7305
22,Forresty,Tools,3.8529,5.2446,8.2936,8.2936,0.0000,0.0000,2.5412,1.0000,402.7305
22,Craftovo,Food,1.4511,38.5171,40.1213,30.9993,0.0000,0.0000,7.7132,0.6944,727.4861
22,Craftovo,Wood,0.5859,92.4213,63.2162,23.7263,47.5000,0.0000,52.9152,0.7372,727.4861
22,Craftovo,Tools,2.7870,15.6135,16.1797,15.6135,0.0000,0.0000,10.8064,1.0000,727.4861
23,Capitalist,Food,1.2019,95.6728,103.1832,22.6323,73.0405,51.5916,29.7154,1.0000,2283.5534
23,Capitalist,Wood,0.4694,265.6521,159.1320,117.7691,103.2896,41.3629,66.7554,1.0000,2283.5534
23,Capitalist,Tools,3.9076,25.9420,15.3092,15.3092,8.2052,0.0000,12.4394,1.0000,2283.5534
23,Farmland,Food,0.6329,70.7475,79.3649,2.4802,0.0000,76.8848,9.8175,0.4406,1115.7238
23,Farmland,Wood,0.5484,46.8331,94.7645,94.7645,0.0000,0.0000,18.1736,1.0000,1115.7238
23,Farmland,Tools,4.1307,4.6234,11.3905,9.5489,0.0000,0.0000,4.9609,0.9436,1115.7238
23,Forresty,Food,1.3213,33.3417,31.6783,31.6783,0.0000,0.0000,2.4996,0.7513,438.8242
23,Forresty,Wood,0.2349,136.9556,145.0688,36.3429,0.0000,108.7259,43.1015,0.8843,438.8242
23,Forresty,Tools,4.2382,8.9215,5.1316,5.1316,0.0000,0.0000,1.9809,0.6926,438.8242
23,Craftovo,Food,1.5962,55.1309,35.6316,9.7101,49.0120,0.0000,19.0986,1.0000,661.8986
23,Craftovo,Wood,0.6444,121.3561,91.6385,25.7560,39.2948,0.0000,68.6971,0.7219,661.8986
23,Craftovo,Tools,2.5083,9.7548,17.2741,8.6371,0.0000,8.6371,9.7762,1.0000,661.8986
24,Capitalist,Food,1.3221,102.5273,90.5775,46.0489,55.7583,44.5286,17.8856,1.0000,2234.6903
24,Capitalist,Wood,0.5164,219.6523,165.9700,96.4110,123.2412,41.6153,107.7101,1.0000,2234.6903
24,Capitalist,Tools,4.2983,20.0217,16.2776,7.8935,12.1282,0.0000,19.9587,1.0000,2234.6903
24,Farmland,Food,0.6961,74.5744,67.0777,8.3847,0.0000,58.6930,11.1221,0.5243,1139.7886
24,Farmland,Wood,0.6032,57.0698,51.5919,51.5919,39.5345,0.0000,10.0222,0.9879,1139.7886
24,Farmland,Tools,3.7176,5.2691,7.3274,7.3274,0.0000,0.0000,2.8944,0.8297,1139.7886
24,Forresty,Food,1.4535,37.6063,27.7175,27.7175,0.0000,0.0000,2.1956,0.6631,483.6839
24,Forresty,Wood,0.2550,173.0966,159.4552,29.7276,0.0000,129.7276,45.6123,0.6161,483.6839
24,Forresty,Tools,4.6620,9.9781,6.4495,6.4495,0.0000,0.0000,1.7379,0.7273,483.6839
24,Craftovo,Food,1.4366,37.1945,42.7705,10.8476,42.3022,0.0000,20.1720,1.0000,641.8372
24,Craftovo,Wood,0.5800,80.1043,111.6551,60.3931,0.0000,0.0000,53.9059,0.6931,641.8372
24,Craftovo,Tools,2.2575,11.3261,14.5904,1.8238,0.0000,12.7666,4.8467,0.9193,641.8372
25,Capitalist,Food,1.4543,95.5240,80.9799,9.5386,85.9853,0.0000,50.1888,1.0000,2153.7809
25,Capitalist,Wood,0.4934,183.6646,192.2122,63.4957,120.1689,40.3949,140.1713,1.0000,2153.7809
25,Capitalist,Tools,3.8685,17.8166,23.2557,5.2727,12.5439,15.8757,13.0304,1.0000,2153.7809
25,Farmland,Food,0.6442,71.1039,76.8410,9.6051,0.0000,67.2359,9.9390,0.5415,1170.2524
25,Farmland,Wood,0.6635,65.3458,56.8611,56.8611,38.3751,0.0000,8.2247,0.9452,1170.2524
25,Farmland,Tools,4.0894,7.4564,5.5773,5.5773,0.0000,0.0000,2.0751,0.7429,1170.2524
25,Forresty,Food,1.5988,38.6008,29.9473,29.9473,0.0000,0.0000,3.0443,0.6552,453.4466
25,Forresty,Wood,0.2611,166.1360,162.2855,35.7920,0.0000,126.4936,42.0529,0.6591,453.4466
25,Forresty,Tools,5.1282,10.3694,6.5532,0.0000,15.0819,0.0000,11.1428,1.0000,453.4466
25,Craftovo,Food,1.2929,28.4986,46.5500,23.2750,0.0000,23.2750,1.7153,0.6437,722.5200
25,Craftovo,Wood,0.5220,58.7562,93.9209,91.9844,0.0000,0.0000,21.1517,0.8804,722.5200
25,Craftovo,Tools,2.4832,17.6601,15.0904,1.8863,0.0000,13.2041,5.3720,0.5391,722.5200
26,Capitalist,Food,1.3089,92.7762,124.0725,31.3705,61.4057,0.0000,57.2175,1.0000,2131.6643
26,Capitalist,Wood,0.4441,198.2174,238.6827,67.1848,47.5000,171.4979,24.2344,0.9634,2131.6643
26,Capitalist,Tools,4.1403,20.3743,19.0367,7.2030,13.1713,0.0000,23.0632,1.0000,2131.6643
26,Farmland,Food,0.6446,73.9168,73.8715,9.2339,0.0000,64.6375,10.8979,0.5363,1144.8267
26,Farmland,Wood,0.7299,69.6912,57.2998,4.1419,122.2645,0.0000,63.9587,1.0000,1144.8267
26,Farmland,Tools,4.4983,9.3492,6.4086,6.4086,0.0000,0.0000,2.6119,0.6590,1144.8267
26,Forresty,Food,1.4389,17.1178,32.0627,26.7364,0.0000,0.0000,4.0182,0.6626,474.5392
26,Forresty,Wood,0.2350,132.7086,148.0496,89.5633,0.0000,50.0000,80.2774,0.7297,474.5392
26,Forresty,Tools,4.6154,6.4667,11.9622,9.1435,0.0000,0.0000,6.1564,1.0000,474.5392
26,Craftovo,Food,1.4046,32.0815,29.5313,29.5313,0.0000,0.0000,2.3238,0.6888,748.9697
26,Craftovo,Wood,0.5289,61.5687,60.7633,56.1474,40.6585,0.0000,27.6306,0.9079,748.9697
26,Craftovo,Tools,2.5707,16.8382,16.2650,2.4005,0.0000,13.8645,4.8957,0.5755,748.9697
27,Capitalist,Food,1.1780,100.8504,123.6997,35.0662,65.7842,56.8790,30.7353,1.0000,2119.4534
27,Capitalist,Wood,0.4885,263.2538,154.0481,144.0353,119.2185,0.0000,102.0204,1.0000,2119.4534
27,Capitalist,Tools,3.7263,18.2022,27.9461,6.2128,11.9894,13.9731,18.4524,1.0000,2119.4534
27,Farmland,Food,0.6448,73.8941,73.8630,4.6164,0.0000,69.2466,10.8902,0.4708,1152.7378
27,Farmland,Wood,0.6569,47.4422,105.9252,68.9081,0.0000,0.0000,38.4918,0.8279,1152.7378
27,Farmland,Tools,4.3301,6.3139,6.5591,0.5370,13.2744,0.0000,10.3637,1.0000,1152.7378
27,Forresty,Food,1.2950,26.7503,33.0463,33.0463,0.0000,0.0000,1.7061,0.7419,514.2163
27,Forresty,Wood,0.2182,140.2313,150.9863,25.4931,0.0000,125.4931,45.6046,0.8189,514.2163
27,Forresty,Tools,4.1539,5.1947,8.4171,8.4171,0.0000,0.0000,3.2831,0.8960,514.2163
27,Craftovo,Food,1.5450,31.6976,27.5895,0.0000,54.0351,0.0000,17.8487,0.9735,713.5926
27,Craftovo,Wood,0.4865,61.4092,66.7669,49.7419,0.0000,0.0000,36.3660,0.5946,713.5926
27,Craftovo,Tools,2.7835,16.5491,15.2839,2.6635,0.0000,12.6204,4.7281,0.5941,713.5926
28,Capitalist,Food,1.0602,82.3274,95.8435,40.0214,53.2818,55.8221,13.7505,1.0000,2118.5751
28,Capitalist,Wood,0.4396,161.5126,188.7276,57.6993,103.5428,31.3046,138.2032,1.0000,2118.5751
28,Capitalist,Tools,3.5459,20.4775,21.5195,5.9594,14.5182,10.7598,17.7352,1.0000,2118.5751
28,Farmland,Food,0.6370,73.8786,74.7815,18.6954,0.0000,56.0861,10.8849,0.6704,1181.6254
28,Farmland,Wood,0.5912,50.6115,83.7630,83.7630,29.7394,0.0000,18.9784,1.0000,1181.6254
28,Farmland,Tools,3.8971,5.0452,10.5442,7.2561,0.0000,0.0000,6.5013,0.8748,1181.6254
28,Forresty,Food,1.2683,28.6392,29.2430,29.2430,0.0000,0.0000,4.2163,0.6308,509.1963
28,Forresty,Wood,0.2401,179.5960,139.5043,30.5119,0.0000,108.9924,48.9359,0.6216,509.1963
28,Forresty,Tools,4.2693,5.4118,5.2655,2.2728,10.2218,0.0000,7.6893,1.0000,509.1963
28,Craftovo,Food,1.3905,28.6208,43.3544,3.3330,53.0310,0.0000,24.8698,1.0000,690.6032
28,Craftovo,Wood,0.4761,67.9814,69.4585,54.6293,0.0000,0.0000,38.4146,0.6080,690.6032
28,Craftovo,Tools,2.5347,15.9040,17.4654,2.1832,0.0000,15.2823,4.3542,0.5601,690.6032
29,Capitalist,Food,1.1583,82.5930,75.5992,12.7924,66.9319,35.7945,29.8853,0.8528,2108.3668
29,Capitalist,Wood,0.3957,165.5745,246.7639,73.4645,47.5000,127.1885,101.4490,0.7374,2108.3668
29,Capitalist,Tools,3.4735,19.9460,20.3618,6.4508,13.4953,0.0000,26.3600,1.0000,2108.3668
29,Farmland,Food,0.6481,74.3287,73.0620,2.6074,0.0000,70.4546,11.0383,0.4424,1167.6254
29,Farmland,Wood,0.6058,53.8292,52.5283,0.7957,120.8291,0.0000,70.6073,1.0000,1167.6254
29,Farmland,Tools,3.5074,5.3098,8.1535,7.0996,0.0000,0.0000,5.1885,0.7214,1167.6254
29,Forresty,Food,1.1415,26.8313,30.5036,30.5036,0.0000,0.0000,2.8053,0.7192,527.9898
29,Forresty,Wood,0.2480,171.2381,165.7703,115.7703,0.0000,50.0000,68.5652,1.0000,527.9898
29,Forresty,Tools,3.8423,4.8588,8.9591,8.9591,0.0000,0.0000,3.4356,1.0000,527.9898
29,Craftovo,Food,1.2515,29.8452,47.1518,24.1932,34.0047,0.0000,18.5094,1.0000,696.0181
29,Craftovo,Wood,0.4458,63.0566,67.3415,55.9967,0.0000,0.0000,36.7761,0.6269,696.0181
29,Craftovo,Tools,2.6020,16.6664,16.2349,2.0294,0.0000,14.2055,4.7961,0.5492,696.0181
30,Capitalist,Food,1.0425,75.2324,89.9505,32.6870,67.0262,0.0000,45.2489,1.0000,2110.0750
30,Capitalist,Wood,0.3561,176.4724,200.6138,42.8984,47.5000,157.7154,43.1121,0.7627,2110.0750
30,Capitalist,Tools,3.1261,19.6377,28.1711,7.8580,11.7797,9.3310,24.2429,1.0000,2110.0750
30,Farmland,Food,0.6245,73.6926,76.4817,5.9278,0.0000,70.5539,10.8215,0.4894,1166.8947
30,Farmland,Wood,0.5453,48.4783,102.2991,0.0000,109.0762,0.0000,106.8588,1.0000,1166.8947
30,Farmland,Tools,3.1567,5.3866,6.1571,6.1571,0.0000,0.0000,3.1374,0.7970,1166.8947
30,Forresty,Food,1.2556,38.7992,25.4047,25.4047,0.0000,0.0000,3.0859,0.6356,507.4376
30,Forresty,Wood,0.2276,144.5787,157.5192,107.5192,0.0000,50.0000,78.8951,1.0000,507.4376
30,Forresty,Tools,4.2266,9.1042,5.6805,5.6805,8.8645,0.0000,7.0567,1.0000,507.4376
30,Craftovo,Food,1.1263,30.8654,40.6006,40.6006,0.0000,0.0000,2.5185,0.9185,715.5927
30,Craftovo,Wood,0.4541,64.9631,63.7806,45.1469,40.7535,0.0000,45.2902,0.8269,715.5927
30,Craftovo,Tools,2.5972,16.4492,16.4802,4.0806,0.0000,12.3997,4.6702,0.6946,715.5927
31,Capitalist,Food,0.9382,84.4496,105.1358,18.8234,59.6421,86.3125,9.5185,0.9764,2159.1002
31,Capitalist,Wood,0.3917,225.7740,146.9296,146.9296,111.3876,0.0000,107.8568,1.0000,2159.1002
31,Capitalist,Tools,2.8135,20.9883,24.2432,3.0304,8.0652,21.2128,8.4632,1.0000,2159.1002
31,Farmland,Food,0.6505,75.0742,72.0691,9.2879,0.0000,62.7812,11.2925,0.5371,1163.2873
31,Farmland,Wood,0.4907,62.6557,133.3528,88.0319,0.0000,0.0000,56.2814,0.9351,1163.2873
31,Farmland,Tools,3.4723,9.0466,5.2953,0.0466,17.2733,0.0000,13.7279,1.0000,1163.2873
31,Forresty,Food,1.2704,30.2991,29.9457,5.7050,42.5621,0.0000,16.4369,0.9029,478.2738
31,Forresty,Wood,0.2270,140.2179,140.5610,23.3109,0.0000,117.2501,47.5875,0.8179,478.2738
31,Forresty,Tools,3.8565,5.7015,6.2487,4.0336,2.8789,0.0000,5.7212,0.9447,478.2738
31,Craftovo,Food,1.2390,39.8999,26.3757,16.8666,39.4348,0.0000,11.7296,0.9604,699.3387
31,Craftovo,Wood,0.4505,74.1683,74.7613,50.8302,0.0000,0.0000,48.4017,0.5946,699.3387
31,Craftovo,Tools,2.5184,16.4647,16.9794,8.4897,0.0000,8.4897,4.7633,1.0000,699.3387
32,Capitalist,Food,1.0320,88.8850,73.9745,36.9873,63.8091,36.9873,18.4744,0.9671,2173.5379
32,Capitalist,Wood,0.3953,162.7807,161.3134,53.1458,109.9390,50.0000,122.2791,0.9904,2173.5379
32,Capitalist,Tools,3.0948,29.7257,15.5055,4.0806,0.0000,11.4249,5.7400,0.5982,2173.5379
32,Farmland,Food,0.6909,73.5563,69.2544,2.0870,0.0000,67.1674,10.7750,0.4350,1218.7572
32,Farmland,Wood,0.4417,53.1684,86.1086,86.1086,0.0000,0.0000,12.4913,0.9642,1218.7572
32,Farmland,Tools,3.1251,4.7331,10.9435,10.7374,0.0000,0.0000,8.5361,1.0000,1218.7572
32,Forresty,Food,1.1434,16.5294,41.9164,22.4153,0.0000,0.0000,12.6644,0.6000,476.0173
32,Forresty,Wood,0.2413,163.9918,154.3004,38.5751,0.0000,115.7253,47.1356,0.6828,476.0173
32,Forresty,Tools,3.4708,5.2763,7.4636,3.6352,10.8537,0.0000,10.5746,1.0000,476.0173
32,Craftovo,Food,1.3629,42.5241,33.3492,3.9829,35.1379,0.0000,20.3575,0.7910,631.6876
32,Craftovo,Wood,0.4955,99.0313,78.2093,9.1163,47.5000,0.0000,82.6457,0.6303,631.6876
32,Craftovo,Tools,2.7703,16.6360,14.9049,14.9049,0.0000,0.0000,10.4356,1.0000,631.6876
33,Capitalist,Food,0.9592,71.5500,76.9845,19.2461,34.3432,57.7384,10.0175,0.7656,2228.3052
33,Capitalist,Wood,0.3557,145.2074,211.0475,67.5176,47.5000,143.5299,70.4097,0.7426,2228.3052
33,Capitalist,Tools,3.4043,31.5369,18.1485,18.1485,11.9519,0.0000,15.8438,1.0000,2228.3052
33,Farmland,Food,0.6820,71.3730,72.3014,36.1507,0.0000,36.1507,10.0307,0.9178,1225.6265
33,Farmland,Wood,0.4858,82.2964,57.0570,57.0570,47.5000,0.0000,16.3716,0.9948,1225.6265
33,Farmland,Tools,3.4376,7.4116,5.4903,5.4903,0.0000,0.0000,3.6570,1.0000,1225.6265
33,Forresty,Food,1.0291,15.6669,36.8455,27.4534,0.0000,0.0000,8.3864,0.6488,492.9147
33,Forresty,Wood,0.2172,145.4457,166.6080,93.1601,0.0000,50.0000,97.5682,0.7297,492.9147
33,Forresty,Tools,3.1237,5.4189,8.4117,8.4117,0.0000,0.0000,5.1984,1.0000,492.9147
33,Craftovo,Food,1.4991,54.9207,42.9764,3.4548,54.8515,0.0000,26.7352,1.0000,553.1537
33,Craftovo,Wood,0.5451,129.4562,111.4077,0.0000,88.8534,0.0000,110.0188,0.8827,553.1537
33,Craftovo,Tools,2.4932,10.3335,16.5136,3.9326,0.0000,12.5810,5.3540,1.0000,553.1537
34,Capitalist,Food,1.0551,124.1156,79.4251,32.8602,32.5019,46.5649,8.4661,0.8426,2214.8434
34,Capitalist,Wood,0.3913,257.4987,150.2867,76.8498,127.9582,73.4369,88.2119,1.0000,2214.8434
34,Capitalist,Tools,3.7448,19.3966,16.2846,8.8584,10.5382,0.0000,21.5871,1.0000,2214.8434
34,Farmland,Food,0.7160,71.8357,68.4251,34.2125,0.0000,34.2125,10.1884,0.8903,1230.5583
34,Farmland,Wood,0.5344,99.6164,55.9615,55.9615,47.5000,0.0000,14.2555,1.0000,1230.5583
34,Farmland,Tools,3.7814,12.3904,5.7248,5.7248,0.0000,0.0000,2.2874,0.7539,1230.5583
34,Forresty,Food,1.1320,35.9653,29.7581,29.7581,0.0000,0.0000,3.7574,0.7008,528.0558
34,Forresty,Wood,0.1955,144.4844,169.3856,34.6928,0.0000,134.6928,54.4218,0.8535,528.0558
34,Forresty,Tools,3.4361,8.6997,5.3018,5.3018,0.0000,0.0000,2.5586,0.8541,528.0558
34,Craftovo,Food,1.3492,25.9336,47.4285,4.4253,44.2367,0.0000,24.0483,1.0000,526.5425
34,Craftovo,Wood,0.4906,65.5367,143.3446,31.4906,22.2650,0.0000,106.1936,0.6386,526.5425
34,Craftovo,Tools,2.7426,15.8266,14.3801,3.2873,0.0000,11.0928,4.8760,0.7076,526.5425
35,Capitalist,Food,1.1606,102.3757,75.2417,59.0807,56.2933,0.0000,29.0958,1.0000,2161.1733
35,Capitalist,Wood,0.4304,210.6977,158.1315,47.6971,120.1949,50.0000,124.0838,0.9309,2161.1733
35,Capitalist,Tools,3.3703,18.0238,23.6531,4.1257,13.8981,11.8266,20.1140,1.0000,2161.1733
35,Farmland,Food,0.6444,70.1097,79.0081,19.7520,0.0000,59.2561,9.6000,0.6854,1200.4897
35,Farmland,Wood,0.5879,105.1791,63.8775,63.8775,47.5000,0.0000,18.1979,1.0000,1200.4897
35,Farmland,Tools,4.1595,13.6319,5.6289,5.4091,11.2352,0.0000,7.6115,1.0000,1200.4897
35,Forresty,Food,1.2452,40.7445,30.4262,30.4262,0.0000,0.0000,3.1388,0.7015,564.9541
35,Forresty,Wood,0.2150,184.5076,153.0419,26.5209,0.0000,126.5209,54.1387,0.6307,564.9541
35,Forresty,Tools,3.7797,11.6408,5.6287,5.6287,0.0000,0.0000,2.2886,0.6691,564.9541
35,Craftovo,Food,1.2143,19.8412,52.2122,48.2130,0.0000,0.0000,7.5986,0.8689,573.3829
35,Craftovo,Wood,0.4415,71.5481,137.5501,61.6611,0.0000,0.0000,83.8301,0.6548,573.3829
35,Craftovo,Tools,2.4683,13.0745,15.6048,0.9753,0.0000,14.6295,4.4228,0.4745,573.3829
36,Capitalist,Food,1.0445,44.7011,84.9349,13.5566,61.0031,71.3783,7.5921,0.9795,2268.6361
36,Capitalist,Wood,0.3874,138.9195,204.5870,85.2522,18.3270,119.3347,32.7957,0.8765,2268.6361
36,Capitalist,Tools,3.0333,18.5743,21.8901,5.4386,8.8637,16.4515,9.9671,1.0000,2268.6361
36,Farmland,Food,0.6489,73.9021,73.3871,9.1734,0.0000,64.2137,10.8929,0.5354,1177.0984
36,Farmland,Wood,0.5291,55.5526,62.0549,13.2542,113.3680,0.0000,68.8003,1.0000,1177.0984
36,Farmland,Tools,3.7435,4.6603,6.2319,2.1713,5.1666,0.0000,7.3780,0.9940,1177.0984
36,Forresty,Food,1.3697,41.4805,29.0182,3.3311,29.1730,0.0000,18.1730,0.6522,496.4782
36,Forresty,Wood,0.2365,180.9391,160.7993,98.6940,0.0000,19.2916,121.4311,0.7297,496.4782
36,Forresty,Tools,4.1577,11.5561,6.4699,6.0934,10.4623,0.0000,7.6705,1.0000,496.4782
36,Craftovo,Food,1.1764,27.9813,28.8838,11.5417,38.6363,0.0000,13.4857,0.9716,557.7873
36,Craftovo,Wood,0.3974,59.6430,111.6302,54.1908,0.0000,0.0000,74.8524,0.5946,557.7873
36,Craftovo,Tools,2.7030,16.8890,15.4225,6.0923,0.0000,9.3302,4.9251,0.8371,557.7873
37,Capitalist,Food,1.1424,91.6277,83.7815,10.7480,71.0463,0.0000,49.8926,0.8696,2145.6875
37,Capitalist,Wood,0.4261,234.8311,152.2337,49.3602,136.5222,29.4094,134.9157,0.8137,2145.6875
37,Capitalist,Tools,3.3366,26.5731,16.0520,10.4432,14.0941,2.0975,18.7075,1.0000,2145.6875
37,Farmland,Food,0.6149,73.6442,77.7271,2.9415,0.0000,74.7855,10.8050,0.4471,1220.2343
37,Farmland,Wood,0.4762,52.4729,96.4063,90.1251,27.9389,0.0000,44.3769,1.0000,1220.2343
37,Farmland,Tools,3.3692,5.3386,8.9630,8.9630,0.0000,0.0000,3.9535,0.8990,1220.2343
37,Forresty,Food,1.2327,22.5954,41.0086,41.0086,0.0000,0.0000,2.9090,0.8648,529.2648
37,Forresty,Wood,0.2129,132.8205,191.6101,47.9025,0.0000,143.7076,69.7397,0.7955,529.2648
37,Forresty,Tools,3.7419,4.6605,6.5177,6.5177,1.9926,0.0000,4.7878,1.0000,529.2648
37,Craftovo,Food,1.0587,30.3736,34.2464,34.2464,0.0000,0.0000,2.8974,0.7856,604.8135
37,Craftovo,Wood,0.4154,96.7057,92.5040,92.5040,0.0000,0.0000,26.7208,0.9546,604.8135
37,Craftovo,Tools,2.4327,14.0007,15.8250,0.9891,0.0000,14.8359,4.4905,0.4755,604.8135
38,Capitalist,Food,1.0281,43.4449,119.6699,2.6089,60.7940,41.4852,51.9605,0.7277,2146.1907
38,Capitalist,Wood,0.3835,188.5470,212.8528,88.2913,116.9065,0.0000,180.0122,1.0000,2146.1907
38,Capitalist,Tools,3.0029,10.2918,20.8486,2.6061,8.0891,18.2425,9.4437,0.9226,2146.1907
38,Farmland,Food,0.6763,75.6581,68.2599,4.2662,0.0000,63.9937,11.4915,0.4659,1243.8830
38,Farmland,Wood,0.4303,57.8317,64.0007,64.0007,0.0000,0.0000,12.8476,0.9290,1243.8830
38,Farmland,Tools,3.7061,6.6067,5.1983,5.1983,7.4273,0.0000,5.9343,1.0000,1243.8830
38,Forresty,Food,1.1224,26.2456,28.8260,28.8260,0.0000,0.0000,2.6099,0.6919,523.4743
38,Forresty,Wood,0.2293,157.4276,146.1190,23.0595,0.0000,123.0595,50.0888,0.7419,523.4743
38,Forresty,Tools,4.1161,6.0487,5.2133,2.0587,9.9031,0.0000,8.7053,1.0000,523.4743
38,Craftovo,Food,1.1646,40.2071,29.0707,19.5651,39.4109,0.0000,12.6064,0.9848,586.4521
38,Craftovo,Wood,0.4570,83.3712,57.3672,57.3672,0.0000,0.0000,31.9396,0.5946,586.4521
38,Craftovo,Tools,2.6760,17.0121,14.7325,6.2177,0.0000,8.5148,4.9964,0.8460,586.4521
39,Capitalist,Food,0.9253,48.4581,114.0234,38.1575,36.6550,40.7262,34.8814,0.8056,2221.2652
39,Capitalist,Wood,0.3452,140.9599,239.2080,68.5184,47.5000,170.6897,75.5850,0.7730,2221.2652
39,Capitalist,Tools,3.3032,22.5477,15.0150,15.0150,0.0000,0.0000,7.1956,1.0000,2221.2652
39,Farmland,Food,0.6322,72.1371,77.1684,38.5842,0.0000,38.5842,10.2912,0.9523,1219.2356
39,Farmland,Wood,0.4733,80.8946,49.8601,42.3205,114.6552,0.0000,61.1634,1.0000,1219.2356
39,Farmland,Tools,4.0767,6.8158,5.9435,5.9435,0.0000,0.0000,3.1552,0.8566,1219.2356
39,Forresty,Food,1.0101,16.6918,28.1087,28.1087,0.0000,0.0000,3.7385,0.6532,539.8697
39,Forresty,Wood,0.2261,152.3388,154.4818,97.6662,0.0000,50.0000,89.1475,0.7446,539.8697
39,Forresty,Tools,3.7045,4.6644,9.2178,9.2178,0.0000,0.0000,4.2643,1.0000,539.8697
39,Craftovo,Food,1.2811,39.9887,31.0628,0.0000,38.6899,0.0000,22.0434,0.7787,519.6295
39,Craftovo,Wood,0.5027,87.9420,56.8805,4.0316,47.5000,0.0000,69.7961,0.5946,519.6295
39,Craftovo,Tools,2.8211,16.2204,15.3861,10.7457,0.0000,0.0000,12.1120,0.8642,519.6295
40,Capitalist,Food,1.0179,106.5959,93.8856,53.3613,65.8072,0.0000,49.8477,1.0000,2208.8534
40,Capitalist,Wood,0.3797,258.1731,167.0429,41.7607,47.5000,125.2822,40.1629,0.8182,2208.8534
40,Capitalist,Tools,3.6335,26.1932,18.2352,4.5588,17.7737,13.6764,10.4377,1.0000,2208.8534
40,Farmland,Food,0.6384,74.6104,73.8888,4.6181,0.0000,69.2708,11.1343,0.4709,1218.3176
40,Farmland,Wood,0.4260,56.4239,66.4465,66.4465,0.0000,0.0000,19.7171,0.9645,1218.3176
40,Farmland,Tools,4.4311,7.0142,6.4532,1.7395,12.9925,0.0000,10.5224,1.0000,1218.3176
40,Forresty,Food,1.1111,34.8049,24.2580,24.2580,0.0000,0.0000,3.8814,0.6218,557.9047
40,Forresty,Wood,0.2109,139.0761,149.1197,99.1197,0.0000,50.0000,86.7418,1.0000,557.9047
40,Forresty,Tools,4.0750,6.7675,5.4278,5.4278,0.0000,0.0000,2.0845,0.8287,557.9047
40,Craftovo,Food,1.1530,27.8366,45.6207,36.6100,0.0000,0.0000,9.2771,0.7717,514.9243
40,Craftovo,Wood,0.5529,108.4034,97.7315,2.1756,119.0181,0.0000,109.4145,1.0000,514.9243
40,Craftovo,Tools,2.5390,4.9869,20.9397,2.2306,0.0000,18.7091,5.2194,0.7434,514.9243
41,Capitalist,Food,0.9161,66.9857,99.5710,38.0139,47.5000,49.7855,23.5054,0.9881,2213.5143
41,Capitalist,Wood,0.4177,272.8780,158.0272,111.8136,118.6150,46.2136,81.4821,0.9756,2213.5143
41,Capitalist,Tools,3.3316,16.4417,17.9321,9.6425,10.7914,8.2895,11.5227,1.0000,2213.5143
41,Farmland,Food,0.6142,74.2487,77.1760,27.1760,0.0000,50.0000,11.0111,0.7906,1261.8307
41,Farmland,Wood,0.4686,63.3744,54.9113,54.9113,0.0000,0.0000,15.2220,0.7072,1261.8307
41,Farmland,Tools,3.9880,4.6729,9.8197,9.8197,0.0000,0.0000,5.2000,1.0000,1261.8307
41,Forresty,Food,1.2223,43.9414,29.4514,11.1453,47.2962,0.0000,15.8890,1.0000,499.7433
41,Forresty,Wood,0.2018,143.2574,149.7159,24.8579,0.0000,124.8579,53.7093,0.8308,499.7433
41,Forresty,Tools,4.4825,10.9395,5.8036,1.1192,7.8751,0.0000,8.0223,0.7239,499.7433
41,Craftovo,Food,1.0377,10.0763,34.0711,23.6524,0.0000,0.0000,8.8368,0.6223,524.9117
41,Craftovo,Wood,0.4976,57.6977,128.8692,28.6849,43.9029,0.0000,96.8354,0.8572,524.9117
41,Craftovo,Tools,2.2851,8.4365,15.1458,3.7864,0.0000,11.3593,4.7879,0.7394,524.9117
42,Capitalist,Food,0.8649,77.1104,81.6700,19.3513,59.8854,27.4345,38.3871,0.8236,2167.0838
42,Capitalist,Wood,0.4468,184.6734,172.6420,65.7215,120.8291,0.0000,154.2332,1.0000,2167.0838
42,Capitalist,Tools,3.6647,19.9882,16.4431,4.1108,14.1702,12.3323,11.5382,1.0000,2167.0838
42,Farmland,Food,0.6454,75.6982,72.0426,9.0053,0.0000,63.0373,11.5052,0.5330,1262.0819
42,Farmland,Wood,0.5154,88.7710,63.9744,63.9744,0.0000,0.0000,13.1826,0.7237,1262.0819
42,Farmland,Tools,4.3868,8.2255,5.8294,1.0193,11.7157,0.0000,11.0879,1.0000,1262.0819
42,Forresty,Food,1.1000,8.3314,36.5063,3.7260,26.0628,0.0000,19.5843,0.7267,504.5952
42,Forresty,Wood,0.1816,123.5316,139.4974,12.3089,0.0000,127.1885,52.5979,0.5153,504.5952
42,Forresty,Tools,4.0342,4.6321,10.2405,5.1863,0.0000,0.0000,7.8167,0.6339,504.5952
42,Craftovo,Food,0.9339,23.1684,32.4207,32.4207,0.0000,0.0000,3.7022,0.7384,566.2391
42,Craftovo,Wood,0.4479,70.4238,135.4592,94.2134,0.0000,0.0000,57.2090,0.8864,566.2391
42,Craftovo,Tools,2.1043,14.1791,15.3971,0.4812,0.0000,14.9160,5.3099,0.4395,566.2391
43,Capitalist,Food,0.7784,51.2745,95.1164,13.9223,34.6465,81.1941,9.9276,0.7830,2232.4865
43,Capitalist,Wood,0.4021,141.3600,239.0978,135.9283,74.3417,82.2573,102.2456,1.0000,2232.4865
43,Capitalist,Tools,3.2982,15.3679,17.4827,6.4930,10.2928,10.9898,9.3523,1.0000,2232.4865
43,Farmland,Food,0.6534,73.8478,72.9399,36.4700,0.0000,36.4700,10.8744,0.9223,1208.8475
43,Farmland,Wood,0.5670,84.8018,55.3272,48.4145,78.1444,0.0000,34.1163,1.0000,1208.8475
43,Farmland,Tools,3.9481,7.1142,10.3128,0.0000,10.4403,0.0000,14.8812,1.0000,1208.8475
43,Forresty,Food,0.9900,23.6298,44.6451,1.6087,39.9272,0.0000,26.5366,0.8184,488.9663
43,Forresty,Wood,0.1998,196.8595,140.5661,62.3116,0.0000,78.2544,70.1751,0.7297,488.9663
43,Forresty,Tools,3.6308,5.2855,9.9218,8.7144,0.0000,0.0000,5.1231,0.8376,488.9663
43,Craftovo,Food,1.0273,34.5693,25.4403,21.6766,37.2072,0.0000,11.6018,0.9546,569.6996
43,Craftovo,Wood,0.4031,56.3102,81.8887,54.0495,0.0000,0.0000,51.9790,0.5946,569.6996
43,Craftovo,Tools,2.3147,18.2914,14.4460,3.6115,0.0000,10.8345,5.7379,0.6613,569.6996
44,Capitalist,Food,0.8563,106.9774,77.5730,9.6966,28.3984,67.8764,11.4960,0.6057,2222.0629
44,Capitalist,Wood,0.3774,172.7368,184.0220,45.8680,116.5019,50.0000,142.0359,0.9520,2222.0629
44,Capitalist,Tools,3.6281,25.4235,17.0834,10.9816,14.4419,0.0000,21.0465,1.0000,2222.0629
44,Farmland,Food,0.6380,73.3924,75.1685,45.2754,0.0000,29.8931,12.3820,1.0000,1209.0471
44,Farmland,Wood,0.5103,47.2919,68.9322,68.9322,47.5000,0.0000,32.7531,1.0000,1209.0471
44,Farmland,Tools,3.5533,5.3006,14.0909,8.7586,0.0000,0.0000,8.9349,1.0000,1209.0471
44,Forresty,Food,0.8910,30.8251,47.3636,47.3636,0.0000,0.0000,5.3772,0.9271,522.8574
44,Forresty,Wood,0.2198,175.2868,145.2672,22.6336,0.0000,122.6336,53.0790,0.6538,522.8574
44,Forresty,Tools,3.2677,5.3609,6.8677,6.8677,0.0000,0.0000,3.7302,0.7826,522.8574
44,Craftovo,Food,1.1235,34.7627,31.7852,1.0232,64.4826,0.0000,28.8118,1.0000,546.0326
44,Craftovo,Wood,0.3990,75.8556,76.6375,55.1166,0.0000,0.0000,52.3263,0.5946,546.0326
44,Craftovo,Tools,2.3236,17.4402,17.3737,2.1717,0.0000,15.2019,5.2445,0.5593,546.0326
45,Capitalist,Food,0.9419,97.7382,72.6222,36.3111,62.3288,36.3111,17.7383,0.9650,2205.8083
45,Capitalist,Wood,0.3629,224.0471,232.9934,93.2149,47.5000,127.1342,92.0741,0.7853,2205.8083
45,Capitalist,Tools,3.2653,18.0734,21.3761,4.3695,13.7039,0.0000,28.5818,1.0000,2205.8083
45,Farmland,Food,0.6342,72.6122,73.0415,7.4322,0.0000,65.6093,11.0201,0.5343,1201.4791
45,Farmland,Wood,0.4873,53.3753,55.8955,0.0000,120.7775,0.0000,84.2449,1.0000,1201.4791
45,Farmland,Tools,3.1980,5.3769,9.5886,9.5886,0.0000,0.0000,4.8306,0.9062,1201.4791
45,Forresty,Food,0.9801,35.5658,23.5007,23.5007,0.0000,0.0000,4.7499,0.6227,540.0968
45,Forresty,Wood,0.2418,178.9632,160.6266,110.6266,0.0000,50.0000,68.6578,1.0000,540.0968
45,Forresty,Tools,3.5945,7.1357,5.2137,5.2137,0.0000,0.0000,2.4293,0.7525,540.0968
45,Craftovo,Food,1.0112,30.4978,43.2903,24.5326,34.4955,0.0000,21.1685,1.0000,552.6158
45,Craftovo,Wood,0.3591,65.3607,73.7412,73.7412,0.0000,0.0000,35.2906,0.7569,552.6158
45,Craftovo,Tools,2.5560,17.4069,15.4493,1.0241,0.0000,14.4252,5.2252,0.4780,552.6158
46,Capitalist,Food,0.8814,68.6758,73.3869,40.9567,60.3760,32.4302,19.3597,1.0000,2303.9460
46,Capitalist,Wood,0.3276,157.2166,174.1498,3.2396,16.6913,170.9102,37.7499,0.5677,2303.9460
46,Capitalist,Tools,2.9387,20.8574,30.9782,16.8486,0.0000,14.1296,12.6402,1.0000,2303.9460
46,Farmland,Food,0.6033,74.4943,78.3118,14.7582,0.0000,63.5537,11.0948,0.6146,1195.4533
46,Farmland,Wood,0.4385,51.8458,99.1734,0.4250,116.2009,0.0000,119.8419,1.0000,1195.4533
46,Farmland,Tools,3.0844,5.4611,5.6622,5.6622,0.0000,0.0000,3.1110,0.8065,1195.4533
46,Forresty,Food,1.0781,56.0405,29.6419,3.9558,30.8087,0.0000,20.8917,0.6507,463.9062
46,Forresty,Wood,0.2427,150.5891,149.9800,82.1395,0.0000,17.5698,117.5391,0.7943,463.9062
46,Forresty,Tools,3.9539,14.0021,6.0225,3.7530,13.4231,0.0000,9.9411,1.0000,463.9062
46,Craftovo,Food,0.9201,31.2449,34.3361,29.2817,0.0000,0.0000,11.0510,0.6755,536.6945
46,Craftovo,Wood,0.3950,65.8917,56.3851,16.8336,46.1638,0.0000,71.7474,0.6317,536.6945
46,Craftovo,Tools,2.7620,16.5968,15.3590,15.3590,0.0000,0.0000,10.6788,1.0000,536.6945
47,Capitalist,Food,0.9696,108.7743,75.2567,40.0215,71.7316,0.0000,44.6135,1.0000,2199.9817
47,Capitalist,Wood,0.3604,306.4726,160.7935,84.9266,136.4403,38.4966,126.3130,0.8882,2199.9817
47,Capitalist,Tools,3.2326,24.5865,14.6296,12.5034,10.9282,2.1262,17.0914,1.0000,2199.9817
47,Farmland,Food,0.5990,76.3792,76.9239,1.4170,0.0000,75.5070,11.7374,0.4255,1247.5297
47,Farmland,Wood,0.3947,76.1886,126.9600,122.0822,0.0000,0.0000,57.6397,1.0000,1247.5297
47,Farmland,Tools,3.3929,10.7386,5.4865,5.4865,0.0000,0.0000,2.5954,0.7030,1247.5297
47,Forresty,Food,0.9703,22.8706,42.8217,42.8217,0.0000,0.0000,3.7164,0.9259,494.3420
47,Forresty,Wood,0.2185,118.5344,191.4951,47.8738,0.0000,143.6214,65.6607,0.7931,494.3420
47,Forresty,Tools,3.5585,5.9698,8.4083,8.4083,2.0199,0.0000,6.9942,1.0000,494.3420
47,Craftovo,Food,1.0121,47.5166,28.6313,28.6313,0.0000,0.0000,4.5221,0.7420,558.1465
47,Craftovo,Wood,0.4345,140.8802,84.1589,84.1589,36.5718,0.0000,47.4464,1.0000,558.1465
47,Craftovo,Tools,2.4858,5.2625,15.3378,3.8345,0.0000,11.5034,5.5518,1.0000,558.1465
48,Capitalist,Food,0.8726,60.5028,100.8328,26.1403,61.4761,64.7872,24.0841,0.9652,2246.6013
48,Capitalist,Wood,0.3964,221.7560,198.9854,107.1497,101.5433,50.0000,136.0737,1.0000,2246.6013
48,Capitalist,Tools,2.9093,12.2681,17.6741,4.4185,0.0000,13.2556,4.9201,0.9400,2246.6013
48,Farmland,Food,0.5976,76.6511,76.8405,12.1288,0.0000,64.7116,11.8301,0.5773,1256.0546
48,Farmland,Wood,0.4341,103.7295,54.8830,54.8830,0.0000,0.0000,16.9259,0.9384,1256.0546
48,Farmland,Tools,3.7321,13.4866,6.3298,5.0864,12.5928,0.0000,9.6549,1.0000,1256.0546
48,Forresty,Food,1.0674,32.7611,24.1300,24.1300,13.6522,0.0000,4.1537,0.8096,512.3450
48,Forresty,Wood,0.2403,158.0166,142.5169,35.6292,0.0000,106.8877,48.8871,0.8102,512.3450
48,Forresty,Tools,3.2988,5.4564,5.8860,5.8860,0.0000,0.0000,2.7723,0.9991,512.3450
48,Craftovo,Food,1.1134,52.8287,25.3942,2.1179,47.8956,0.0000,20.1477,0.8476,484.9991
48,Craftovo,Wood,0.4779,102.6230,60.8242,9.1683,47.5000,0.0000,71.2795,0.7206,484.9991
48,Craftovo,Tools,2.6366,15.6679,14.7714,10.8458,0.0000,0.0000,12.1400,0.9301,484.9991
49,Capitalist,Food,0.7854,71.6847,82.6581,22.7858,1.9861,59.8724,9.7994,0.5858,2354.9139
49,Capitalist,Wood,0.3568,140.3949,189.7085,24.9634,47.5000,164.7451,33.6476,0.8556,2354.9139
49,Capitalist,Tools,3.2003,31.0205,16.3253,7.6804,13.5390,8.6448,8.6608,1.0000,2354.9139
49,Farmland,Food,0.6254,76.7457,73.3271,71.2365,0.0000,2.0907,26.5057,1.0000,1207.3140
49,Farmland,Wood,0.4776,104.2869,61.0727,61.0727,45.0558,0.0000,23.8190,0.9372,1207.3140
49,Farmland,Tools,4.1054,8.7551,6.7551,2.3697,8.2126,0.0000,11.3671,1.0000,1207.3140
49,Forresty,Food,1.1741,38.2335,27.3096,11.2574,35.2323,0.0000,14.4452,0.8469,487.9272
49,Forresty,Wood,0.2643,171.1471,155.4955,93.3530,0.0000,50.0000,89.4147,0.7297,487.9272
49,Forresty,Tools,3.6286,9.7188,5.9017,5.9017,0.0000,0.0000,2.4026,0.7296,487.9272
49,Craftovo,Food,1.0020,30.0224,40.7762,11.1103,21.6465,0.0000,18.7261,0.7820,449.8448
49,Craftovo,Wood,0.5131,108.2810,100.8677,3.1447,111.4521,0.0000,108.0957,1.0000,449.8448
49,Craftovo,Tools,2.3730,5.0008,19.0022,4.7505,0.0000,14.2516,7.5975,0.7700,449.8448
50,Capitalist,Food,0.8639,137.2247,69.3751,69.3751,32.5816,0.0000,18.4828,1.0000,2343.4958
50,Capitalist,Wood,0.3925,293.6823,160.5193,60.5193,119.7499,100.0000,49.4305,0.9617,2343.4958
50,Capitalist,Tools,3.5203,27.8892,17.2856,9.3031,10.5884,7.9825,9.6278,1.0000,2343.4958
50,Farmland,Food,0.5629,58.4691,68.5928,34.2964,0.0000,34.2964,15.5405,0.9781,1206.9943
50,Farmland,Wood,0.5253,71.7868,62.9175,62.9175,47.5000,0.0000,34.0693,0.9156,1206.9943
50,Farmland,Tools,3.6948,8.0163,9.4993,7.1480,0.0000,0.0000,5.9977,0.9900,1206.9943
50,Forresty,Food,1.0567,34.7902,39.0033,39.0033,0.0000,0.0000,3.0000,0.8617,495.4858
50,Forresty,Wood,0.2379,127.4900,168.0700,42.0175,0.0000,126.0525,55.6910,0.8130,495.4858
50,Forresty,Tools,3.9915,11.5700,6.0679,6.0679,7.5834,0.0000,4.9903,1.0000,495.4858
50,Craftovo,Food,0.9018,16.2527,40.8661,29.3098,0.0000,0.0000,10.5007,0.6726,454.0241
50,Craftovo,Wood,0.4618,70.5370,137.7986,29.6130,47.5000,0.0000,106.0632,0.8445,454.0241
50,Craftovo,Tools,2.1357,6.5167,14.8609,3.7152,0.0000,11.1457,5.3503,0.8613,454.0241
51,Capitalist,Food,0.9503,120.7144,75.9658,24.7073,71.6017,49.6538,19.7775,0.9814,2288.8503
51,Capitalist,Wood,0.4317,257.3378,169.4088,108.0620,65.9039,24.2854,106.2381,0.8025,2288.8503
51,Capitalist,Tools,3.8723,24.9195,16.5968,10.1839,14.7356,0.0000,20.1166,1.0000,2288.8503
51,Farmland,Food,0.6141,74.8073,68.5723,8.5715,0.0000,60.0008,12.6563,0.5874,1240.7773
51,Farmland,Wood,0.5199,58.3308,58.9373,58.9373,23.0711,0.0000,14.7537,0.9655,1240.7773
51,Farmland,Tools,3.3253,5.3481,7.1964,7.1964,0.0000,0.0000,2.9542,0.8629,1240.7773
51,Forresty,Food,1.1624,34.2774,27.1437,0.0779,47.1711,0.0000,19.6319,0.8699,466.5068
51,Forresty,Wood,0.2617,156.8609,138.0526,68.6801,0.0000,69.3725,73.6053,0.7297,466.5068
51,Forresty,Tools,4.1784,6.7576,6.4552,6.4552,0.0000,0.0000,2.4700,0.8813,466.5068
51,Craftovo,Food,0.8116,24.4549,30.7388,15.3694,0.0000,15.3694,4.6641,0.4993,503.8657
51,Craftovo,Wood,0.4156,70.9341,134.4487,123.0765,0.0000,0.0000,47.2964,1.0000,503.8657
51,Craftovo,Tools,1.9221,14.2185,16.0115,0.5004,0.0000,15.5111,5.6598,0.4572,503.8657
52,Capitalist,Food,1.0453,85.9984,75.0408,23.7739,68.2883,0.0000,44.8757,0.9371,2214.3326
52,Capitalist,Wood,0.4633,197.9097,184.4311,30.8832,149.0811,24.1776,165.6965,0.9886,2214.3326
52,Capitalist,Tools,3.4851,17.7375,21.9635,5.8720,12.1001,14.7204,14.1529,1.0000,2214.3326
52,Farmland,Food,0.6751,75.7078,68.8596,8.6075,0.0000,60.2522,11.5085,0.5274,1278.4632
52,Farmland,Wood,0.5719,76.7659,60.0423,60.0423,22.9688,0.0000,11.0655,0.8862,1278.4632
52,Farmland,Tools,3.6579,9.2252,5.1639,5.1639,0.0000,0.0000,2.3800,0.6973,1278.4632
52,Forresty,Food,1.0461,32.9233,44.5827,28.9640,0.0000,0.0000,14.3479,0.6154,444.6112
52,Forresty,Wood,0.2355,135.4554,159.0008,33.2390,0.0000,125.7618,49.0447,0.7669,444.6112
52,Forresty,Tools,4.5963,8.0109,6.1843,1.3659,13.9844,0.0000,10.6570,1.0000,444.6112
52,Craftovo,Food,0.8928,37.1036,23.2605,11.6302,0.0000,11.6302,5.4321,0.4351,562.5930
52,Craftovo,Wood,0.3808,57.1159,62.3313,31.1657,0.0000,31.1657,15.7659,0.6703,562.5930
52,Craftovo,Tools,2.1143,19.1388,14.5565,1.8196,0.0000,12.7369,6.2290,0.5343,562.5930
53,Capitalist,Food,0.9408,35.0796,102.0734,47.2556,35.3047,0.0000,44.2156,0.8927,2200.7018
53,Capitalist,Wood,0.4170,151.0348,268.6762,61.1500,103.6995,89.0942,150.5540,0.9274,2200.7018
53,Capitalist,Tools,3.1366,12.3577,16.3339,1.7484,15.1080,14.5856,11.6085,1.0000,2200.7018
53,Farmland,Food,0.6558,72.2026,74.3256,37.1628,0.0000,37.1628,17.4541,0.7297,1218.1668
53,Farmland,Wood,0.6291,90.8986,63.9130,42.8078,84.6395,0.0000,43.4084,1.0000,1218.1668
53,Farmland,Tools,4.0237,12.3179,6.0096,0.7939,12.1953,0.0000,9.0937,0.9788,1218.1668
53,Forresty,Food,0.9415,13.5522,34.5549,34.5549,0.0000,0.0000,4.3439,0.7909,471.1507
53,Forresty,Wood,0.2120,119.0429,148.7453,39.5879,0.0000,109.1574,46.7458,0.7315,471.1507
53,Forresty,Tools,4.1367,4.9602,10.6564,5.9852,1.6610,0.0000,7.3585,0.9973,471.1507
53,Craftovo,Food,0.9821,57.4083,29.2796,29.2796,0.0000,0.0000,4.7356,0.6853,609.9807
53,Craftovo,Wood,0.4189,128.4601,55.4817,55.4817,0.0000,0.0000,17.7473,0.6635,609.9807
53,Craftovo,Tools,2.2744,18.2481,16.9634,1.0602,0.0000,15.9031,5.7128,0.4805,609.9807
54,Capitalist,Food,0.8467,43.4577,106.4156,19.2727,27.0880,86.6704,11.5904,0.7053,2212.4809
54,Capitalist,Wood,0.3753,131.8161,238.4426,22.8176,103.4050,49.6134,196.6947,0.7270,2212.4809
54,Capitalist,Tools,3.4503,19.8349,16.1314,5.8773,14.1504,0.0000,21.9630,1.0000,2212.4809
54,Farmland,Food,0.5903,37.6883,75.8709,35.6688,0.0000,28.5136,25.0553,0.7701,1233.0393
54,Farmland,Wood,0.5662,12.8505,81.2060,52.2334,20.4120,0.0000,41.8697,0.7954,1233.0393
54,Farmland,Tools,3.6213,4.6732,10.1504,5.4094,0.0000,0.0000,8.1414,0.6468,1233.0393
54,Forresty,Food,1.0357,31.2254,25.4436,25.4436,13.0317,0.0000,4.5565,0.8200,489.3910
54,Forresty,Wood,0.2332,180.9808,145.1298,36.2825,0.0000,108.8474,50.2813,0.6714,489.3910
54,Forresty,Tools,3.7230,5.2681,9.4976,9.4399,0.0000,0.0000,4.0060,0.8902,489.3910
54,Craftovo,Food,1.0803,63.5817,28.4327,4.1647,69.3053,0.0000,27.1987,1.0000,565.0888
54,Craftovo,Wood,0.4608,143.2190,54.4646,54.4646,26.7206,0.0000,17.8031,0.8247,565.0888
54,Craftovo,Tools,2.3507,17.5940,17.0231,2.1279,0.0000,14.8952,5.3337,0.5562,565.0888
55,Capitalist,Food,0.7620,38.9129,79.0141,45.7482,15.3260,33.2660,11.2925,0.7924,2257.1107
55,Capitalist,Wood,0.3377,175.0977,281.3480,96.9276,47.5000,184.4204,82.3258,0.7945,2257.1107
55,Capitalist,Tools,3.1052,10.2609,25.4739,6.7073,15.0074,0.0000,30.9816,1.0000,2257.1107
55,Farmland,Food,0.5442,66.7686,72.4138,42.9929,0.0000,16.1326,28.2868,0.8631,1224.9325
55,Farmland,Wood,0.5096,43.2433,81.3176,52.6848,47.5000,0.0000,45.6175,0.9309,1224.9325
55,Farmland,Tools,3.2592,5.3629,9.9621,5.3629,0.0000,0.0000,8.6291,0.5946,1224.9325
55,Forresty,Food,1.1392,31.6027,28.4068,11.2574,31.6027,0.0000,16.7477,0.7542,469.4310
55,Forresty,Wood,0.2565,173.7468,156.2035,106.2035,0.0000,50.0000,68.2068,0.9477,469.4310
55,Forresty,Tools,3.3588,5.3426,5.9219,5.9219,0.0000,0.0000,2.0713,0.8429,469.4310
55,Craftovo,Food,0.9723,36.7402,41.7305,41.7305,0.0000,0.0000,6.7327,0.9242,548.5259
55,Craftovo,Wood,0.5069,89.8037,55.8436,2.2254,127.6994,0.0000,75.6252,1.0000,548.5259
55,Craftovo,Tools,2.4143,17.3062,16.8504,1.0532,0.0000,15.7973,5.1669,0.4800,548.5259
56,Capitalist,Food,0.8382,88.4211,76.3738,14.1551,64.0236,62.2187,12.7781,0.9174,2321.7235
56,Capitalist,Wood,0.3715,186.2939,143.3302,89.7484,95.9638,53.5818,83.5548,1.0000,2321.7235
56,Capitalist,Tools,2.7947,21.0087,31.5833,15.7916,0.0000,15.7916,12.5659,1.0000,2321.7235
56,Farmland,Food,0.4898,66.3605,80.2316,12.8383,0.0000,67.3933,13.1140,0.7237,1248.0718
56,Farmland,Wood,0.4586,43.1041,80.9859,73.1578,35.3036,0.0000,36.8298,0.9592,1248.0718
56,Farmland,Tools,2.9333,5.4425,9.4605,8.3203,0.0000,0.0000,6.3301,0.7985,1248.0718
56,Forresty,Food,1.1298,36.9291,37.2378,4.3654,27.2069,0.0000,22.1749,0.7061,415.9270
56,Forresty,Wood,0.2309,143.3991,159.3067,58.2922,0.0000,101.0145,67.9033,0.7297,415.9270
56,Forresty,Tools,3.6947,12.4373,5.6347,2.7666,15.0020,0.0000,11.1400,1.0000,415.9270
56,Craftovo,Food,1.0695,32.1387,25.6429,0.0000,31.9009,0.0000,21.9297,0.6283,514.2778
56,Craftovo,Wood,0.4562,53.0558,101.0221,32.4402,15.5991,0.0000,76.8967,0.6345,514.2778
56,Craftovo,Tools,2.6557,17.0768,15.0702,15.0702,0.0000,0.0000,10.7115,1.0000,514.2778
57,Capitalist,Food,0.9221,123.9154,80.0496,11.1699,54.4205,68.8797,11.0262,0.8216,2291.3802
57,Capitalist,Wood,0.4087,245.4854,172.7620,72.1456,116.1789,25.4494,140.6648,0.9670,2291.3802
57,Capitalist,Tools,3.0742,25.7729,15.0988,12.3938,13.3791,0.0000,21.3767,1.0000,2291.3802
57,Farmland,Food,0.5388,84.7672,65.4683,8.1835,0.0000,57.2847,14.5969,0.5214,1276.8139
57,Farmland,Wood,0.5027,62.1866,56.7262,56.7262,24.1769,0.0000,17.5906,0.9444,1276.8139
57,Farmland,Tools,2.6399,5.5265,6.3745,6.3745,0.0000,0.0000,4.2200,0.8061,1276.8139
57,Forresty,Food,1.0168,19.4049,42.8378,42.8378,0.0000,0.0000,3.9971,0.8909,450.3603
57,Forresty,Wood,0.2078,113.4196,144.5871,22.2935,0.0000,122.2935,47.5607,0.7372,450.3603
57,Forresty,Tools,3.3252,6.5124,8.8076,6.7750,0.0000,0.0000,6.3293,0.9911,450.3603
57,Craftovo,Food,1.1764,63.7449,38.8803,0.0000,65.4357,0.0000,32.4040,1.0000,481.4457
57,Craftovo,Wood,0.5018,138.5654,107.1074,107.1074,0.0000,0.0000,29.5352,0.9786,481.4457
57,Craftovo,Tools,2.3902,10.6046,17.1285,3.0452,0.0000,14.0833,4.8555,1.0000,481.4457
58,Capitalist,Food,0.9192,80.0596,80.3099,45.8575,62.9765,0.0000,37.9602,0.9867,2280.2425
58,Capitalist,Wood,0.3850,200.6971,213.0274,39.6592,47.5000,173.3682,50.0788,0.7443,2280.2425
58,Capitalist,Tools,2.8665,17.1271,18.3681,8.5226,9.8237,0.0000,25.5625,1.0000,2280.2425
58,Farmland,Food,0.5903,80.8223,73.7647,7.4736,0.0000,66.2911,13.2521,0.5113,1256.7734
58,Farmland,Wood,0.5451,68.0167,62.7339,4.6188,127.0235,0.0000,79.7971,1.0000,1256.7734
58,Farmland,Tools,2.9039,9.3141,5.1212,5.1212,0.0000,0.0000,3.7871,0.6778,1256.7734
58,Forresty,Food,0.9828,27.5168,28.4680,28.4680,0.0000,0.0000,3.9053,0.6838,468.6481
58,Forresty,Wood,0.2286,182.8776,137.7189,87.7189,0.0000,50.0000,68.7191,0.8700,468.6481
58,Forresty,Tools,2.9927,5.4270,6.8929,6.8929,0.0000,0.0000,3.0280,0.8826,468.6481
58,Craftovo,Food,1.0588,32.2280,46.2659,46.2659,0.0000,0.0000,5.0182,1.0000,494.3360
58,Craftovo,Wood,0.5054,64.2835,63.8262,27.5707,37.6763,0.0000,53.0972,0.7111,494.3360
58,Craftovo,Tools,2.5034,16.8806,16.1170,5.7762,0.0000,10.3408,5.0838,0.8347,494.3360
59,Capitalist,Food,0.8273,71.5358,93.6929,49.4420,61.5449,44.2509,26.5553,1.0000,2333.2306
59,Capitalist,Wood,0.4235,205.4540,155.8925,105.8925,111.6039,50.0000,79.8901,1.0000,2333.2306
59,Capitalist,Tools,2.5798,20.7855,25.2928,1.8057,0.0000,23.4871,5.6265,0.8508,2333.2306
59,Farmland,Food,0.5313,67.3073,77.5267,12.7426,0.0000,64.7841,12.0216,0.5860,1268.0784
59,Farmland,Wood,0.4906,40.7888,102.5090,79.5200,0.0000,0.0000,34.7578,0.9376,1268.0784
59,Farmland,Tools,3.1943,8.8104,5.5434,2.4201,12.0141,0.0000,9.5563,1.0000,1268.0784
59,Forresty,Food,1.0811,39.8448,26.7621,26.7621,0.0000,0.0000,4.0664,0.6506,474.4912
59,Forresty,Wood,0.2305,157.9836,156.6371,39.1593,0.0000,117.4778,46.8350,0.8070,474.4912
59,Forresty,Tools,3.2919,11.4503,5.7433,5.7433,10.2987,0.0000,8.1175,1.0000,474.4912
59,Craftovo,Food,1.1647,43.2800,24.4901,0.0000,42.0384,0.0000,20.0978,0.7748,424.1998
59,Craftovo,Wood,0.4787,78.8558,83.2445,2.7431,47.5000,0.0000,85.9650,0.5946,424.1998
59,Craftovo,Tools,2.7430,16.7701,15.3056,14.7562,0.0000,0.0000,10.7337,1.0000,424.1998
60,Capitalist,Food,0.8274,77.8882,77.8749,19.2654,61.1371,52.4697,27.4042,0.8624,2367.8504
60,Capitalist,Wood,0.3812,137.9643,164.5491,40.6479,47.5000,123.9012,46.8893,0.7459,2367.8504
60,Capitalist,Tools,2.8378,34.5417,15.4144,14.1791,7.6370,1.2353,9.9126,1.0000,2367.8504
60,Farmland,Food,0.4782,58.9442,68.6452,4.2903,0.0000,64.3549,13.4454,0.4662,1300.4865
60,Farmland,Wood,0.4415,24.6200,72.2370,72.2370,18.9693,0.0000,26.2272,0.8367,1300.4865
60,Farmland,Tools,2.8749,4.7690,8.9866,5.7443,0.0000,0.0000,8.2430,0.7203,1300.4865
60,Forresty,Food,1.1892,33.0964,27.9636,10.6620,30.5592,0.0000,13.6442,0.8103,452.0050
60,Forresty,Wood,0.2536,174.7382,148.4352,95.3118,0.0000,50.0000,85.9558,0.7297,452.0050
60,Forresty,Tools,3.6211,7.1727,6.1037,6.1037,1.1735,0.0000,4.4592,1.0000,452.0050
60,Craftovo,Food,1.0637,39.0365,42.7402,18.6563,19.2870,0.0000,18.1224,0.7803,379.6581
60,Craftovo,Wood,0.5266,134.8584,121.0954,0.0000,98.7368,0.0000,118.8403,0.9245,379.6581
60,Craftovo,Tools,2.4687,4.8538,17.4990,4.8538,0.0000,8.0389,11.8751,0.8378,379.6581
61,Capitalist,Food,0.9102,111.9552,79.7046,60.8220,61.7935,0.0000,44.3473,1.0000,2304.0030
61,Capitalist,Wood,0.4193,249.9800,163.8573,111.9424,116.7170,42.4333,94.6327,1.0000,2304.0030
61,Capitalist,Tools,3.1216,29.3032,17.9573,2.2447,20.5812,15.7127,13.2631,1.0000,2304.0030
61,Farmland,Food,0.5260,82.5897,69.3822,4.3364,0.0000,65.0458,14.9463,0.4669,1356.8682
61,Farmland,Wood,0.3974,48.3573,57.6622,57.6622,0.0000,0.0000,14.4430,0.7781,1356.8682
61,Farmland,Tools,2.5874,5.5430,8.0177,4.0089,0.0000,4.0089,2.8044,0.7664,1356.8682
61,Forresty,Food,1.0860,31.9193,34.9532,28.7929,0.0000,0.0000,7.5549,0.6539,432.4072
61,Forresty,Wood,0.2282,129.4450,159.1879,36.3280,0.0000,122.8600,63.0881,0.7297,432.4072
61,Forresty,Tools,3.9832,9.3478,5.6910,0.1350,14.9270,0.0000,12.6609,1.0000,432.4072
61,Craftovo,Food,0.9574,15.9017,41.1229,41.1229,0.0000,0.0000,9.4530,0.7297,406.7216
61,Craftovo,Wood,0.4740,70.5335,154.1377,41.7701,40.3117,0.0000,108.0622,0.8377,406.7216
61,Craftovo,Tools,2.2218,5.6738,20.1778,2.5222,0.0000,17.6556,4.9523,0.8325,406.7216
62,Capitalist,Food,0.8191,67.4393,82.3842,2.2006,57.5463,70.9422,24.2694,0.8050,2257.4787
62,Capitalist,Wood,0.3773,123.7543,167.3045,9.1877,109.8690,22.4065,173.4056,0.7685,2257.4787
62,Capitalist,Tools,3.4337,23.8259,17.8877,2.0214,15.7805,0.0000,25.2656,1.0000,2257.4787
62,Farmland,Food,0.5786,81.7996,71.3279,10.7529,0.0000,60.5750,13.5852,0.5578,1397.1839
62,Farmland,Wood,0.4371,117.7194,53.8800,53.8800,21.2861,0.0000,16.7714,0.8030,1397.1839
62,Farmland,Tools,2.8461,15.9274,5.3649,2.6825,0.0000,2.6825,3.1315,0.4604,1397.1839
62,Forresty,Food,0.9774,12.4247,30.3106,2.8127,34.7854,0.0000,19.7524,0.7528,428.2179
62,Forresty,Wood,0.2054,77.3532,136.3571,20.7055,0.0000,115.6516,46.9019,0.6995,428.2179
62,Forresty,Tools,3.5849,6.6730,10.8857,5.8636,0.0000,0.0000,8.4373,0.9067,428.2179
62,Craftovo,Food,0.9719,27.9819,27.5639,25.3826,32.6096,0.0000,12.5550,0.9715,417.1195
62,Craftovo,Wood,0.4266,65.3230,143.6811,62.4598,0.0000,0.0000,89.3929,0.6581,417.1195
62,Craftovo,Tools,2.3926,17.1419,15.9184,1.9898,0.0000,13.9286,5.4538,0.5484,417.1195
63,Capitalist,Food,0.7372,23.5910,82.1900,24.3872,24.7565,57.8028,12.9400,0.7414,2300.7382
63,Capitalist,Wood,0.3396,139.3250,258.5609,81.7309,47.5000,153.2209,100.3208,0.7299,2300.7382
63,Capitalist,Tools,3.0904,10.2653,31.7386,11.0112,12.2709,0.0000,32.7358,1.0000,2300.7382
63,Farmland,Food,0.6292,77.9928,71.7183,42.5953,0.0000,26.0595,23.6492,0.7305,1348.2530
63,Farmland,Wood,0.4808,153.1940,57.9630,10.1828,145.5599,0.0000,90.0767,1.0000,1348.2530
63,Farmland,Tools,3.1307,19.3027,5.7970,5.7970,0.0000,0.0000,2.8349,0.6811,1348.2530
63,Forresty,Food,0.8797,26.2809,42.3248,41.5135,0.0000,0.0000,7.7447,0.8038,444.3494
63,Forresty,Wood,0.2259,185.1182,139.3669,89.3669,0.0000,50.0000,84.4625,0.7297,444.3494
63,Forresty,Tools,3.2264,5.3703,9.6121,9.6121,0.0000,0.0000,3.9881,0.9612,444.3494
63,Craftovo,Food,1.0691,34.7031,27.0324,5.8489,54.9126,0.0000,22.9826,1.0000,406.6594
63,Craftovo,Wood,0.3839,65.6974,116.9844,54.5365,0.0000,0.0000,80.2569,0.5946,406.6594
63,Craftovo,Tools,2.3831,17.1542,17.2224,4.3056,0.0000,12.9168,5.0788,0.7105,406.6594
64,Capitalist,Food,0.8109,85.0583,72.0482,29.8499,33.5318,42.1983,12.3399,0.8242,2353.5892
64,Capitalist,Wood,0.3736,223.6488,183.9278,116.9967,118.3732,66.9311,120.9358,1.0000,2353.5892
64,Capitalist,Tools,2.7813,16.9678,32.5845,9.4156,7.4116,23.1689,13.5260,1.0000,2353.5892
64,Farmland,Food,0.5663,59.8081,70.5933,35.2967,0.0000,35.2967,17.7657,0.8588,1300.9211
64,Farmland,Wood,0.5289,104.5066,90.4977,29.5568,63.5845,0.0000,80.6691,1.0000,1300.9211
64,Farmland,Tools,3.4438,17.1936,6.3922,4.4362,13.9682,0.0000,11.1053,1.0000,1300.9211
64,Forresty,Food,0.9676,35.2480,24.3055,24.3055,0.0000,0.0000,4.8418,0.6606,452.4365
64,Forresty,Wood,0.2034,143.8005,166.1378,41.5345,0.0000,124.6034,51.3303,0.8940,452.4365
64,Forresty,Tools,3.5491,7.3273,5.1401,5.1401,8.0423,0.0000,6.4606,1.0000,452.4365
64,Craftovo,Food,0.9622,29.2065,37.2609,11.9426,40.0884,0.0000,20.6845,0.9966,393.0532
64,Craftovo,Wood,0.3455,82.3574,103.4651,55.6300,0.0000,0.0000,74.5089,0.5946,393.0532
64,Craftovo,Tools,2.4748,16.2037,15.6035,7.8017,0.0000,7.8017,5.0985,0.9583,393.0532
65,Capitalist,Food,0.8920,131.6257,79.6300,63.4913,61.4499,0.0000,37.5612,1.0000,2281.3076
65,Capitalist,Wood,0.4109,207.0369,166.5675,56.7026,150.3344,40.7594,171.9105,1.0000,2281.3076
65,Capitalist,Tools,3.0595,24.9205,15.5096,3.9907,14.6504,11.5189,13.8372,1.0000,2281.3076
65,Farmland,Food,0.5097,63.4087,73.9246,9.2406,0.0000,64.6841,12.5747,0.6295,1320.2604
65,Farmland,Wood,0.4760,38.7027,106.7934,57.7073,38.7214,0.0000,65.7773,0.9395,1320.2604
65,Farmland,Tools,3.0994,5.0220,7.4409,7.4409,0.0000,0.0000,5.7111,1.0000,1320.2604
65,Forresty,Food,1.0644,36.3889,29.3614,29.3614,0.0000,0.0000,5.2065,0.6571,449.4329
65,Forresty,Wood,0.2237,182.0748,153.9245,38.4811,0.0000,115.4434,52.2366,0.7063,449.4329
65,Forresty,Tools,3.4888,6.2324,6.3401,2.3477,10.9429,0.0000,11.5331,1.0000,449.4329
65,Craftovo,Food,0.9284,35.7485,37.0491,37.0491,0.0000,0.0000,4.2116,0.8595,448.9992
65,Craftovo,Wood,0.3801,112.6640,89.0349,46.2316,0.0000,42.8033,20.0573,0.7473,448.9992
65,Craftovo,Tools,2.2273,13.4320,16.4496,1.0281,0.0000,15.4215,4.9123,0.4783,448.9992
66,Capitalist,Food,0.8028,48.5198,81.5142,14.5028,33.8660,67.0113,12.1213,0.7934,2263.6330
66,Capitalist,Wood,0.3698,139.8849,229.4241,4.1932,126.2812,50.0000,205.0985,0.9333,2263.6330
66,Capitalist,Tools,3.3654,18.9346,16.1484,4.3015,13.1690,0.0000,22.1180,0.9977,2263.6330
66,Farmland,Food,0.5606,83.0998,71.2969,35.6484,0.0000,35.6484,14.3154,0.9026,1321.7543
66,Farmland,Wood,0.4284,58.9721,88.2591,66.1096,47.5000,0.0000,51.3190,0.9982,1321.7543
66,Farmland,Tools,3.4094,6.0309,5.4570,5.4570,0.0000,0.0000,3.6363,0.8120,1321.7543
66,Forresty,Food,0.9579,23.2927,28.6264,28.6264,0.0000,0.0000,3.5349,0.6907,484.9443
66,Forresty,Wood,0.2164,160.4390,165.8553,32.9276,0.0000,132.9276,47.8091,0.6388,484.9443
66,Forresty,Tools,3.1399,6.5898,8.7187,8.7187,0.0000,0.0000,5.9532,1.0000,484.9443
66,Craftovo,Food,1.0212,62.2256,24.7515,11.9038,63.6607,0.0000,22.9238,1.0000,429.6684
66,Craftovo,Wood,0.4181,144.1950,59.6514,59.6514,0.0000,0.0000,17.7928,0.6930,429.6684
66,Craftovo,Tools,2.4500,17.7792,15.8423,1.9803,0.0000,13.8621,5.4410,0.5457,429.6684
67,Capitalist,Food,0.7226,33.4511,78.4543,19.6136,41.8107,58.8407,11.0279,0.8121,2349.4666
67,Capitalist,Wood,0.3329,160.5436,280.4857,164.2365,47.5000,116.2492,95.3249,1.0000,2349.4666
67,Capitalist,Tools,3.0289,10.2838,26.7501,12.2086,8.1658,14.5415,12.8867,1.0000,2349.4666
67,Farmland,Food,0.6139,76.1164,69.5138,25.5026,0.0000,44.0113,12.7101,0.7709,1303.3539
67,Farmland,Wood,0.3884,64.2571,70.8752,70.8752,0.0000,0.0000,18.5932,0.8944,1303.3539
67,Farmland,Tools,3.7503,8.2593,6.3487,1.4554,13.8144,0.0000,11.5925,1.0000,1303.3539
67,Forresty,Food,1.0537,41.7230,27.0924,27.0924,18.6329,0.0000,7.5884,0.8235,481.1205
67,Forresty,Wood,0.2380,180.3619,150.2478,100.2478,0.0000,50.0000,73.8138,0.8845,481.1205
67,Forresty,Tools,3.4539,9.1627,5.7349,5.7349,0.0000,0.0000,2.5436,0.9393,481.1205
67,Craftovo,Food,1.1234,39.8714,32.8158,2.6686,37.2658,0.0000,22.9581,0.8914,366.0591
67,Craftovo,Wood,0.4599,103.0248,60.0492,0.0000,110.4368,0.0000,79.4311,0.8757,366.0591
67,Craftovo,Tools,2.4159,16.9518,17.1911,8.5956,0.0000,8.5956,8.3775,0.7297,366.0591
68,Capitalist,Food,0.7948,135.5187,69.7797,8.7225,68.5981,61.0572,15.1917,0.8771,2292.0377
68,Capitalist,Wood,0.3661,245.6008,149.1128,70.1682,107.4702,0.0000,155.6887,0.9522,2292.0377
68,Capitalist,Tools,3.3318,23.6847,16.0717,9.7553,13.9293,0.0000,22.8503,1.0000,2292.0377
68,Farmland,Food,0.5525,55.2453,75.2412,3.0327,0.0000,72.2085,11.5120,0.4484,1352.4636
68,Farmland,Wood,0.3496,33.0014,54.0694,54.0694,0.0000,0.0000,17.2921,0.6782,1352.4636
68,Farmland,Tools,3.3753,4.7013,10.1060,10.1060,0.0000,0.0000,6.2434,1.0000,1352.4636
68,Forresty,Food,1.1591,40.1553,30.4259,8.4747,49.7180,0.0000,19.6042,1.0000,457.7114
68,Forresty,Wood,0.2178,147.4820,161.1429,48.0164,0.0000,113.1265,65.0900,0.7297,457.7114
68,Forresty,Tools,3.7993,12.4877,6.3969,6.3969,0.0000,0.0000,2.4013,0.7130,457.7114
68,Craftovo,Food,1.0110,22.8129,43.4668,34.2045,8.2863,0.0000,13.2369,0.7767,397.7873
68,Craftovo,Wood,0.4139,74.9371,107.0674,82.7010,0.0000,0.0000,48.1401,0.8354,397.7873
68,Craftovo,Tools,2.1743,5.1056,15.6399,0.9775,0.0000,14.6624,5.0306,0.7167,397.7873
69,Capitalist,Food,0.7262,66.2590,72.5220,4.6631,31.5146,67.8589,11.1795,0.6107,2357.4279
69,Capitalist,Wood,0.3295,198.1043,227.2529,133.3751,102.0081,38.5311,164.7111,1.0000,2357.4279
69,Capitalist,Tools,2.9986,12.6197,22.2437,1.4723,10.8955,20.7714,10.7054,1.0000,2357.4279
69,Farmland,Food,0.6077,79.8139,66.3466,33.1733,0.0000,33.1733,12.9083,0.8756,1339.8607
69,Farmland,Wood,0.3845,98.8307,56.4129,56.4129,0.0000,0.0000,19.7746,0.6701,1339.8607
69,Farmland,Tools,3.7128,8.1770,5.6569,2.2905,11.2431,0.0000,11.5129,1.0000,1339.8607
69,Forresty,Food,1.0432,28.8045,37.5703,20.4108,31.0096,0.0000,14.7697,0.9796,422.1575
69,Forresty,Wood,0.2396,159.7018,143.1692,35.7923,0.0000,107.3769,56.5807,0.7297,422.1575
69,Forresty,Tools,4.1792,8.3806,5.7345,2.0523,8.4897,0.0000,7.5687,0.8244,422.1575
69,Craftovo,Food,1.1121,33.6474,30.0229,17.6385,33.4563,0.0000,14.7182,0.9395,380.5539
69,Craftovo,Wood,0.3725,59.9788,70.7756,39.2189,36.6045,0.0000,58.5520,0.7433,380.5539
69,Craftovo,Tools,2.3918,17.9945,15.2919,3.8230,0.0000,11.4689,5.5658,0.6763,380.5539
70,Capitalist,Food,0.7988,137.0193,67.4657,8.4332,47.5000,59.0325,13.1616,0.7382,2298.0830
70,Capitalist,Wood,0.3625,219.7303,193.9928,64.2102,131.6164,0.0000,219.4857,1.0000,2298.0830
70,Capitalist,Tools,3.2984,26.0829,15.0346,11.8314,14.2514,0.0000,20.3999,1.0000,2298.0830
70,Farmland,Food,0.6685,76.0996,68.4568,18.4568,0.0000,50.0000,11.6420,0.6670,1377.8029
70,Farmland,Wood,0.4230,98.2351,57.5905,57.5905,0.0000,0.0000,17.5233,0.6784,1377.8029
70,Farmland,Tools,3.3415,7.2359,8.9838,8.9838,0.0000,0.0000,6.3279,1.0000,1377.8029
70,Forresty,Food,0.9389,12.9041,36.8346,13.5955,32.0462,0.0000,17.6309,0.8961,427.1848
70,Forresty,Wood,0.2157,121.7155,163.0352,24.4916,0.0000,138.5436,44.7402,0.6326,427.1848
70,Forresty,Tools,3.7613,4.6585,9.5509,6.0628,0.0000,0.0000,6.8652,0.6941,427.1848
70,Craftovo,Food,1.0009,25.0241,35.1186,32.5086,24.0346,0.0000,10.0838,0.9809,396.9293
70,Craftovo,Wood,0.3714,80.5006,80.7475,68.6937,0.0000,0.0000,49.2155,0.6849,396.9293
70,Craftovo,Tools,2.2650,15.1535,16.0016,1.0001,0.0000,15.0015,5.0804,0.4763,396.9293
71,Capitalist,Food,0.8739,79.0119,72.2242,14.7880,34.8728,57.4362,11.1041,0.7023,2370.6024
71,Capitalist,Wood,0.3262,211.6747,264.4330,135.3350,47.5000,129.0979,103.1430,1.0000,2370.6024
71,Capitalist,Tools,2.9686,13.3630,18.7378,5.4460,10.7184,13.2918,14.1051,1.0000,2370.6024
71,Farmland,Food,0.6796,72.5581,71.3709,34.6627,0.0000,36.7082,10.4347,0.8967,1311.7572
71,Farmland,Wood,0.4653,127.8707,62.7063,35.6804,122.6430,0.0000,77.1633,1.0000,1311.7572
71,Farmland,Tools,3.6757,13.3078,5.4310,0.9379,12.6272,0.0000,12.5746,1.0000,1311.7572
71,Forresty,Food,0.8450,29.1212,37.9984,37.9984,0.0000,0.0000,6.4902,0.7823,442.6806
71,Forresty,Wood,0.2372,180.6620,157.5722,107.5722,0.0000,50.0000,84.2820,0.8389,442.6806
71,Forresty,Tools,3.3852,5.3352,8.2246,8.2246,0.0000,0.0000,2.7302,0.9466,442.6806
71,Craftovo,Food,1.1010,31.4619,26.9453,0.0000,54.5644,0.0000,21.7197,1.0000,374.9598
71,Craftovo,Wood,0.3610,59.2825,60.9886,53.1827,0.0000,0.0000,46.1876,0.5946,374.9598
71,Craftovo,Tools,2.4915,17.6307,15.0433,3.7608,0.0000,11.2825,5.3549,0.6719,374.9598
72,Capitalist,Food,0.9612,129.4264,74.2514,70.5712,62.1250,0.0000,34.1108,1.0000,2327.7489
72,Capitalist,Wood,0.3589,241.8043,162.9839,79.9726,105.4828,83.0114,99.4716,1.0000,2327.7489
72,Capitalist,Tools,3.2655,22.9011,16.7118,3.7233,15.5662,12.9885,14.8042,1.0000,2327.7489
72,Farmland,Food,0.6117,56.2394,74.7369,9.3421,0.0000,65.3948,10.2315,0.5378,1339.9841
72,Farmland,Wood,0.4187,41.9591,79.6555,54.7979,38.6250,0.0000,55.9530,1.0000,1339.9841
72,Farmland,Tools,3.3081,5.8535,9.5861,9.5861,0.0000,0.0000,6.9312,1.0000,1339.9841
72,Forresty,Food,0.9295,45.7972,22.7574,22.7574,0.0000,0.0000,5.1337,0.6227,429.1890
72,Forresty,Wood,0.2203,137.4535,148.0460,37.0115,0.0000,111.0345,50.1313,0.8676,429.1890
72,Forresty,Tools,3.7237,10.3513,5.1325,4.6740,12.3391,0.0000,9.0109,1.0000,429.1890
72,Craftovo,Food,0.9909,26.5126,39.5121,39.5121,0.0000,0.0000,3.3445,0.8905,403.0780
72,Craftovo,Wood,0.3971,80.1276,56.8789,56.8789,40.2358,0.0000,37.7192,0.9376,403.0780
72,Craftovo,Tools,2.2424,15.2014,17.4778,1.0924,0.0000,16.3854,4.8794,0.4828,403.0780
73,Capitalist,Food,0.8651,67.5749,87.5027,0.9309,43.6431,70.3738,19.0665,0.7957,2282.2403
73,Capitalist,Wood,0.3947,183.5528,157.8594,28.4020,120.8525,4.0599,182.1118,0.8569,2282.2403
73,Capitalist,Tools,3.5920,21.3142,16.1638,5.8307,14.5224,0.0000,24.0127,1.0000,2282.2403
73,Farmland,Food,0.6728,75.8547,68.1361,22.1960,0.0000,45.9401,11.5585,0.7200,1376.1378
73,Farmland,Wood,0.4530,83.0783,76.7987,76.7987,3.8569,0.0000,19.3387,0.9765,1376.1378
73,Farmland,Tools,3.6389,7.8812,5.7621,5.7621,0.0000,0.0000,2.6412,1.0000,1376.1378
73,Forresty,Food,1.0224,35.6159,29.5153,29.5153,0.0000,0.0000,4.4511,0.6886,466.6465
73,Forresty,Wood,0.2423,173.8190,154.4263,27.2131,0.0000,127.2131,48.5127,0.6333,466.6465
73,Forresty,Tools,3.3513,5.2163,6.2883,6.2883,0.0000,0.0000,4.0102,1.0000,466.6465
73,Craftovo,Food,1.0900,35.4096,24.8560,0.0000,66.8552,0.0000,24.1390,1.0000,374.9753
73,Craftovo,Wood,0.4368,63.7133,55.5322,53.9093,0.0000,0.0000,38.1517,0.5946,374.9753
73,Craftovo,Tools,2.4368,17.7195,16.3058,1.0191,0.0000,15.2867,5.4064,0.4776,374.9753
74,Capitalist,Food,0.7786,39.0738,83.4325,9.4768,33.9439,73.9557,9.9243,0.6682,2375.5119
74,Capitalist,Wood,0.3553,161.1005,251.7577,133.7668,34.6595,117.9910,65.9264,1.0000,2375.5119
74,Capitalist,Tools,3.2328,10.2244,25.6331,7.5137,11.3924,14.2696,17.5764,1.0000,2375.5119
74,Farmland,Food,0.7031,72.3246,69.2145,33.4840,0.0000,35.7304,14.2803,0.7687,1300.5836
74,Farmland,Wood,0.4983,116.5450,56.4600,37.1574,112.0914,0.0000,65.8885,1.0000,1300.5836
74,Farmland,Tools,4.0028,13.5758,5.9535,1.4532,13.5561,0.0000,10.1719,1.0000,1300.5836
74,Forresty,Food,1.1247,44.3738,27.0917,8.6454,43.2491,0.0000,17.5838,0.8765,434.2355
74,Forresty,Wood,0.2665,170.4491,154.5702,105.7160,0.0000,36.4836,88.9431,0.8200,434.2355
74,Forresty,Tools,3.6865,10.8183,5.5776,5.5776,0.0000,0.0000,2.3581,0.8030,434.2355
74,Craftovo,Food,0.9810,27.2086,41.8024,34.3782,27.0088,0.0000,15.8944,1.0000,389.6689
74,Craftovo,Wood,0.4327,54.7844,55.3021,49.1597,0.0000,0.0000,36.8941,0.5950,389.6689
74,Craftovo,Tools,2.5905,16.9980,15.9894,3.9973,0.0000,11.9920,4.9882,0.6887,389.6689
75,Capitalist,Food,0.8565,134.9405,67.6459,16.9115,47.5000,50.7344,11.4926,0.8148,2366.1825
75,Capitalist,Wood,0.3908,262.2374,167.5859,121.6317,122.3702,45.9542,114.2633,1.0000,2366.1825
75,Capitalist,Tools,3.5561,20.8872,18.8590,9.3567,11.5305,7.0631,18.3085,1.0000,2366.1825
75,Farmland,Food,0.6328,43.7213,80.1082,30.1082,0.0000,50.0000,12.0090,0.8257,1341.2656
75,Farmland,Wood,0.4484,20.8019,74.5388,72.8620,0.0000,0.0000,33.4344,0.8611,1341.2656
75,Farmland,Tools,3.6025,4.6753,9.8552,9.8552,0.0000,0.0000,5.0882,1.0000,1341.2656
75,Forresty,Food,1.2119,38.1449,35.3990,6.1089,48.1977,0.0000,21.5165,1.0000,387.2443
75,Forresty,Wood,0.2399,127.1101,171.7476,42.9369,0.0000,128.8107,64.6376,0.7297,387.2443
75,Forresty,Tools,4.0551,12.2782,5.6909,5.4293,6.7099,0.0000,4.8370,0.9206,387.2443
75,Craftovo,Food,1.0791,32.2097,28.2321,28.2321,0.0000,0.0000,4.0791,0.7952,405.3075
75,Craftovo,Wood,0.4760,75.8918,57.6181,57.1681,43.6565,0.0000,33.0736,0.9409,405.3075
75,Craftovo,Tools,2.4629,15.3865,16.1832,4.0458,0.0000,12.1374,4.6915,0.6921,405.3075
76,Capitalist,Food,0.9421,119.4273,73.8726,36.9363,61.5654,36.9363,15.4648,1.0000,2391.3693
76,Capitalist,Wood,0.4299,205.1287,165.1818,86.8070,118.3217,50.0000,134.4820,1.0000,2391.3693
76,Capitalist,Tools,3.2005,18.1053,20.3509,5.6657,0.0000,14.6852,4.3891,0.9776,2391.3693
76,Farmland,Food,0.6185,72.3898,74.0636,9.2580,0.0000,64.8057,11.1239,0.5677,1341.1902
76,Farmland,Wood,0.4933,72.5162,53.2877,53.2877,0.0000,0.0000,14.1091,0.7915,1341.1902
76,Farmland,Tools,3.9628,6.6770,5.2569,0.0000,13.9510,0.0000,12.4580,1.0000,1341.1902
76,Forresty,Food,1.0907,22.4293,44.8690,44.8690,0.0000,0.0000,2.9844,0.9509,425.2775
76,Forresty,Wood,0.2363,146.8724,149.0984,24.5492,0.0000,124.5492,44.6976,0.7526,425.2775
76,Forresty,Tools,3.6496,4.6702,6.2201,6.2201,0.0000,0.0000,3.4862,0.7529,425.2775
76,Craftovo,Food,1.1870,40.3853,27.0237,2.2890,35.0895,0.0000,19.1687,0.7049,342.1630
76,Craftovo,Wood,0.5236,69.4135,61.7564,2.3590,47.5000,0.0000,72.8323,0.6044,342.1630
76,Craftovo,Tools,2.6795,16.9074,15.5409,8.8900,0.0000,0.0000,13.8635,0.7624,342.1630
77,Capitalist,Food,1.0363,95.1612,78.4817,22.4790,67.6772,0.0000,48.0444,0.8822,2330.1950
77,Capitalist,Wood,0.3869,166.0745,197.4257,40.9789,47.5000,156.4468,50.3825,0.8603,2330.1950
77,Capitalist,Tools,3.5205,31.0121,14.7879,11.2383,19.7739,0.0000,19.4420,1.0000,2330.1950
77,Farmland,Food,0.5694,69.9604,75.9885,4.7493,0.0000,71.2392,11.4161,0.4727,1342.6289
77,Farmland,Wood,0.4952,62.7461,62.4982,18.3436,109.6945,0.0000,65.8439,0.9830,1342.6289
77,Farmland,Tools,3.5665,6.6413,10.7874,7.6813,0.0000,0.0000,7.2799,1.0000,1342.6289
77,Forresty,Food,1.1241,28.7819,27.9273,27.9273,0.0000,0.0000,3.3761,0.6700,443.6543
77,Forresty,Wood,0.2599,172.6011,142.8931,92.8931,0.0000,50.0000,64.7272,0.8807,443.6543
77,Forresty,Tools,4.0122,6.3224,5.7510,5.7510,0.0000,0.0000,2.1244,0.7938,443.6543
77,Craftovo,Food,1.0683,24.3291,39.2517,39.2517,0.0000,0.0000,6.6042,0.7675,383.5218
77,Craftovo,Wood,0.4712,53.4682,105.4683,86.1409,38.9300,0.0000,53.5712,1.0000,383.5218
77,Craftovo,Tools,2.4115,0.8155,21.8891,1.0745,0.0000,20.8146,4.5314,0.7136,383.5218
78,Capitalist,Food,0.9327,90.9241,113.8308,14.4444,47.5000,99.3863,7.4215,0.8853,2358.5390
78,Capitalist,Wood,0.4256,241.3396,163.8629,109.7506,122.0672,0.0000,132.8959,1.0000,2358.5390
78,Capitalist,Tools,3.1685,18.1213,21.2725,6.6172,11.5041,9.8582,18.7421,1.0000,2358.5390
78,Farmland,Food,0.6263,78.6197,65.1401,15.1401,0.0000,50.0000,12.5012,0.6200,1386.9317
78,Farmland,Wood,0.4457,62.6044,90.3271,90.3271,0.0000,0.0000,18.1633,0.9986,1386.9317
78,Farmland,Tools,3.2099,5.3741,8.4230,8.4230,0.0000,0.0000,3.5405,0.9478,1386.9317
78,Forresty,Food,1.2365,41.2647,29.1378,1.3952,53.2504,0.0000,18.6353,1.0000,376.9737
78,Forresty,Wood,0.2339,145.2004,161.4883,32.9965,0.0000,128.4918,46.2027,0.7297,376.9737
78,Forresty,Tools,4.4134,11.1758,5.9745,1.7489,9.3653,0.0000,7.7194,0.8702,376.9737
78,Craftovo,Food,1.1751,33.2752,24.9005,19.2239,41.1666,0.0000,12.6840,1.0000,377.5556
78,Craftovo,Wood,0.4241,59.0546,70.4707,53.5552,0.0000,0.0000,41.4304,0.7012,377.5556
78,Craftovo,Tools,2.6527,17.0866,14.2804,2.1709,0.0000,12.1096,5.0396,0.5592,377.5556
79,Capitalist,Food,1.0260,86.4647,73.2416,36.6208,49.2664,36.6208,10.8846,0.9532,2333.5944
79,Capitalist,Wood,0.3830,156.0667,199.5346,46.7794,140.6780,32.7135,172.7000,1.0000,2333.5944
79,Capitalist,Tools,3.3715,20.9475,19.6860,6.5424,12.7103,13.1436,15.1747,1.0000,2333.5944
79,Farmland,Food,0.6790,74.9610,69.1459,17.2865,0.0000,51.8594,11.2539,0.6504,1414.7262
79,Farmland,Wood,0.4903,80.4231,52.0544,52.0544,31.0779,0.0000,14.2394,0.9028,1414.7262
79,Farmland,Tools,3.5308,8.4736,5.9545,5.9545,0.0000,0.0000,2.4802,0.7882,1414.7262
79,Forresty,Food,1.1129,10.4555,43.8962,11.1491,0.0000,0.0000,19.4829,0.4360,368.8423
79,Forresty,Wood,0.2105,122.6656,158.9671,10.8850,0.0000,148.0821,45.8036,0.5176,368.8423
79,Forresty,Tools,3.9721,4.6379,9.4466,0.5769,12.4864,0.0000,13.4416,1.0000,368.8423
79,Craftovo,Food,1.1419,30.5383,31.4276,26.0402,34.7897,0.0000,13.4382,1.0000,382.8370
79,Craftovo,Wood,0.4061,68.1749,71.1845,55.5201,0.0000,0.0000,45.4506,0.6011,382.8370
79,Craftovo,Tools,2.6012,16.2914,16.6141,3.2349,0.0000,13.3792,4.5788,0.6346,382.8370
80,Capitalist,Food,0.9234,44.1057,75.5670,33.8819,55.0278,41.6851,11.7175,0.9595,2377.7980
80,Capitalist,Wood,0.3447,178.1759,238.7429,102.8945,47.5000,135.8485,80.6953,0.8670,2377.7980
80,Capitalist,Tools,3.0344,13.8731,18.0429,11.8154,7.8992,6.2275,15.1461,1.0000,2377.7980
80,Farmland,Food,0.6330,71.9947,77.2320,19.3080,0.0000,57.9240,10.2427,0.6791,1368.6703
80,Farmland,Wood,0.5393,103.3529,56.2134,17.9955,129.0560,0.0000,73.9723,1.0000,1368.6703
80,Farmland,Tools,3.8839,12.9786,6.4916,6.4916,5.9162,0.0000,4.2265,0.9817,1368.6703
80,Forresty,Food,1.0016,6.6533,41.2311,16.3407,0.0000,0.0000,16.3416,0.4908,385.2160
80,Forresty,Wood,0.1895,110.6236,140.5419,90.5419,0.0000,50.0000,84.1860,0.7297,385.2160
80,Forresty,Tools,3.5749,5.2963,13.1442,10.0952,0.0000,0.0000,7.9462,1.0000,385.2160
80,Craftovo,Food,1.2192,31.8696,29.8488,8.0817,39.6008,0.0000,15.9870,1.0000,368.3156
80,Craftovo,Wood,0.4468,74.1432,64.8383,53.4253,0.0000,0.0000,44.3719,0.5946,368.3156
80,Craftovo,Tools,2.5734,16.4520,16.6299,8.3149,0.0000,8.3149,4.6718,0.9946,368.3156
81,Capitalist,Food,1.0157,80.9509,71.2282,28.0300,75.8909,0.0000,40.7795,1.0000,2315.1310
81,Capitalist,Wood,0.3792,227.4843,151.2273,47.7197,131.1362,50.0000,132.6539,0.9172,2315.1310
81,Capitalist,Tools,3.3378,20.2274,14.8263,3.7066,7.3472,11.1197,8.6636,1.0000,2315.1310
81,Farmland,Food,0.6899,74.5674,68.4191,8.5524,0.0000,59.8667,11.1197,0.5266,1379.9116
81,Farmland,Wood,0.4854,51.7667,84.8609,84.8609,0.0000,0.0000,21.5624,1.0000,1379.9116
81,Farmland,Tools,3.9925,5.9071,5.7465,2.0316,10.5637,0.0000,8.7813,1.0000,1379.9116
81,Forresty,Food,0.9014,31.6843,40.0370,20.0185,0.0000,20.0185,3.9384,0.5632,437.6891
81,Forresty,Wood,0.2069,159.1611,145.7554,7.7173,0.0000,138.0381,55.6598,0.6981,437.6891
81,Forresty,Tools,3.2174,5.3724,8.1979,8.1979,0.0000,0.0000,3.3650,0.9971,437.6891
81,Craftovo,Food,1.0973,33.4181,38.0867,37.5622,0.0000,0.0000,3.4749,0.8161,367.2684
81,Craftovo,Wood,0.4914,80.4907,64.0346,35.8596,47.5000,0.0000,52.3485,0.8386,367.2684
81,Craftovo,Tools,2.3160,11.2425,15.4677,7.7339,0.0000,7.7339,4.7232,0.9534,367.2684
82,Capitalist,Food,0.9141,37.7820,96.6705,13.1682,54.2011,36.9871,35.0084,0.8547,2312.3167
82,Capitalist,Wood,0.3413,141.3538,197.5061,61.7450,47.5000,129.7664,86.5905,0.6990,2312.3167
82,Capitalist,Tools,3.5458,17.7782,16.7351,10.8725,14.6331,0.0000,19.3595,1.0000,2312.3167
82,Farmland,Food,0.6209,61.5031,76.0717,19.0179,0.0000,57.0538,10.0492,0.6750,1409.4695
82,Farmland,Wood,0.4369,41.5246,55.4827,55.4827,29.4330,0.0000,15.3361,0.9243,1409.4695
82,Farmland,Tools,3.5932,4.8914,9.2324,9.2324,0.0000,0.0000,4.0973,1.0000,1409.4695
82,Forresty,Food,0.9916,41.4322,24.1068,24.1068,0.0000,0.0000,4.6671,0.6120,453.8991
82,Forresty,Wood,0.2276,184.4494,152.5677,102.5677,0.0000,50.0000,65.4191,1.0000,453.8991
82,Forresty,Tools,3.5391,8.9432,5.2367,5.2367,0.0000,0.0000,2.4735,0.7253,453.8991
82,Craftovo,Food,1.1521,29.5779,28.1707,1.5164,35.1377,0.0000,17.3324,0.7785,324.3147
82,Craftovo,Wood,0.4954,84.7006,84.0241,0.0000,93.8451,0.0000,89.8542,0.9177,324.3147
82,Craftovo,Tools,2.0844,13.6039,16.4301,1.0269,0.0000,15.4032,5.2418,0.4782,324.3147
83,Capitalist,Food,0.8227,56.7894,95.1254,8.8407,35.4456,86.2847,9.1364,0.6872,2387.2457
83,Capitalist,Wood,0.3754,236.2991,148.9598,128.6042,107.7303,20.3556,121.2009,1.0000,2387.2457
83,Capitalist,Tools,3.1913,10.4924,22.0423,1.3776,10.4924,20.6647,10.1309,0.8898,2387.2457
83,Farmland,Food,0.6264,75.2908,74.6223,37.3112,0.0000,37.3112,11.3663,0.9343,1407.8563
83,Farmland,Wood,0.4805,76.7640,55.6245,55.6245,0.0000,0.0000,14.6721,0.6849,1407.8563
83,Farmland,Tools,3.9525,7.0176,5.0666,5.0666,9.1613,0.0000,7.3842,1.0000,1407.8563
83,Forresty,Food,1.0907,55.0589,25.1179,5.8548,56.7745,0.0000,19.2107,1.0000,385.7167
83,Forresty,Wood,0.2436,161.8643,151.2004,37.8001,0.0000,113.4003,47.0283,0.7725,385.7167
83,Forresty,Tools,3.8931,14.0147,6.3276,3.9902,10.4701,0.0000,7.7324,1.0000,385.7167
83,Craftovo,Food,1.0369,6.2151,41.8441,0.2637,25.1960,0.0000,24.4235,0.6234,319.1813
83,Craftovo,Wood,0.4459,21.6368,124.8157,1.7795,19.3378,0.0000,106.7192,0.5009,319.1813
83,Craftovo,Tools,1.8760,3.7905,15.8448,2.0937,0.0000,11.0447,8.8606,0.4894,319.1813
84,Capitalist,Food,0.9050,120.6745,80.1903,23.3457,55.0515,0.0000,42.2829,0.8751,2282.8885
84,Capitalist,Wood,0.4129,205.8376,170.7038,29.7971,116.3970,30.6837,165.8381,0.9546,2282.8885
84,Capitalist,Tools,3.5104,25.3307,14.9573,6.7694,17.3032,0.0000,22.3697,1.0000,2282.8885
84,Farmland,Food,0.6077,74.9558,77.2653,19.3163,0.0000,57.9490,11.2521,0.6792,1435.2705
84,Farmland,Wood,0.5286,73.4480,63.3633,63.3633,29.1495,0.0000,12.6583,0.9259,1435.2705
84,Farmland,Tools,3.7133,5.7718,6.1437,6.1437,0.0000,0.0000,2.8189,1.0000,1435.2705
84,Forresty,Food,0.9817,26.1768,38.7448,38.7448,0.0000,0.0000,3.3761,0.8984,424.7674
84,Forresty,Wood,0.2680,169.9738,145.0464,22.5232,0.0000,122.5232,44.0154,0.5650,424.7674
84,Forresty,Tools,3.5037,4.6862,8.3612,8.3612,0.0000,0.0000,3.7520,0.9636,424.7674
84,Craftovo,Food,0.9332,8.4790,48.8732,41.8540,0.0000,0.0000,12.2388,0.7297,357.0736
84,Craftovo,Wood,0.4013,17.8251,145.4584,66.1292,0.0000,0.0000,90.8098,0.5946,357.0736
84,Craftovo,Tools,1.6884,0.9894,18.5030,0.2891,0.0000,18.2139,6.3852,0.4789,357.0736
85,Capitalist,Food,0.8145,40.0673,108.4325,27.3344,41.8387,81.0980,12.9450,0.8198,2369.1737
85,Capitalist,Wood,0.3716,164.8401,240.7816,143.0344,47.5000,85.6387,87.4865,1.0000,2369.1737
85,Capitalist,Tools,3.1593,10.2451,25.0908,6.7213,12.4740,13.4050,18.9365,1.0000,2369.1737
85,Farmland,Food,0.6363,76.1018,72.6874,28.6466,0.0000,44.0408,13.0066,0.7728,1374.3230
85,Farmland,Wood,0.5815,83.1981,56.7649,39.7692,81.3568,0.0000,37.1039,1.0000,1374.3230
85,Farmland,Tools,4.0846,9.9567,5.1925,0.0000,12.7348,0.0000,9.3319,1.0000,1374.3230
85,Forresty,Food,1.0798,35.1120,24.1590,12.9594,34.8892,0.0000,14.5636,0.8099,404.7459
85,Forresty,Wood,0.2799,162.0636,155.1884,105.1884,0.0000,50.0000,55.9374,1.0000,404.7459
85,Forresty,Tools,3.8541,6.6209,5.9753,5.9753,0.0000,0.0000,2.2350,0.8211,404.7459
85,Craftovo,Food,1.0211,33.2796,30.4141,12.8089,42.1540,0.0000,17.4767,1.0000,351.7575
85,Craftovo,Wood,0.3611,50.0554,113.4536,55.1637,0.0000,0.0000,80.1278,0.5946,351.7575
85,Craftovo,Tools,1.8572,20.3999,15.0063,1.8758,0.0000,13.1306,6.9718,0.5398,351.7575
86,Capitalist,Food,0.8959,97.0204,75.9524,37.9762,53.8288,37.9762,14.6912,1.0000,2361.2740
86,Capitalist,Wood,0.4088,178.4261,161.7846,66.3106,131.5811,31.1127,136.6937,1.0000,2361.2740
86,Capitalist,Tools,3.1420,20.9562,21.0720,7.3519,11.0609,13.7200,14.5082,1.0000,2361.2740
86,Farmland,Food,0.5726,41.0903,75.5491,18.8873,0.0000,56.6618,11.0541,0.6924,1399.3107
86,Farmland,Wood,0.5233,9.9186,75.7687,54.2439,29.5571,0.0000,40.1934,0.8176,1399.3107
86,Farmland,Tools,3.6761,4.6674,10.5810,5.8609,0.0000,0.0000,8.0395,0.7037,1399.3107
86,Forresty,Food,1.1878,41.5120,33.8712,3.4312,36.0774,0.0000,22.7906,0.7825,342.7610
86,Forresty,Wood,0.2519,142.6218,167.0953,72.7661,0.0000,92.3874,70.2047,0.7455,342.7610
86,Forresty,Tools,4.2395,11.6480,6.0605,3.5535,13.0340,0.0000,9.4573,1.0000,342.7610
86,Craftovo,Food,0.9190,25.5941,38.0775,38.0775,0.0000,0.0000,3.8391,0.8694,396.6544
86,Craftovo,Wood,0.3250,49.7079,94.2721,48.1531,0.0000,46.1190,24.0061,0.7049,396.6544
86,Craftovo,Tools,1.9843,16.5859,15.5240,3.8810,0.0000,11.6430,6.4211,0.6804,396.6544
87,Capitalist,Food,0.8063,66.1591,75.8956,6.2631,41.5325,68.9950,12.5664,0.6687,2328.7711
87,Capitalist,Wood,0.3679,163.9643,223.5502,24.7798,109.6330,6.2816,218.5755,0.8206,2328.7711
87,Capitalist,Tools,3.4562,19.5352,16.6305,4.4622,15.0686,1.1867,24.1444,1.0000,2328.7711
87,Farmland,Food,0.5952,78.3981,75.4267,31.7083,0.0000,43.7184,12.4256,0.8548,1430.4890
87,Farmland,Wood,0.4710,49.9338,73.8001,73.8001,5.9675,0.0000,17.0272,0.8853,1430.4890
87,Farmland,Tools,3.3085,5.3518,9.4196,9.4196,0.0000,0.0000,3.7564,0.9558,1430.4890
87,Forresty,Food,1.0690,19.6913,44.6290,0.0000,45.8787,0.0000,25.7193,0.9630,322.6653
87,Forresty,Wood,0.2267,120.4356,153.8709,38.4677,0.0000,115.4032,60.0248,0.7297,322.6653
87,Forresty,Tools,3.8156,5.4229,7.9103,5.8112,1.1273,0.0000,5.6058,0.9670,322.6653
87,Craftovo,Food,1.0109,46.1096,27.7081,27.7081,19.6666,0.0000,4.5308,0.9422,418.0745
87,Craftovo,Wood,0.3575,110.2718,49.1556,49.1556,0.0000,0.0000,21.5671,0.6542,418.0745
87,Craftovo,Tools,2.1827,18.8367,16.9191,1.0574,0.0000,15.8617,6.0539,0.4803,418.0745
88,Capitalist,Food,0.7257,34.3179,74.4068,9.3009,34.9064,65.1060,10.9623,0.6768,2412.9894
88,Capitalist,Wood,0.3311,163.4409,299.4803,185.3734,47.5000,114.1069,111.6483,1.0000,2412.9894
88,Capitalist,Tools,3.1106,10.2593,25.6411,8.2199,11.8963,13.2564,18.5388,1.0000,2412.9894
88,Farmland,Food,0.6372,76.8981,71.8263,35.0827,0.0000,36.7436,15.1630,0.8106,1376.4024
88,Farmland,Wood,0.5181,74.4776,60.1973,44.1721,73.7028,0.0000,40.8429,1.0000,1376.4024
88,Farmland,Tools,3.6394,7.5188,5.2337,0.0000,12.5936,0.0000,10.1980,1.0000,1376.4024
88,Forresty,Food,0.9621,25.3902,49.4158,40.1378,0.0000,0.0000,10.8359,0.7710,338.3939
88,Forresty,Wood,0.2394,158.7652,150.3236,78.6699,0.0000,50.0000,101.2079,0.7297,338.3939
88,Forresty,Tools,3.4340,5.3249,7.4524,7.4524,0.0000,0.0000,3.0083,0.8626,338.3939
88,Craftovo,Food,1.1120,46.3642,28.6450,6.3448,61.8507,0.0000,23.3824,1.0000,372.2143
88,Craftovo,Wood,0.3933,116.6263,55.1975,50.7224,34.6988,0.0000,45.6675,0.6576,372.2143
88,Craftovo,Tools,2.3479,17.9601,16.6966,4.1741,0.0000,12.5224,5.5458,0.7012,372.2143
89,Capitalist,Food,0.7983,118.3497,68.2901,9.3486,37.2597,58.9415,12.5867,0.6734,2390.3704
89,Capitalist,Wood,0.3642,204.5237,149.1696,62.8834,115.8142,50.0000,127.7823,1.0000,2390.3704
89,Capitalist,Tools,3.4216,21.0034,18.3416,7.7465,13.2569,0.0000,25.9733,1.0000,2390.3704
89,Farmland,Food,0.5735,39.7283,78.4414,37.8375,0.0000,39.2207,20.5546,0.7375,1380.6832
89,Farmland,Wood,0.4663,10.9821,68.0527,42.5566,47.5000,0.0000,49.1878,0.8412,1380.6832
89,Farmland,Tools,3.2754,4.7135,10.3832,6.9005,0.0000,0.0000,7.6506,0.7837,1380.6832
89,Forresty,Food,1.0583,36.3807,33.0172,29.9776,29.3508,0.0000,10.9993,1.0000,340.8453
89,Forresty,Wood,0.2155,133.6977,162.5462,40.6366,0.0000,121.9097,69.2536,0.7297,340.8453
89,Forresty,Tools,3.7774,8.5120,5.3719,5.3719,0.0000,0.0000,2.6579,0.6913,340.8453
89,Craftovo,Food,1.0008,27.0860,39.8175,27.7429,26.6436,0.0000,14.9190,1.0000,388.1011
89,Craftovo,Wood,0.4326,74.8135,56.8622,56.8622,0.0000,0.0000,30.9308,0.7052,388.1011
89,Craftovo,Tools,2.3620,16.0446,15.9482,1.9935,0.0000,13.9547,5.1730,0.5467,388.1011
90,Capitalist,Food,0.8781,109.9418,71.9961,43.3597,54.8145,28.6364,16.3443,1.0000,2429.8921
90,Capitalist,Wood,0.3540,182.1937,187.4486,88.5120,117.4489,75.2716,122.0011,1.0000,2429.8921
90,Capitalist,Tools,3.0795,18.1674,25.6511,10.8891,0.0000,14.7620,8.9955,1.0000,2429.8921
90,Farmland,Food,0.6045,69.5110,65.9423,8.2428,0.0000,57.6995,12.4055,0.6474,1412.2969
90,Farmland,Wood,0.4196,57.4176,76.7437,76.7437,24.0081,0.0000,25.8212,1.0000,1412.2969
90,Farmland,Tools,2.9479,5.4387,8.1678,8.1678,0.0000,0.0000,4.0667,0.8933,1412.2969
90,Forresty,Food,0.9578,26.9773,29.8100,27.9035,0.0000,0.0000,8.0747,0.6398,317.3598
90,Forresty,Wood,0.2222,156.2584,151.5260,27.8955,0.0000,123.6304,54.4762,0.7297,317.3598
90,Forresty,Tools,4.1552,8.0328,6.4504,1.4919,14.0239,0.0000,10.9953,1.0000,317.3598
90,Craftovo,Food,1.1009,33.3013,30.0394,2.9729,27.2046,0.0000,18.9828,0.7351,340.4512
90,Craftovo,Wood,0.4759,69.8087,61.5244,9.3727,47.5000,0.0000,71.8581,0.6032,340.4512
90,Craftovo,Tools,2.5983,17.2647,14.9975,11.1337,0.0000,0.0000,12.5413,0.8514,340.4512
91,Capitalist,Food,0.9659,110.2254,84.4299,57.6644,57.1427,0.0000,39.2543,1.0000,2351.5582
91,Capitalist,Wood,0.3894,212.5074,172.2244,31.1403,134.5152,65.8167,146.0048,0.9579,2351.5582
91,Capitalist,Tools,3.3874,27.2207,15.5983,7.7992,17.1094,7.7992,15.1955,1.0000,2351.5582
91,Farmland,Food,0.6650,76.3015,68.7431,8.5929,0.0000,60.1502,11.7109,0.5272,1449.3760
91,Farmland,Wood,0.4616,79.5550,59.1049,59.1049,23.0103,0.0000,15.5508,0.9411,1449.3760
91,Farmland,Tools,3.2427,8.3702,5.1731,5.1731,0.0000,0.0000,2.7291,0.7534,1449.3760
91,Forresty,Food,0.8620,11.2687,24.8772,24.8772,0.0000,0.0000,4.9847,0.6522,325.3054
91,Forresty,Wood,0.2000,120.0170,146.6767,5.0817,0.0000,141.5950,48.1085,0.4766,325.3054
91,Forresty,Tools,3.7397,4.6607,10.3256,2.0015,7.4092,0.0000,12.1444,1.0000,325.3054
91,Craftovo,Food,0.9908,30.6294,42.3214,42.3214,0.0000,0.0000,8.6639,0.7399,373.7603
91,Craftovo,Wood,0.4283,71.5533,95.8493,86.8669,39.5156,0.0000,50.5537,1.0000,373.7603
91,Craftovo,Tools,2.3384,1.3023,19.2106,1.2007,0.0000,18.0099,4.6861,0.7813,373.7603
92,Capitalist,Food,0.8693,43.3921,90.1849,50.0671,37.7010,39.7766,19.4212,0.9559,2386.1067
92,Capitalist,Wood,0.3505,176.1107,217.7060,60.3425,47.5000,157.3635,66.7349,0.7616,2386.1067
92,Capitalist,Tools,3.0487,11.6550,17.1831,9.0481,11.1009,1.4895,21.0149,1.0000,2386.1067
92,Farmland,Food,0.6095,72.7507,79.3705,39.6822,0.0000,39.6853,18.9022,0.7297,1399.5135
92,Farmland,Wood,0.5078,110.9921,57.5077,0.0000,149.4953,0.0000,91.5228,1.0000,1399.5135
92,Farmland,Tools,3.5669,14.2489,6.3179,6.3179,1.4151,0.0000,2.4512,0.8182,1399.5135
92,Forresty,Food,0.7758,14.0541,22.9220,22.9220,0.0000,0.0000,5.6006,0.5883,341.9537
92,Forresty,Wood,0.1859,141.0632,151.7531,101.7531,0.0000,50.0000,90.5725,0.7718,341.9537
92,Forresty,Tools,3.3657,5.3394,12.4728,11.3800,0.0000,0.0000,6.6974,1.0000,341.9537
92,Craftovo,Food,1.0899,34.7098,24.8678,23.3291,37.7878,0.0000,12.2714,1.0000,372.4262
92,Craftovo,Wood,0.4628,61.0513,56.4977,54.4957,0.0000,0.0000,34.7278,0.7046,372.4262
92,Craftovo,Tools,2.4870,17.3427,16.3070,4.6218,0.0000,11.6852,5.1932,0.7336,372.4262
93,Capitalist,Food,0.7824,59.6689,69.4734,34.7367,40.7575,34.7367,12.6580,0.9448,2433.6433
93,Capitalist,Wood,0.3855,213.9146,167.4484,101.0163,144.3889,50.0000,128.4341,1.0000,2433.6433
93,Capitalist,Tools,2.7438,15.6404,20.4308,3.1181,0.0000,17.3127,5.2591,0.8524,2433.6433
93,Farmland,Food,0.5687,67.5882,72.4405,29.5378,0.0000,42.9027,11.6042,0.9431,1373.8509
93,Farmland,Wood,0.4570,76.8783,105.6033,83.6068,0.0000,0.0000,39.6860,1.0000,1373.8509
93,Farmland,Tools,3.9236,11.5507,5.7569,0.0000,16.4471,0.0000,12.3065,1.0000,1373.8509
93,Forresty,Food,0.8534,36.1268,21.8783,21.8783,0.0000,0.0000,5.7739,0.5891,378.9179
93,Forresty,Wood,0.1882,157.0430,155.1177,3.1294,0.0000,151.9883,56.6002,0.6936,378.9179
93,Forresty,Tools,3.0291,5.4178,6.1966,6.1966,0.0000,0.0000,2.9169,0.9246,378.9179
93,Craftovo,Food,1.1988,36.7294,27.6441,1.9565,32.9999,0.0000,20.2048,0.7591,313.5879
93,Craftovo,Wood,0.5091,73.9821,64.5415,3.1958,47.5000,0.0000,75.5803,0.6056,313.5879
93,Craftovo,Tools,2.5192,16.8255,16.6102,4.4243,0.0000,0.0000,15.8981,0.6646,313.5879
94,Capitalist,Food,0.8606,89.1634,73.1352,24.2136,55.9033,36.5676,23.2957,0.8713,2372.2742
94,Capitalist,Wood,0.3470,130.6325,174.0354,23.0798,123.7590,34.2606,167.8471,0.9506,2372.2742
94,Capitalist,Tools,3.0182,33.4936,14.6657,6.4901,22.7758,7.3328,16.5739,1.0000,2372.2742
94,Farmland,Food,0.5118,42.9103,67.2521,8.4065,0.0000,58.8456,12.5179,0.5246,1372.5204
94,Farmland,Wood,0.4113,8.9753,73.4952,25.2883,32.5476,0.0000,52.6049,0.7368,1372.5204
94,Farmland,Tools,3.5313,4.6831,10.9686,1.7737,6.9662,0.0000,12.8680,1.0000,1372.5204
94,Forresty,Food,0.9387,46.5730,26.6667,26.6667,0.0000,0.0000,5.0616,0.6482,412.0191
94,Forresty,Wood,0.2070,193.3875,160.5452,30.2726,0.0000,130.2726,55.9884,0.6199,412.0191
94,Forresty,Tools,3.3320,10.9972,5.4929,5.4929,0.0000,0.0000,2.6485,0.7000,412.0191
94,Craftovo,Food,1.0790,13.5465,42.2080,6.4532,34.7392,0.0000,25.3843,0.7766,343.1863
94,Craftovo,Wood,0.4582,29.8950,101.7884,79.1656,0.0000,0.0000,30.7489,0.9239,343.1863
94,Craftovo,Tools,2.2673,0.8680,25.5728,1.5983,0.0000,23.9745,4.8706,0.5611,343.1863
95,Capitalist,Food,0.7746,36.7754,81.7667,20.4417,57.3527,61.3250,19.9802,0.8079,2404.7675
95,Capitalist,Wood,0.3123,179.3786,237.2636,76.1445,92.9256,42.7061,180.5976,0.8803,2404.7675
95,Capitalist,Tools,2.7164,10.3876,17.3211,4.3303,6.9292,12.9908,10.2154,0.9173,2404.7675
95,Farmland,Food,0.4606,57.4688,64.3960,4.0248,0.0000,60.3713,13.9686,0.4625,1396.3207
95,Farmland,Wood,0.3702,24.3801,85.5143,83.7609,0.0000,0.0000,21.7429,0.8414,1396.3207
95,Farmland,Tools,3.1781,5.3815,13.7806,3.7475,4.1137,0.0000,13.3981,0.8269,1396.3207
95,Forresty,Food,1.0326,54.7560,25.1780,11.6216,58.2588,0.0000,20.3589,1.0000,350.2397
95,Forresty,Wood,0.2277,184.3878,153.5333,55.7169,0.0000,97.8165,51.3862,0.8003,350.2397
95,Forresty,Tools,3.6652,13.9455,5.9507,4.4334,8.2275,0.0000,6.5133,0.9299,350.2397
95,Craftovo,Food,0.9711,33.9556,42.3278,35.2977,0.0000,0.0000,11.0972,0.7203,348.6722
95,Craftovo,Wood,0.4124,16.8803,76.4216,58.5529,40.5708,0.0000,43.4385,0.8342,348.6722
95,Craftovo,Tools,2.0406,9.5670,14.5879,7.2939,0.0000,7.2939,5.4574,0.9165,348.6722
96,Capitalist,Food,0.6971,55.5003,68.9521,4.3095,50.2800,64.6426,15.0437,0.7609,2441.8125
96,Capitalist,Wood,0.2811,163.2183,229.7820,143.6338,30.5073,79.1358,109.1291,0.8900,2441.8125
96,Capitalist,Tools,2.9880,21.2175,16.3226,11.3641,10.8041,4.9585,14.0494,1.0000,2441.8125
96,Farmland,Food,0.4724,73.5335,71.7059,18.7796,0.0000,52.9263,15.4978,0.6716,1415.3097
96,Farmland,Wood,0.3331,41.5125,51.3039,51.3039,31.2803,0.0000,20.7069,0.8652,1415.3097
96,Farmland,Tools,2.8603,5.4622,13.4848,10.6123,0.0000,0.0000,7.9608,0.9595,1415.3097
96,Forresty,Food,0.9293,26.5861,34.5978,22.9606,12.2821,0.0000,14.0349,0.7731,334.9852
96,Forresty,Wood,0.2505,175.8069,154.6163,122.5033,0.0000,32.1129,75.9513,1.0000,334.9852
96,Forresty,Tools,3.2987,4.7106,7.6168,7.6168,4.7106,0.0000,6.2600,1.0000,334.9852
96,Craftovo,Food,1.0682,44.0298,27.9611,3.2488,49.1284,0.0000,20.7560,0.9508,307.8925
96,Craftovo,Wood,0.3711,58.9816,71.1781,13.9233,43.8986,0.0000,62.1691,0.7651,307.8925
96,Craftovo,Tools,1.8365,12.8009,15.1636,3.7909,0.0000,11.3727,6.4761,0.6338,307.8925
97,Capitalist,Food,0.7668,116.7819,75.4546,9.7773,58.0515,65.6773,16.1565,0.8231,2402.0429
97,Capitalist,Wood,0.3092,249.1360,149.5198,101.6209,47.5000,0.0000,152.5295,0.7796,2402.0429
97,Capitalist,Tools,3.2868,24.0031,17.1796,4.9645,19.0386,0.0000,28.1292,1.0000,2402.0429
97,Farmland,Food,0.5196,86.3168,69.8364,8.7296,0.0000,61.1069,15.1252,0.5291,1470.1581
97,Farmland,Wood,0.3665,78.1031,47.7019,47.7019,0.0000,0.0000,20.9522,0.6246,1470.1581
97,Farmland,Tools,2.5743,5.5472,7.5266,1.8816,0.0000,5.6449,2.8198,0.6169,1470.1581
97,Forresty,Food,1.0223,35.0724,30.8584,11.0278,34.5282,0.0000,19.7106,0.8280,314.3738
97,Forresty,Wood,0.2255,138.6722,159.5000,86.3456,0.0000,50.0000,94.4318,0.8989,314.3738
97,Forresty,Tools,3.6286,7.1198,5.6420,5.6420,0.0000,0.0000,3.0805,0.9074,314.3738
97,Craftovo,Food,0.9613,11.6395,39.3025,9.3305,27.8652,0.0000,20.8955,0.7898,313.4253
97,Craftovo,Wood,0.3340,28.0915,96.1612,36.1872,0.0000,0.0000,66.9983,0.5154,313.4253
97,Craftovo,Tools,1.6529,1.6325,15.3554,0.9597,0.0000,14.3957,6.4845,0.5141,313.4253
98,Capitalist,Food,0.6901,57.4799,80.4072,13.1990,7.7495,67.2082,11.7264,0.4927,2495.7337
98,Capitalist,Wood,0.2782,165.1979,197.7311,57.0229,47.5000,140.7082,56.0503,0.9252,2495.7337
98,Capitalist,Tools,2.9581,15.1239,26.7605,6.1459,12.0875,9.7358,25.1717,1.0000,2495.7337
98,Farmland,Food,0.5716,82.2999,69.5159,61.3585,0.0000,8.1574,23.4602,1.0000,1426.0033
98,Farmland,Wood,0.4031,139.4803,55.2751,36.4202,133.6728,0.0000,83.1316,1.0000,1426.0033
98,Farmland,Tools,2.8317,18.1146,4.9367,4.9367,0.0000,0.0000,3.1477,0.6201,1426.0033
98,Forresty,Food,0.9397,33.5643,36.5143,11.0978,26.2307,0.0000,20.8558,0.7519,266.0255
98,Forresty,Wood,0.2086,142.4410,153.9836,62.1262,0.0000,50.0000,116.8051,0.7297,266.0255
98,Forresty,Tools,3.9914,9.4819,5.7124,3.2463,9.2490,0.0000,6.8041,0.9897,266.0255
98,Craftovo,Food,0.8652,17.6048,39.7899,3.2866,37.6171,0.0000,23.3126,0.8601,312.2375
98,Craftovo,Wood,0.3006,14.2768,95.5275,18.9872,0.0000,0.0000,82.4707,0.3914,312.2375
98,Craftovo,Tools,1.4876,8.3652,14.5414,1.8177,0.0000,12.7237,7.0983,0.5342,312.2375
99,Capitalist,Food,0.7592,138.2559,77.2106,77.2106,33.8095,0.0000,25.0458,1.0000,2463.8269
99,Capitalist,Wood,0.3061,322.1925,150.7598,100.7598,169.9972,50.0000,130.5205,1.0000,2463.8269
99,Capitalist,Tools,2.6623,21.1584,24.3263,8.9363,12.2221,12.1293,20.7152,1.0000,2463.8269
99,Farmland,Food,0.5451,67.8856,71.1778,35.5889,0.0000,35.5889,15.8984,0.9496,1430.1009
99,Farmland,Wood,0.4434,94.6824,69.8410,48.4784,47.5000,0.0000,64.9859,1.0000,1430.1009
99,Farmland,Tools,3.1149,15.0036,6.0642,6.0642,0.0000,0.0000,2.8503,0.7000,1430.1009
99,Forresty,Food,0.8457,18.5926,40.1635,20.9954,0.0000,0.0000,14.8343,0.6047,256.6708
99,Forresty,Wood,0.1877,124.3719,174.7011,39.7528,0.0000,134.9483,75.0037,0.7297,256.6708
99,Forresty,Tools,3.5923,4.6764,8.2671,2.0772,11.5229,0.0000,12.1406,1.0000,256.6708
99,Craftovo,Food,0.7787,12.5779,43.4670,43.4670,0.0000,0.0000,5.5948,0.8804,349.4013
99,Craftovo,Wood,0.2705,18.7284,105.9076,61.9114,0.0000,43.9962,33.3016,0.6466,349.4013
99,Craftovo,Tools,1.3388,4.5940,13.7231,0.8577,0.0000,12.8654,7.7453,0.4662,349.4013
100,Capitalist,Food,0.8351,88.8989,80.0032,32.1299,47.5000,0.0000,45.5242,0.8741,2396.9730
100,Capitalist,Wood,0.3367,204.8855,155.0467,43.7202,115.4106,77.5234,131.6003,0.9321,2396.9730
100,Capitalist,Tools,2.9285,21.4963,19.2496,9.0873,12.4089,0.0000,28.7095,1.0000,2396.9730
100,Farmland,Food,0.5711,75.0288,71.6176,21.6176,0.0000,50.0000,13.0911,0.7607,1433.8449
100,Farmland,Wood,0.4878,94.7491,78.9010,31.6716,73.6472,0.0000,75.9240,1.0000,1433.8449
100,Farmland,Tools,3.4264,14.4619,6.1164,6.1164,0.0000,0.0000,2.5668,0.7037,1433.8449
100,Forresty,Food,0.7611,13.8130,32.5597,32.5597,0.0000,0.0000,5.6036,0.7307,284.7395
100,Forresty,Wood,0.1689,121.4170,142.9698,21.4849,0.0000,121.4849,56.1224,0.7275,284.7395
100,Forresty,Tools,3.2331,5.3688,10.9906,7.8897,0.0000,0.0000,7.4033,0.9661,284.7395
100,Craftovo,Food,0.8566,31.8876,26.3779,26.3779,0.0000,0.0000,5.7455,0.6531,384.4426
100,Craftovo,Wood,0.2976,85.8165,50.1064,50.1064,0.0000,0.0000,26.5442,0.6929,384.4426
100,Craftovo,Tools,1.4727,22.9321,13.8667,0.8047,0.0000,13.0620,8.4273,0.4624,384.4426
101,Capitalist,Food,0.7516,49.7806,98.6071,36.2667,0.0000,62.3403,10.4413,0.6683,2455.7611
101,Capitalist,Wood,0.3394,189.8755,188.3722,124.1663,111.0769,50.0000,141.9403,1.0000,2455.7611
101,Capitalist,Tools,2.6357,11.4926,26.5223,3.9240,14.5067,13.2611,26.0783,1.0000,2455.7611
101,Farmland,Food,0.6282,78.5023,69.5544,47.7953,0.0000,0.0000,33.3096,0.8003,1369.3943
101,Farmland,Wood,0.4521,91.2488,98.4401,60.3712,47.5000,0.0000,64.1949,1.0000,1369.3943
101,Farmland,Tools,3.7690,13.5459,5.7769,1.1505,12.5981,0.0000,9.1621,1.0000,1369.3943
101,Forresty,Food,0.8372,36.6153,25.9558,25.9558,0.0000,0.0000,5.9207,0.6449,313.2956
101,Forresty,Wood,0.1858,204.1247,133.8460,16.9230,0.0000,116.9230,61.4789,0.5253,313.2956
101,Forresty,Tools,2.9098,5.4488,8.4210,8.4210,0.0000,0.0000,4.3582,0.8930,313.2956
101,Craftovo,Food,0.9422,41.4592,27.4297,5.2508,59.2233,0.0000,22.6191,1.0000,361.5490
101,Craftovo,Wood,0.3274,107.3661,59.3194,59.3194,0.0000,0.0000,34.1130,0.5946,361.5490
101,Craftovo,Tools,1.6200,21.8649,16.2882,1.0180,0.0000,15.2702,7.8089,0.4775,361.5490
102,Capitalist,Food,0.7892,83.2804,79.3118,79.3118,60.3358,0.0000,38.0049,1.0000,2450.7803
102,Capitalist,Wood,0.3077,146.8845,161.9750,53.3064,117.9166,67.2866,136.3036,1.0000,2450.7803
102,Capitalist,Tools,2.3721,21.5294,24.6779,1.5424,10.9658,23.1356,12.6124,1.0000,2450.7803
102,Farmland,Food,0.5654,37.7602,84.6818,21.1705,0.0000,63.5114,14.2960,0.7595,1360.5709
102,Farmland,Wood,0.4069,18.4637,85.1214,48.2329,27.3881,0.0000,59.6356,0.8009,1360.5709
102,Farmland,Tools,3.3921,4.6992,10.1261,0.0138,11.7220,0.0000,14.3497,1.0000,1360.5709
102,Forresty,Food,0.9210,39.6718,28.3859,28.3859,0.0000,0.0000,5.2015,0.6726,312.9228
102,Forresty,Wood,0.2044,194.6252,157.4996,33.3769,0.0000,124.1227,56.6213,0.6419,312.9228
102,Forresty,Tools,3.2007,7.8253,5.6118,5.4285,10.2568,0.0000,9.1170,1.0000,312.9228
102,Craftovo,Food,0.8480,26.1140,38.3867,38.3867,0.0000,0.0000,6.0946,0.8572,375.7259
102,Craftovo,Wood,0.3601,74.7360,52.6321,52.6321,36.5342,0.0000,43.9983,0.7614,375.7259
102,Craftovo,Tools,1.7820,20.8474,15.3905,3.8476,0.0000,11.5429,7.2191,0.6781,375.7259
103,Capitalist,Food,0.7103,38.5783,72.0471,18.2765,32.4537,53.7706,17.4190,0.8150,2491.8908
103,Capitalist,Wood,0.2770,137.3348,185.3088,34.3098,47.5000,150.9990,70.2766,0.7544,2491.8908
103,Capitalist,Tools,2.6093,23.1197,14.4976,14.4976,10.5152,0.0000,18.6737,1.0000,2491.8908
103,Farmland,Food,0.5089,40.0379,68.3236,34.1618,0.0000,34.1618,19.7698,0.7299,1364.1059
103,Farmland,Wood,0.3662,9.2852,79.2780,36.2090,47.5000,0.0000,76.1389,0.7305,1364.1059
103,Farmland,Tools,3.0529,5.4118,14.3157,7.8717,0.0000,0.0000,10.5910,0.8588,1364.1059
103,Forresty,Food,1.0131,33.7193,29.3068,11.0978,33.7193,0.0000,19.0391,0.7519,291.9192
103,Forresty,Wood,0.2249,185.5679,149.2544,99.2544,0.0000,50.0000,71.4438,0.9250,291.9192
103,Forresty,Tools,2.8807,4.7681,6.5765,6.5765,0.0000,0.0000,4.5894,1.0000,291.9192
103,Craftovo,Food,0.9328,35.7737,22.7948,20.9416,17.3627,0.0000,8.1824,0.7769,352.0841
103,Craftovo,Wood,0.3961,73.2533,58.8827,0.0000,95.9491,0.0000,86.0970,0.8944,352.0841
103,Craftovo,Tools,1.9602,19.8772,17.0259,5.9573,0.0000,11.0686,7.8303,0.7297,352.0841
104,Capitalist,Food,0.7813,89.0149,76.4735,25.0436,63.4099,51.4299,22.9067,0.8960,2483.3892
104,Capitalist,Wood,0.3047,301.9335,154.9043,108.7271,93.0638,46.1771,101.3937,0.9372,2483.3892
104,Capitalist,Tools,2.6641,17.3821,17.0246,8.5123,10.8951,8.5123,17.8610,1.0000,2483.3892
104,Farmland,Food,0.5597,75.9917,68.9004,2.1531,0.0000,66.7473,14.0509,0.5376,1407.3607
104,Farmland,Wood,0.3296,72.3742,81.2951,81.2951,0.0000,0.0000,24.7557,0.9844,1407.3607
104,Farmland,Tools,2.7476,5.4941,10.9472,10.9472,0.0000,0.0000,5.5483,1.0000,1407.3607
104,Forresty,Food,0.9602,36.4277,38.4350,7.5825,48.8584,0.0000,24.4762,1.0000,248.0715
104,Forresty,Wood,0.2172,157.4779,163.0357,65.0738,0.0000,97.9619,76.3385,0.7326,248.0715
104,Forresty,Tools,3.1687,11.1569,5.7858,4.8988,8.0867,0.0000,7.6227,1.0000,248.0715
104,Craftovo,Food,0.8395,17.0812,26.1362,26.1362,0.0000,0.0000,4.9785,0.6555,361.1787
104,Craftovo,Wood,0.3565,79.3187,100.8279,43.1056,43.8683,0.0000,80.3469,0.8578,361.1787
104,Craftovo,Tools,1.7641,9.1641,15.2914,3.8229,0.0000,11.4686,6.1208,0.7595,361.1787
105,Capitalist,Food,0.7287,77.0191,82.5748,3.2024,47.5000,55.4393,26.8388,0.7307,2433.9215
105,Capitalist,Wood,0.3351,212.5843,163.7433,36.4297,123.8756,0.0000,202.2792,0.8184,2433.9215
105,Capitalist,Tools,2.9305,20.6326,17.2747,7.3808,12.8060,0.0000,26.6379,1.0000,2433.9215
105,Farmland,Food,0.5958,79.2952,74.4924,24.4924,0.0000,50.0000,12.7315,0.7526,1441.9746
105,Farmland,Wood,0.3626,98.7665,52.7617,52.7617,0.0000,0.0000,21.2180,0.6874,1441.9746
105,Farmland,Tools,3.0224,9.1519,5.5379,5.5379,0.0000,0.0000,2.9428,0.8698,1441.9746
105,Forresty,Food,0.8641,20.9166,41.2906,41.2906,0.0000,0.0000,4.5764,0.9191,279.7055
105,Forresty,Wood,0.1955,140.9823,160.7906,30.3953,0.0000,130.3953,54.7995,0.7714,279.7055
105,Forresty,Tools,2.8519,4.7725,6.4281,6.4281,0.0000,0.0000,4.4699,0.8514,279.7055
105,Craftovo,Food,0.8973,27.7796,25.9917,2.8213,52.6673,0.0000,21.8370,0.9209,344.3985
105,Craftovo,Wood,0.3208,75.3511,92.4697,56.4337,0.0000,0.0000,69.4903,0.5946,344.3985
105,Craftovo,Tools,1.9405,17.7552,13.9148,0.4348,0.0000,13.4800,6.7149,0.4362,344.3985
106,Capitalist,Food,0.6558,45.2036,88.7700,14.2792,0.0000,74.4908,12.5214,0.4438,2550.9926
106,Capitalist,Wood,0.3016,175.4543,258.2138,113.4116,10.9383,144.8022,55.1426,0.9652,2550.9926
106,Capitalist,Tools,2.6375,10.4167,24.3258,5.7068,14.5522,17.4931,19.0854,1.0000,2550.9926
106,Farmland,Food,0.6293,76.8563,72.7642,72.3915,0.0000,0.0000,27.3073,1.0000,1354.6555
106,Farmland,Wood,0.3988,160.2453,57.1482,33.4432,137.5621,0.0000,87.7068,1.0000,1354.6555
106,Farmland,Tools,3.3246,18.4307,6.2686,6.2686,10.1274,0.0000,7.8385,1.0000,1354.6555
106,Forresty,Food,0.9506,32.5326,27.6302,2.6045,30.0707,0.0000,19.6918,0.6758,244.2240
106,Forresty,Wood,0.2150,184.1221,143.7441,97.8652,0.0000,11.5140,123.2186,0.7297,244.2240
106,Forresty,Tools,3.1370,7.6583,5.1207,5.1207,6.4911,0.0000,6.1963,0.9507,244.2240
106,Craftovo,Food,0.8075,25.3223,37.5110,24.5461,40.6956,0.0000,20.5967,1.0000,350.1278
106,Craftovo,Wood,0.2888,58.6435,75.1897,61.7056,0.0000,0.0000,58.2771,0.6235,350.1278
106,Craftovo,Tools,2.0603,18.0628,17.0133,1.6951,0.0000,15.3181,6.1761,0.5255,350.1278
107,Capitalist,Food,0.7214,153.1715,66.6708,33.3354,36.3859,33.3354,14.2302,0.8570,2509.5547
107,Capitalist,Wood,0.3318,305.8853,142.5407,142.5407,150.1696,0.0000,145.0679,1.0000,2509.5547
107,Capitalist,Tools,2.9012,21.5272,16.6877,4.9886,15.7299,11.6991,19.5790,1.0000,2509.5547
107,Farmland,Food,0.5664,59.5613,76.6018,38.3009,0.0000,38.3009,16.9791,1.0000,1346.9637
107,Farmland,Wood,0.3965,78.3230,78.7756,78.7756,0.0000,0.0000,36.8167,1.0000,1346.9637
107,Farmland,Tools,3.6571,8.1749,6.1628,1.5621,11.1141,0.0000,12.7188,1.0000,1346.9637
107,Forresty,Food,0.8555,26.9882,42.1652,33.1343,31.6686,0.0000,16.5748,1.0000,252.7925
107,Forresty,Wood,0.1935,130.0920,188.5449,30.4716,0.0000,158.0733,70.6331,0.7297,252.7925
107,Forresty,Tools,3.4507,6.4860,5.8751,5.8751,0.0000,0.0000,5.1418,0.7088,252.7925
107,Craftovo,Food,0.7268,29.4868,33.3058,33.3058,0.0000,0.0000,5.4701,0.8758,390.6891
107,Craftovo,Wood,0.3176,70.9849,59.0343,59.0343,0.0000,0.0000,28.8307,0.8351,390.6891
107,Craftovo,Tools,2.1655,17.9618,17.0889,0.5311,0.0000,16.5578,5.8506,0.4430,390.6891
108,Capitalist,Food,0.7936,132.6143,79.2231,20.7260,61.7667,0.0000,48.1046,0.8604,2389.9876
108,Capitalist,Wood,0.3650,206.4402,167.5629,30.1209,140.6264,0.0000,215.2650,1.0000,2389.9876
108,Capitalist,Tools,3.1189,19.1347,17.7994,4.8214,14.3132,0.0000,29.3588,1.0000,2389.9876
108,Farmland,Food,0.5098,53.2199,67.1149,2.0973,0.0000,65.0176,12.5720,0.5171,1387.7878
108,Farmland,Wood,0.3569,43.9190,53.4128,53.4128,0.0000,0.0000,16.8196,0.7915,1387.7878
108,Farmland,Tools,3.2914,6.2889,9.7919,9.7919,0.0000,0.0000,7.1524,1.0000,1387.7878
108,Forresty,Food,0.8159,29.4955,30.9264,30.9264,0.0000,0.0000,5.0434,0.8187,289.0203
108,Forresty,Wood,0.2129,169.7083,150.3774,2.3496,0.0000,148.0278,54.6249,0.5710,289.0203
108,Forresty,Tools,3.2668,5.4004,5.7044,5.7044,0.0000,0.0000,2.9001,0.8065,289.0203
108,Craftovo,Food,0.7995,59.5045,22.8750,22.8750,0.0000,0.0000,6.2817,0.5945,433.2044
108,Craftovo,Wood,0.3494,126.2927,53.2344,53.2344,0.0000,0.0000,22.1471,0.6774,433.2044
108,Craftovo,Tools,2.3821,18.0312,15.8270,0.7605,0.0000,15.0666,5.5870,0.4593,433.2044
109,Capitalist,Food,0.7142,38.3687,101.8644,5.5279,44.2785,96.3365,11.7634,0.7390,2484.2817
109,Capitalist,Wood,0.3285,150.5910,269.6887,104.7655,115.5386,11.3049,238.9153,1.0000,2484.2817
109,Capitalist,Tools,2.8070,11.8244,26.8985,3.3911,0.0000,23.5074,5.1262,0.9452,2484.2817
109,Farmland,Food,0.5607,83.0914,69.3694,22.7605,0.0000,46.6089,14.0256,0.7280,1386.5663
109,Farmland,Wood,0.3926,100.6256,52.8888,52.8888,0.0000,0.0000,19.2765,0.6451,1386.5663
109,Farmland,Tools,3.6205,8.3449,5.4866,3.2516,9.6646,0.0000,10.8127,1.0000,1386.5663
109,Forresty,Food,0.8975,46.7670,26.6869,1.5895,54.7593,0.0000,24.4129,0.8855,227.2975
109,Forresty,Wood,0.2342,181.8456,162.1595,40.5399,0.0000,121.6196,50.0862,0.6927,227.2975
109,Forresty,Tools,3.5935,10.1173,5.9878,2.6416,12.6675,0.0000,10.0637,1.0000,227.2975
109,Craftovo,Food,0.8794,76.9984,23.9753,23.9753,36.7604,0.0000,10.1717,1.0000,401.8545
109,Craftovo,Wood,0.3843,170.7897,54.6840,54.6840,10.7396,0.0000,25.7035,0.6780,401.8545
109,Craftovo,Tools,2.6203,17.1920,15.5863,15.5863,0.0000,0.0000,11.2169,1.0000,401.8545
110,Capitalist,Food,0.7856,106.5055,72.4166,22.4166,0.0000,50.0000,12.8405,0.4856,2544.1655
110,Capitalist,Wood,0.2956,208.7152,270.7355,85.3678,47.5000,185.3678,75.3512,1.0000,2544.1655
110,Capitalist,Tools,3.0877,31.2068,16.4330,16.4330,13.9006,0.0000,16.6250,1.0000,2544.1655
110,Farmland,Food,0.6168,79.2245,70.1550,70.1550,0.0000,0.0000,26.8101,1.0000,1371.7852
110,Farmland,Wood,0.4318,100.8897,55.0736,55.0736,47.5000,0.0000,21.4248,0.9559,1371.7852
110,Farmland,Tools,3.5708,7.7352,7.8428,7.8428,0.0000,0.0000,5.5877,1.0000,1371.7852
110,Forresty,Food,0.8078,17.0089,40.9012,32.5068,0.0000,0.0000,9.8833,0.7947,241.3395
110,Forresty,Wood,0.2281,142.0808,145.8386,94.5725,0.0000,50.0000,83.3153,0.7297,241.3395
110,Forresty,Tools,3.2342,4.7188,9.1849,9.1849,0.0000,0.0000,5.2911,1.0000,241.3395
110,Craftovo,Food,0.9673,67.0766,27.2782,17.7929,47.5000,0.0000,18.8042,1.0000,342.7098
110,Craftovo,Wood,0.4228,160.1699,57.2562,24.3174,128.5994,0.0000,84.1384,1.0000,342.7098
110,Craftovo,Tools,2.3582,10.2758,17.4920,2.8598,0.0000,14.6322,5.1345,1.0000,342.7098
111,Capitalist,Food,0.8642,139.9483,75.9074,75.9074,56.0780,0.0000,33.4918,1.0000,2534.3595
111,Capitalist,Wood,0.3252,289.9013,141.5820,17.6977,47.5000,123.8842,48.0064,0.6922,2534.3595
111,Capitalist,Tools,3.3964,20.7027,16.8260,7.1147,13.5880,8.4130,18.2130,1.0000,2534.3595
111,Farmland,Food,0.5551,61.4350,70.4505,11.4211,0.0000,59.0294,11.4505,0.7672,1334.1725
111,Farmland,Wood,0.4750,96.6329,57.4640,46.6361,100.8771,0.0000,59.7367,1.0000,1334.1725
111,Farmland,Tools,3.9279,9.5864,5.3796,1.3588,7.9923,0.0000,8.2209,0.9584,1334.1725
111,Forresty,Food,0.8885,40.1865,26.9177,26.9177,0.0000,0.0000,5.4680,0.6658,256.7857
111,Forresty,Wood,0.2053,139.0539,158.5356,108.5356,0.0000,50.0000,92.8561,1.0000,256.7857
111,Forresty,Tools,3.5576,7.5160,5.8428,5.8428,0.0000,0.0000,2.4587,0.9058,256.7857
111,Craftovo,Food,0.8706,19.0642,31.3926,31.3926,0.0000,0.0000,4.9564,0.8237,374.6823
111,Craftovo,Wood,0.3805,65.2932,84.8307,78.0602,16.8129,0.0000,45.8194,1.0000,374.6823
111,Craftovo,Tools,2.1224,12.2204,15.2567,0.9535,0.0000,14.3032,5.1509,0.5082,374.6823
112,Capitalist,Food,0.9506,97.6601,79.6365,53.1725,56.4642,0.0000,45.2018,1.0000,2521.6664
112,Capitalist,Wood,0.3577,307.6301,163.4531,77.6032,98.3091,85.8499,48.1365,0.9753,2521.6664
112,Capitalist,Tools,3.2925,18.1794,18.7533,3.2477,12.5447,15.5056,13.2885,1.0000,2521.6664
112,Farmland,Food,0.4996,53.0452,67.9268,8.4909,0.0000,59.4360,12.8434,0.5258,1352.4460
112,Farmland,Wood,0.4275,19.3182,69.4750,42.5521,39.4337,0.0000,55.0178,0.9041,1352.4460
112,Farmland,Tools,3.5351,4.6827,10.0104,6.7183,0.0000,0.0000,7.0461,0.7388,1352.4460
112,Forresty,Food,0.9774,52.1790,25.1464,25.1464,0.0000,0.0000,4.8008,0.6258,231.7480
112,Forresty,Wood,0.2072,139.2303,137.9777,34.4944,0.0000,103.4833,55.9953,0.9356,231.7480
112,Forresty,Tools,3.9133,12.5451,6.3863,2.5347,14.7303,0.0000,11.3894,1.0000,231.7480
112,Craftovo,Food,0.9577,36.9134,26.3632,26.3632,0.0000,0.0000,4.9163,0.6550,394.1396
112,Craftovo,Wood,0.3957,61.0437,58.7027,58.7027,42.1237,0.0000,35.1766,1.0000,394.1396
112,Craftovo,Tools,2.3347,18.2133,15.0914,1.8864,0.0000,13.2050,5.6926,0.5391,394.1396
113,Capitalist,Food,0.8556,82.2336,96.7970,1.9676,65.6466,48.3985,38.4018,0.9105,2445.0624
113,Capitalist,Wood,0.3935,281.1575,154.1654,72.2196,119.2030,0.0000,149.8755,0.8188,2445.0624
113,Capitalist,Tools,3.6217,18.9476,15.7729,8.6116,13.3171,0.0000,21.9796,1.0000,2445.0624
113,Farmland,Food,0.5496,83.9307,71.3308,2.2291,0.0000,69.1017,14.3117,0.4370,1408.7857
113,Farmland,Wood,0.3847,64.6415,77.3402,77.3402,0.0000,0.0000,16.0119,0.9656,1408.7857
113,Farmland,Tools,3.1816,5.3807,8.2866,4.1433,0.0000,4.1433,2.2106,0.7281,1408.7857
113,Forresty,Food,0.8966,24.8926,27.1361,27.1361,0.0000,0.0000,4.1042,0.6553,267.6383
113,Forresty,Wood,0.2279,169.7748,150.9536,25.4768,0.0000,125.4768,51.3557,0.6158,267.6383
113,Forresty,Tools,3.5220,5.6583,9.4867,9.4867,0.0000,0.0000,6.2848,1.0000,267.6383
113,Craftovo,Food,1.0534,39.8709,26.2767,16.2416,45.9786,0.0000,14.6297,1.0000,378.5135
113,Craftovo,Wood,0.4352,72.7937,61.2831,56.3254,0.0000,0.0000,40.8283,0.6016,378.5135
113,Craftovo,Tools,2.4502,17.3657,16.5466,6.6718,0.0000,9.8748,5.2014,0.8782,378.5135
114,Capitalist,Food,0.7700,51.6075,99.1710,28.2472,47.5000,70.9238,19.1853,0.8127,2489.6784
114,Capitalist,Wood,0.3541,187.3630,221.4123,103.1727,94.4592,50.0000,139.3059,1.0000,2489.6784
114,Capitalist,Tools,3.2596,10.2730,22.9922,10.3324,7.7438,11.4961,15.1463,1.0000,2489.6784
114,Farmland,Food,0.5924,80.0248,74.2400,24.2400,0.0000,50.0000,12.9802,0.7490,1445.3607
114,Farmland,Wood,0.4232,116.6076,50.7811,50.7811,0.0000,0.0000,17.5095,0.6363,1445.3607
114,Farmland,Tools,3.4998,13.3057,5.4437,5.4437,0.0000,0.0000,2.5056,0.6560,1445.3607
114,Forresty,Food,0.9862,39.3375,23.5012,15.0696,26.8349,0.0000,14.5680,0.7042,230.3669
114,Forresty,Wood,0.2507,175.7499,155.3559,55.9252,0.0000,99.4307,46.9691,0.8017,230.3669
114,Forresty,Tools,3.8742,7.0954,5.2527,2.0864,10.9213,0.0000,10.9082,1.0000,230.3669
114,Craftovo,Food,1.1588,41.9534,33.1027,8.7186,40.5427,0.0000,20.1179,0.9220,334.5940
114,Craftovo,Wood,0.4788,86.6841,63.1950,23.8988,47.5000,0.0000,61.9268,0.7525,334.5940
114,Craftovo,Tools,2.5477,16.9512,16.3027,8.1514,0.0000,8.1514,5.4273,0.9442,334.5940
115,Capitalist,Food,0.8470,82.8869,71.8240,20.9059,59.2593,49.1622,27.7025,0.7714,2454.6837
115,Capitalist,Wood,0.3730,217.5386,206.5571,78.5198,123.1004,0.0000,195.1992,1.0000,2454.6837
115,Capitalist,Tools,3.2441,17.1945,17.2765,4.3191,14.7407,12.9574,14.5480,1.0000,2454.6837
115,Farmland,Food,0.6405,77.0782,71.2894,8.9112,0.0000,62.3782,11.9756,0.5317,1447.6678
115,Farmland,Wood,0.4655,158.2762,58.4430,58.4430,0.0000,0.0000,15.3636,0.6845,1447.6678
115,Farmland,Tools,3.8497,17.4070,6.3217,5.0975,12.3095,0.0000,9.3215,1.0000,1447.6678
115,Forresty,Food,0.8876,28.1182,34.2467,34.2467,0.0000,0.0000,4.0429,0.8357,267.2136
115,Forresty,Wood,0.2404,152.6369,159.1588,29.5794,0.0000,129.5794,42.7867,0.6150,267.2136
115,Forresty,Tools,3.4868,6.7410,8.6186,8.6186,0.0000,0.0000,5.6359,1.0000,267.2136
115,Craftovo,Food,1.0429,27.5605,38.5446,1.1052,46.7041,0.0000,26.7962,0.8650,330.4349
115,Craftovo,Wood,0.4309,70.6687,89.0827,71.9205,0.0000,0.0000,28.6380,0.8768,330.4349
115,Craftovo,Tools,2.2929,7.4786,16.5510,1.0344,0.0000,15.5165,4.7714,0.5117,330.4349
116,Capitalist,Food,0.7623,48.7490,79.8332,8.3010,34.8115,71.5322,10.2327,0.7661,2565.1087
116,Capitalist,Wood,0.3357,149.3301,264.1017,123.7820,0.0000,140.3197,45.7567,0.9850,2565.1087
116,Capitalist,Tools,3.3574,15.8165,15.2826,1.7166,13.9174,13.5660,11.4999,1.0000,2565.1087
116,Farmland,Food,0.6838,74.1273,69.4400,32.7963,0.0000,36.6436,10.9697,0.8703,1369.5587
116,Farmland,Wood,0.5121,134.3658,57.5454,17.6067,133.3037,0.0000,79.2290,1.0000,1369.5587
116,Farmland,Tools,4.2347,10.5541,7.3556,0.8688,9.6853,0.0000,12.8511,1.0000,1369.5587
116,Forresty,Food,0.9764,45.2927,25.6630,0.0000,44.2976,0.0000,23.3415,0.7356,220.3506
116,Forresty,Wood,0.2644,171.1135,151.8672,121.0863,0.0000,0.0000,103.3625,0.9264,220.3506
116,Forresty,Tools,3.8355,8.9064,5.9327,5.9327,3.2024,0.0000,4.3789,1.0000,220.3506
116,Craftovo,Food,0.9386,33.3628,45.3989,42.1664,23.6579,0.0000,14.9981,1.0000,344.9821
116,Craftovo,Wood,0.3878,14.5770,66.7017,66.6842,0.0000,0.0000,32.9483,0.5946,344.9821
116,Craftovo,Tools,2.0636,9.5580,15.6265,0.9767,0.0000,14.6499,5.2925,0.4746,344.9821
117,Capitalist,Food,0.8385,121.7601,78.7442,9.6295,34.1897,69.1147,11.8177,0.6512,2596.9104
117,Capitalist,Wood,0.3692,256.0055,142.7478,92.7478,86.8242,50.0000,52.0893,0.9975,2596.9104
117,Capitalist,Tools,3.6932,23.6786,15.8393,6.0654,13.8903,9.7739,12.3657,1.0000,2596.9104
117,Farmland,Food,0.6154,59.5816,71.9784,35.9892,0.0000,35.9892,12.5588,0.8474,1373.2445
117,Farmland,Wood,0.4609,56.8640,87.8294,39.7022,47.5000,0.0000,66.7856,0.9605,1373.2445
117,Farmland,Tools,3.8113,7.2616,11.9418,10.4703,0.0000,0.0000,7.6885,1.0000,1373.2445
117,Forresty,Food,1.0449,42.9410,40.1232,9.6075,38.2148,0.0000,23.9339,0.9000,172.2750
117,Forresty,Wood,0.2380,127.4717,182.7877,53.3125,0.0000,91.3939,101.5081,0.7297,172.2750
117,Forresty,Tools,4.2190,9.8339,5.7237,3.0075,9.2852,0.0000,7.8083,1.0000,172.2750
117,Craftovo,Food,0.9963,31.1455,29.3410,29.3410,27.4442,0.0000,11.8903,1.0000,357.5702
117,Craftovo,Wood,0.3974,56.5345,55.1671,55.1671,0.0000,0.0000,31.2659,0.6568,357.5702
117,Craftovo,Tools,2.2700,17.9835,15.5961,0.9748,0.0000,14.6214,5.8419,0.4745,357.5702
118,Capitalist,Food,0.9224,135.4624,81.1640,28.5511,65.6409,47.0102,18.0127,0.9747,2509.9219
118,Capitalist,Wood,0.4061,278.1450,178.4134,73.1889,126.5777,0.0000,163.8754,0.8843,2509.9219
118,Capitalist,Tools,4.0625,21.2099,17.1077,7.0083,14.2016,0.0000,22.3962,1.0000,2509.9219
118,Farmland,Food,0.6318,73.2251,71.3246,2.2289,0.0000,69.0957,11.4807,0.4710,1425.0714
118,Farmland,Wood,0.4148,77.1423,87.0581,87.0581,0.0000,0.0000,16.9778,0.9916,1425.0714
118,Farmland,Tools,3.7924,6.7776,6.8113,6.8113,0.0000,0.0000,3.0389,1.0000,1425.0714
118,Forresty,Food,0.9404,16.5965,44.2806,44.2806,0.0000,0.0000,4.2021,0.9471,209.3970
118,Forresty,Wood,0.2142,114.6964,166.4793,33.2397,0.0000,133.2397,58.1115,0.7472,209.3970
118,Forresty,Tools,3.7971,4.6549,8.6826,7.1545,0.0000,0.0000,5.1470,0.8508,209.3970
118,Craftovo,Food,1.0960,31.7474,27.5186,20.7754,44.6597,0.0000,18.0748,1.0000,355.6096
118,Craftovo,Wood,0.4372,65.9531,56.0891,56.0891,0.0000,0.0000,34.7764,0.5964,355.6096
118,Craftovo,Tools,2.4970,17.6113,15.9457,0.9966,0.0000,14.9491,5.3437,0.4760,355.6096
119,Capitalist,Food,0.8301,62.9738,87.3960,16.3423,33.9474,71.0537,11.1965,0.7063,2541.1903
119,Capitalist,Wood,0.3655,177.6668,244.8472,116.1353,111.1116,31.6040,180.2680,1.0000,2541.1903
119,Capitalist,Tools,3.6562,14.2891,26.8767,3.9062,13.9935,14.2659,19.5722,1.0000,2541.1903
119,Farmland,Food,0.6598,74.6384,71.4683,35.7341,0.0000,35.7341,11.1439,0.9119,1401.0933
119,Farmland,Wood,0.4563,113.8153,58.1919,58.1919,0.0000,0.0000,15.8077,0.7071,1401.0933
119,Farmland,Tools,4.1716,11.6957,6.2877,2.1398,13.5526,0.0000,11.0086,1.0000,1401.0933
119,Forresty,Food,1.0345,32.8221,27.6281,27.6281,10.4628,0.0000,4.3853,0.8175,231.8075
119,Forresty,Wood,0.2310,168.2056,155.9462,38.9865,0.0000,116.9596,49.7960,0.7743,231.8075
119,Forresty,Tools,3.4174,5.3284,6.3912,6.3912,0.0000,0.0000,2.6259,0.8213,231.8075
119,Craftovo,Food,1.0397,28.4172,29.9548,1.7802,57.0383,0.0000,26.4646,1.0000,325.9089
119,Craftovo,Wood,0.4133,56.9123,60.2013,33.4282,30.0238,0.0000,52.3256,0.6814,325.9089
119,Craftovo,Tools,2.4807,16.7917,16.9017,2.1717,0.0000,14.7300,4.8687,0.5593,325.9089
120,Capitalist,Food,0.9132,90.8079,79.2749,40.6636,37.4166,38.6113,10.8899,0.9351,2613.6149
120,Capitalist,Wood,0.3290,193.5855,225.4164,36.1848,3.5969,189.2315,37.4121,0.7586,2613.6149
120,Capitalist,Tools,3.2906,20.5306,23.6681,6.3022,14.2284,7.6025,22.2879,1.0000,2613.6149
120,Farmland,Food,0.6118,73.0361,78.7718,39.3859,0.0000,39.3859,13.6547,0.8770,1359.6052
120,Farmland,Wood,0.5019,100.9089,62.0836,7.0404,145.3944,0.0000,92.1240,1.0000,1359.6052
120,Farmland,Tools,3.7545,8.2861,9.5097,9.5097,0.0000,0.0000,5.7490,1.0000,1359.6052
120,Forresty,Food,1.1379,38.8757,27.9500,0.8456,36.6807,0.0000,20.9657,0.6978,172.7156
120,Forresty,Wood,0.2541,174.5470,146.6309,95.2075,0.0000,3.7862,119.1651,0.7297,172.7156
120,Forresty,Tools,3.7591,9.3644,5.0375,5.0375,7.2224,0.0000,5.0682,0.9516,172.7156
120,Craftovo,Food,0.9357,23.6693,41.1469,41.1469,0.0000,0.0000,4.8335,0.9491,354.0643
120,Craftovo,Wood,0.3719,52.1389,80.2625,59.7570,34.3756,0.0000,50.3362,0.8819,354.0643
120,Craftovo,Tools,2.2327,12.3697,16.0358,1.0586,0.0000,14.9773,4.9005,0.4804,354.0643
121,Capitalist,Food,1.0045,110.6108,75.7442,38.3155,65.7028,0.0000,39.7625,0.9434,2564.5326
121,Capitalist,Wood,0.3619,293.0910,155.8658,155.8658,133.0559,0.0000,127.6521,1.0000,2564.5326
121,Capitalist,Tools,2.9616,20.8345,23.4485,0.7625,14.3716,22.6860,11.0578,1.0000,2564.5326
121,Farmland,Food,0.6036,72.7928,73.7715,4.6107,0.0000,69.1608,11.5569,0.5141,1361.3809
121,Farmland,Wood,0.4517,50.9257,102.5308,83.7287,0.0000,0.0000,39.9966,0.9931,1361.3809
121,Farmland,Tools,4.1299,5.9825,5.2750,0.0000,12.8347,0.0000,12.0648,1.0000,1361.3809
121,Forresty,Food,1.0241,25.5748,39.6182,37.2904,0.0000,0.0000,6.0749,0.8000,177.4598
121,Forresty,Wood,0.2287,128.2049,186.7451,46.6863,0.0000,140.0588,70.7049,0.7297,177.4598
121,Forresty,Tools,4.1029,6.0995,5.5885,4.0594,8.7170,0.0000,7.8020,1.0000,177.4598
121,Craftovo,Food,1.0293,33.7383,23.5343,23.5343,0.0000,0.0000,4.4043,0.6201,396.6267
121,Craftovo,Wood,0.3348,62.3238,73.3149,73.3149,0.0000,0.0000,21.4651,0.8950,396.6267
121,Craftovo,Tools,2.4559,17.7579,16.1366,1.0085,0.0000,15.1280,5.4287,0.4769,396.6267
122,Capitalist,Food,0.9040,74.0237,96.7364,19.9854,54.0810,75.5413,18.6324,0.8242,2568.3123
122,Capitalist,Wood,0.3257,135.6271,174.4044,71.1979,47.5000,50.0000,127.0490,0.8519,2568.3123
122,Capitalist,Tools,3.2577,26.0001,16.9635,11.9046,14.0955,0.0000,22.2208,1.0000,2568.3123
122,Farmland,Food,0.5770,72.5519,75.9031,18.9758,0.0000,56.9274,11.7301,0.6744,1377.9428
122,Farmland,Wood,0.4065,50.2893,72.1777,72.1777,47.5000,0.0000,37.0806,1.0000,1377.9428
122,Farmland,Tools,3.7169,4.6631,10.7366,7.9710,0.0000,0.0000,6.8780,1.0000,1377.9428
122,Forresty,Food,0.9217,20.9708,25.5241,25.5241,0.0000,0.0000,3.8930,0.6547,192.9299
122,Forresty,Wood,0.2316,139.9983,138.2374,87.1582,0.0000,50.0000,85.0560,0.8713,192.9299
122,Forresty,Tools,3.6926,4.6904,7.4152,7.4152,0.0000,0.0000,3.1573,1.0000,192.9299
122,Craftovo,Food,1.1323,45.4706,29.5498,0.0000,71.7643,0.0000,28.6709,1.0000,360.8150
122,Craftovo,Wood,0.3682,117.6701,54.7861,54.7861,0.0000,0.0000,23.5162,0.6556,360.8150
122,Craftovo,Tools,2.4522,16.9315,16.9570,2.1196,0.0000,14.8374,4.9497,0.5556,360.8150
123,Capitalist,Food,0.8136,64.5140,74.8986,9.3623,21.7612,65.5362,9.2935,0.6313,2614.8787
123,Capitalist,Wood,0.3583,243.5644,206.5762,138.9153,119.2214,50.0000,155.2531,1.0000,2614.8787
123,Capitalist,Tools,2.9319,12.2428,20.8873,6.4389,11.8094,14.1480,16.3464,1.0000,2614.8787
123,Farmland,Food,0.6347,78.1017,70.1683,47.2618,0.0000,22.9065,14.9807,1.0000,1374.5684
123,Farmland,Wood,0.4472,63.8553,52.0851,52.0851,47.5000,0.0000,31.0644,1.0000,1374.5684
123,Farmland,Tools,3.3452,5.3438,7.5915,7.5915,0.0000,0.0000,3.0767,0.9178,1374.5684
123,Forresty,Food,1.0139,41.9233,23.8278,3.1287,35.5768,0.0000,19.7304,0.6823,137.9658
123,Forresty,Wood,0.2085,136.8766,158.4012,32.9050,0.0000,125.4962,64.6762,0.7297,137.9658
123,Forresty,Tools,4.0619,8.7323,5.5409,1.6889,13.4406,0.0000,10.6115,1.0000,137.9658
123,Craftovo,Food,1.0190,32.3002,44.5278,31.6016,26.6826,0.0000,18.0708,1.0000,372.5872
123,Craftovo,Wood,0.4050,92.3997,60.6737,60.6737,0.0000,0.0000,24.6686,0.6613,372.5872
123,Craftovo,Tools,2.5069,16.9443,16.5746,4.1436,0.0000,12.4309,4.9571,0.6990,372.5872
124,Capitalist,Food,0.8950,117.7912,70.9784,27.6568,47.5000,43.3216,15.5217,0.8256,2593.7719
124,Capitalist,Wood,0.3685,194.1120,188.7372,49.3960,111.7724,80.7352,145.8605,1.0000,2593.7719
124,Capitalist,Tools,3.2251,21.1862,17.0856,13.3126,7.8736,0.0000,21.3258,1.0000,2593.7719
124,Farmland,Food,0.6639,71.8109,68.6547,18.6547,0.0000,50.0000,11.0855,0.7075,1379.3509
124,Farmland,Wood,0.4919,78.0259,58.0814,58.0814,76.6985,0.0000,49.1343,1.0000,1379.3509
124,Farmland,Tools,3.6798,8.8640,5.1693,5.1693,0.0000,0.0000,2.3632,0.7075,1379.3509
124,Forresty,Food,0.9125,11.2201,40.1714,36.1643,0.0000,0.0000,6.6311,0.8300,168.1618
124,Forresty,Wood,0.1876,114.6931,135.3103,17.6551,0.0000,117.6551,51.0595,0.6612,168.1618
124,Forresty,Tools,3.6557,4.6695,9.2339,5.5757,0.0000,0.0000,7.1680,0.8524,168.1618
124,Craftovo,Food,1.1209,40.0521,30.9348,16.7062,41.1555,0.0000,18.3612,1.0000,358.7154
124,Craftovo,Wood,0.4456,95.3578,63.2048,63.2048,0.0000,0.0000,34.0223,0.5946,358.7154
124,Craftovo,Tools,2.7576,16.7584,14.9664,6.6784,0.0000,8.2880,4.8494,0.8787,358.7154
125,Capitalist,Food,0.9845,92.4162,78.0736,36.1755,53.8791,41.8981,14.4857,0.9757,2600.8774
125,Capitalist,Wood,0.4053,225.4624,197.5281,66.5918,118.4813,50.0000,152.6269,1.0000,2600.8774
125,Capitalist,Tools,2.9929,18.2115,19.6249,9.8125,7.6968,9.8125,15.6374,1.0000,2600.8774
125,Farmland,Food,0.6071,69.1543,75.6197,18.9049,0.0000,56.7148,10.5213,0.6734,1355.7850
125,Farmland,Wood,0.5411,66.8455,57.3823,54.4229,47.5000,0.0000,39.8388,1.0000,1355.7850
125,Farmland,Tools,4.0477,10.0950,6.2950,3.3814,9.3218,0.0000,7.1019,0.9601,1355.7850
125,Forresty,Food,0.8745,27.2118,28.3942,28.3942,0.0000,0.0000,4.5806,0.6837,202.8351
125,Forresty,Wood,0.2064,193.6884,149.4343,24.7172,0.0000,124.7172,56.1422,0.5806,202.8351
125,Forresty,Tools,3.2901,5.3559,8.2038,8.2038,0.0000,0.0000,3.5458,0.8896,202.8351
125,Craftovo,Food,1.2330,38.4140,34.5001,13.2832,39.8032,0.0000,18.3231,1.0000,340.5026
125,Craftovo,Wood,0.4901,92.2099,63.1646,50.8761,0.0000,0.0000,40.5611,0.5946,340.5026
125,Craftovo,Tools,2.7046,15.8920,16.2038,8.1019,0.0000,8.1019,4.3974,0.9795,340.5026
126,Capitalist,Food,0.8860,63.2358,77.3686,41.3780,53.2588,35.9906,17.9245,0.9392,2616.9304
126,Capitalist,Wood,0.3648,180.0579,239.5133,73.6496,47.5000,138.7073,95.4616,0.7776,2616.9304
126,Capitalist,Tools,3.2921,18.4034,14.8514,10.6590,10.7066,0.0000,21.2781,1.0000,2616.9304
126,Farmland,Food,0.5464,64.0755,74.7492,18.6873,0.0000,56.0619,11.6558,0.6703,1368.1781
126,Farmland,Wood,0.4870,33.2272,58.2442,43.1563,47.5000,0.0000,39.0731,0.9279,1368.1781
126,Farmland,Tools,3.6430,4.6709,8.9350,7.9284,0.0000,0.0000,4.9336,0.8254,1368.1781
126,Forresty,Food,0.9620,39.7026,27.2909,27.2909,0.0000,0.0000,4.8840,0.6571,220.1618
126,Forresty,Wood,0.2270,184.6746,163.7978,113.7978,0.0000,50.0000,73.9569,1.0000,220.1618
126,Forresty,Tools,3.6191,7.9087,5.6684,5.6684,0.0000,0.0000,2.4100,0.7730,220.1618
126,Craftovo,Food,1.1097,34.1325,41.7412,3.5082,34.1911,0.0000,22.2466,0.8538,294.7297
126,Craftovo,Wood,0.5391,81.1805,69.6471,7.2213,84.2719,0.0000,68.4050,0.9517,294.7297
126,Craftovo,Tools,2.4341,12.1549,15.0268,3.0662,0.0000,11.2701,5.6731,0.5728,294.7297
127,Capitalist,Food,0.8581,75.5939,78.0572,48.2223,62.0900,0.0000,40.7045,1.0000,2599.5417
127,Capitalist,Wood,0.4013,217.9261,169.5794,93.1350,123.6696,50.0000,120.2111,1.0000,2599.5417
127,Capitalist,Tools,2.9629,15.9790,20.1436,2.5179,7.1849,17.6256,8.6457,1.0000,2599.5417
127,Farmland,Food,0.6010,80.2584,69.7150,4.3572,0.0000,65.3578,13.0598,0.4672,1399.0706
127,Farmland,Wood,0.4452,63.5210,69.4899,69.4899,0.0000,0.0000,12.3837,0.8866,1399.0706
127,Farmland,Tools,3.2787,5.3585,6.8019,6.8019,4.7841,0.0000,5.1150,1.0000,1399.0706
127,Forresty,Food,1.0582,55.0600,25.7715,25.7715,0.0000,0.0000,4.2131,0.6356,210.1523
127,Forresty,Wood,0.2109,153.6564,165.3928,35.2144,0.0000,130.1785,47.1381,0.8139,210.1523
127,Forresty,Tools,3.9810,13.4732,5.6029,5.1573,11.9602,0.0000,8.3225,1.0000,210.1523
127,Craftovo,Food,0.9988,11.3235,45.2647,8.7708,0.0000,0.0000,22.1652,0.3835,291.2354
127,Craftovo,Wood,0.4852,21.7808,102.6028,19.4304,47.5000,0.0000,74.8019,0.7912,291.2354
127,Craftovo,Tools,2.1907,0.9477,15.1260,5.2513,0.0000,7.5630,8.0405,0.7297,291.2354
128,Capitalist,Food,0.7723,62.2045,93.0077,29.6526,47.5000,40.0263,34.7633,0.8374,2614.2752
128,Capitalist,Wood,0.3611,126.3609,175.4183,48.1195,47.5000,127.2988,64.5070,0.7663,2614.2752
128,Capitalist,Tools,3.2592,26.6122,15.4157,15.0132,13.3889,0.0000,18.2537,1.0000,2614.2752
128,Farmland,Food,0.5893,76.5234,78.0509,28.0509,0.0000,50.0000,11.7865,0.8030,1398.9191
128,Farmland,Wood,0.4897,75.8835,51.0005,51.0005,75.2204,0.0000,31.7064,1.0000,1398.9191
128,Farmland,Tools,3.6065,7.0526,5.4289,5.4289,0.0000,0.0000,2.5236,0.8579,1398.9191
128,Forresty,Food,1.1640,38.6818,26.9162,9.9666,38.0250,0.0000,16.3361,0.8289,183.0454
128,Forresty,Wood,0.2320,182.6812,142.5130,92.5130,0.0000,50.0000,79.0848,0.7911,183.0454
128,Forresty,Tools,4.2236,6.5976,6.2188,6.2188,0.0000,0.0000,3.3563,1.0000,183.0454
128,Craftovo,Food,0.8989,16.2619,44.8339,28.4291,0.0000,0.0000,12.9515,0.6600,303.7604
128,Craftovo,Wood,0.4367,32.5886,116.1650,59.1358,45.7135,0.0000,70.1823,0.8867,303.7604
128,Craftovo,Tools,1.9716,0.9639,16.2841,2.1905,0.0000,14.0936,5.6326,0.6285,303.7604
129,Capitalist,Food,0.8212,92.4513,86.9382,10.8673,0.0000,76.0709,11.6177,0.4931,2682.9821
129,Capitalist,Wood,0.3972,260.5153,165.9735,115.9735,115.7073,50.0000,103.7321,1.0000,2682.9821
129,Capitalist,Tools,2.9333,14.0295,17.3125,5.3959,12.8516,10.2146,17.5291,1.0000,2682.9821
129,Farmland,Food,0.6269,77.2834,72.6425,57.0559,0.0000,0.0000,29.4754,0.9409,1379.0571
129,Farmland,Wood,0.5387,71.6025,62.3160,62.3160,47.5000,0.0000,30.4879,1.0000,1379.0571
129,Farmland,Tools,3.9672,10.6843,6.3555,6.3555,0.0000,0.0000,2.7240,0.6807,1379.0571
129,Forresty,Food,1.0832,32.3959,34.8110,2.3783,41.2956,0.0000,22.7357,0.8493,131.1011
129,Forresty,Wood,0.2292,145.6085,147.4223,25.6251,0.0000,121.7972,48.9496,0.7632,131.1011
129,Forresty,Tools,4.6459,8.0532,6.3006,1.2640,9.7039,0.0000,8.1234,0.9762,131.1011
129,Craftovo,Food,0.9886,34.5329,31.3983,25.1526,30.9717,0.0000,10.5263,1.0000,306.8597
129,Craftovo,Wood,0.3930,21.8439,98.2419,54.3007,0.0000,0.0000,65.2528,0.5946,306.8597
129,Craftovo,Tools,1.7745,10.8446,15.4606,1.9326,0.0000,13.5280,6.0888,0.5499,306.8597
130,Capitalist,Food,0.9034,131.2812,80.3538,51.3116,64.9282,0.0000,39.4733,1.0000,2606.7793
130,Capitalist,Wood,0.4370,212.5898,171.3492,48.9002,163.6896,0.0000,202.5759,1.0000,2606.7793
130,Capitalist,Tools,3.2266,21.1848,17.8920,2.2365,13.1625,15.6555,13.1918,1.0000,2606.7793
130,Farmland,Food,0.5642,65.2905,78.1091,9.7636,0.0000,68.3455,11.2423,0.6804,1367.4933
130,Farmland,Wood,0.4897,59.0786,64.9804,64.9804,0.0000,0.0000,15.3391,0.8129,1367.4933
130,Farmland,Tools,4.3639,7.2602,5.8522,0.4633,14.8727,0.0000,11.2507,1.0000,1367.4933
130,Forresty,Food,0.9749,12.1864,44.5372,40.6778,0.0000,0.0000,6.0347,0.8778,168.4979
130,Forresty,Wood,0.2062,128.7245,161.3712,30.6856,0.0000,130.6856,46.7192,0.6426,168.4979
130,Forresty,Tools,4.1813,4.6189,10.2821,6.1325,0.0000,0.0000,6.8587,0.7019,168.4979
130,Craftovo,Food,0.8898,27.5437,30.7705,30.7705,0.0000,0.0000,4.0265,0.7449,357.2295
130,Craftovo,Wood,0.3537,36.4469,83.2386,41.6193,0.0000,41.6193,17.0217,0.6901,357.2295
130,Craftovo,Tools,1.7963,14.9605,14.7790,0.9237,0.0000,13.8553,6.6812,0.4709,357.2295
131,Capitalist,Food,0.8130,41.9220,97.4542,4.4303,56.9707,76.5929,23.7186,0.8057,2597.5047
131,Capitalist,Wood,0.3933,123.2193,271.1547,18.3383,112.0295,0.0000,257.0793,0.9256,2597.5047
131,Capitalist,Tools,3.4335,18.5532,17.4354,3.5255,13.6371,8.7177,15.7538,0.9913,2597.5047
131,Farmland,Food,0.5078,51.3367,70.8513,10.8822,0.0000,59.9692,12.6240,0.5596,1378.9359
131,Farmland,Wood,0.4408,19.0579,51.1560,51.1560,0.0000,0.0000,13.2470,0.6588,1378.9359
131,Farmland,Tools,3.9275,4.6421,10.6416,1.3758,8.2818,0.0000,13.0476,1.0000,1378.9359
131,Forresty,Food,1.0724,31.0801,26.8032,0.6920,52.9449,0.0000,20.4229,0.9482,146.3129
131,Forresty,Wood,0.2269,184.7416,152.8731,34.9474,0.0000,117.9257,51.5671,0.6531,146.3129
131,Forresty,Tools,3.7632,5.2607,8.7381,7.3676,0.0000,0.0000,5.0625,0.7439,146.3129
131,Craftovo,Food,0.9787,45.1684,24.4600,24.4600,19.8183,0.0000,4.7601,0.8979,377.2465
131,Craftovo,Wood,0.3891,104.2710,53.2298,53.2298,0.0000,0.0000,19.4896,0.6475,377.2465
131,Craftovo,Tools,1.9759,19.7979,15.3118,0.9570,0.0000,14.3548,6.6109,0.4732,377.2465
132,Capitalist,Food,0.7317,30.0414,84.3725,5.5784,61.3087,72.7488,25.6160,0.6970,2591.4327
132,Capitalist,Wood,0.3539,150.7589,346.7072,21.4260,113.5296,0.0000,322.1943,0.7565,2591.4327
132,Capitalist,Tools,3.0902,10.5135,20.0970,2.4541,10.5135,10.0485,16.9926,0.7945,2591.4327
132,Farmland,Food,0.4570,57.5491,68.9885,4.4531,0.0000,64.5354,14.0804,0.4685,1384.8011
132,Farmland,Wood,0.3967,24.4961,51.5585,51.5585,0.0000,0.0000,15.6320,0.6317,1384.8011
132,Farmland,Tools,3.5348,5.3043,13.8220,1.0658,9.5461,0.0000,16.0210,1.0000,1384.8011
132,Forresty,Food,0.9652,28.0023,41.8398,41.8398,4.6978,0.0000,4.8886,0.9361,175.9234
132,Forresty,Wood,0.2428,176.1442,164.5598,45.0550,0.0000,119.5048,47.1707,0.7247,175.9234
132,Forresty,Tools,3.3869,5.3348,6.5586,6.5586,0.0000,0.0000,2.8563,0.8179,175.9234
132,Craftovo,Food,1.0766,43.0079,27.0258,0.0000,64.4136,0.0000,24.0728,1.0000,347.8428
132,Craftovo,Wood,0.4280,99.2713,58.7145,58.7145,0.0000,0.0000,26.9650,0.5946,347.8428
132,Craftovo,Tools,2.1735,18.8766,15.1440,4.0772,0.0000,11.0668,6.0770,0.6943,347.8428
133,Capitalist,Food,0.6586,26.0269,78.1480,19.5370,63.6701,58.6110,20.0980,0.9362,2653.2205
133,Capitalist,Wood,0.3185,143.8719,410.1463,143.4057,47.5000,84.4987,226.2637,0.9690,2653.2205
133,Capitalist,Tools,2.7811,11.8829,21.3356,6.9546,7.5290,14.3811,9.2285,0.9258,2653.2205
133,Farmland,Food,0.4113,58.8687,71.4892,4.4681,0.0000,67.0211,15.6157,0.4687,1399.7294
133,Farmland,Wood,0.3570,23.6337,50.9845,50.9845,0.0000,0.0000,17.8552,0.6299,1399.7294
133,Farmland,Tools,3.1813,5.3808,16.0359,4.2289,6.6068,0.0000,15.4642,1.0000,1399.7294
133,Forresty,Food,1.0617,37.7876,24.7657,11.9130,37.1203,0.0000,15.6451,0.8426,125.3602
133,Forresty,Wood,0.2512,170.2535,164.6070,95.1916,0.0000,50.0000,94.0467,0.7462,125.3602
133,Forresty,Tools,3.7256,8.8324,5.6404,5.6404,7.0552,0.0000,5.1231,0.9946,125.3602
133,Craftovo,Food,0.9689,34.5044,43.4797,15.5738,18.5601,0.0000,21.5663,0.7280,321.6899
133,Craftovo,Wood,0.4595,62.4546,58.1749,20.6613,80.2738,0.0000,61.3939,0.8830,321.6899
133,Craftovo,Tools,2.2024,16.0614,15.8504,7.9252,0.0000,7.9252,7.0289,0.8452,321.6899
134,Capitalist,Food,0.7244,102.2279,72.1966,10.3103,43.4195,61.8863,14.1616,0.7907,2684.9547
134,Capitalist,Wood,0.2867,185.7651,293.9553,142.0630,18.0923,132.9024,115.7873,0.8365,2684.9547
134,Capitalist,Tools,3.0592,27.9710,16.0081,15.1206,14.0989,0.0000,19.9304,1.0000,2684.9547
134,Farmland,Food,0.4525,86.3542,60.9396,15.2349,0.0000,45.7047,17.2339,0.6213,1414.0331
134,Farmland,Wood,0.3568,53.0792,53.1103,53.1103,33.0268,0.0000,20.5363,0.8761,1414.0331
134,Farmland,Tools,2.8632,5.4614,15.2872,8.5918,0.0000,0.0000,11.2039,0.8564,1414.0331
134,Forresty,Food,0.9555,26.9168,32.3422,4.5056,29.4077,0.0000,21.7319,0.7014,108.1226
134,Forresty,Wood,0.2261,132.0797,180.5911,56.0338,0.0000,19.0445,155.9992,0.7301,108.1226
134,Forresty,Tools,3.3530,5.4812,6.3754,6.3754,0.0000,0.0000,3.5598,0.7958,108.1226
134,Craftovo,Food,0.8720,31.0162,40.9630,0.2730,29.3843,0.0000,25.3412,0.7259,292.8896
134,Craftovo,Wood,0.4135,50.5849,89.6659,0.5757,93.2304,0.0000,100.3368,0.8754,292.8896
134,Craftovo,Tools,1.9822,5.9077,15.8304,0.9894,0.0000,14.8410,5.8315,0.5513,292.8896
135,Capitalist,Food,0.7968,145.7425,79.5894,37.6891,56.4313,0.0000,40.9009,0.9343,2575.2751
135,Capitalist,Wood,0.3154,270.2368,158.1115,46.2787,152.7106,47.0981,162.7056,0.9799,2575.2751
135,Capitalist,Tools,3.3264,18.3547,16.8808,0.0000,18.3547,0.0000,31.6365,1.0000,2575.2751
135,Farmland,Food,0.4977,88.1976,68.7510,9.3497,0.0000,59.4014,15.7664,0.5379,1477.7918
135,Farmland,Wood,0.3925,75.3434,52.8708,52.8708,0.0000,0.0000,19.2810,0.6540,1477.7918
135,Farmland,Tools,2.5768,5.5464,11.3590,2.8398,0.0000,8.5193,2.8168,0.6846,1477.7918
135,Forresty,Food,0.8600,30.4714,38.8744,38.8744,0.0000,0.0000,4.2595,0.8817,145.6338
135,Forresty,Wood,0.2034,142.2998,221.4961,60.7480,0.0000,160.7480,64.1359,0.9193,145.6338
135,Forresty,Tools,3.6883,6.7138,5.6230,5.6230,0.0000,0.0000,2.3567,0.7743,145.6338
135,Craftovo,Food,0.7848,7.2847,45.7416,13.8098,0.0000,0.0000,21.8512,0.4500,301.2993
135,Craftovo,Wood,0.3722,13.8845,120.7272,32.0834,44.7432,0.0000,85.5335,0.9260,301.2993
135,Craftovo,Tools,1.7839,1.4220,15.7991,4.9976,0.0000,10.8015,6.6998,0.7297,301.2993
136,Capitalist,Food,0.7172,32.6559,98.9214,67.7976,47.5000,29.1999,29.5628,1.0000,2629.8733
136,Capitalist,Wood,0.2838,112.0430,202.8367,56.6631,47.5000,146.1736,82.3595,0.7735,2629.8733
136,Capitalist,Tools,2.9937,14.7708,30.2769,6.7445,11.6259,12.3887,25.1742,1.0000,2629.8733
136,Farmland,Food,0.5475,84.0932,75.6474,25.6474,0.0000,50.0000,14.3671,0.7689,1470.2607
136,Farmland,Wood,0.4317,120.3519,63.1263,63.1263,96.3474,0.0000,59.4326,1.0000,1470.2607
136,Farmland,Tools,2.8345,16.2211,5.5765,5.5765,0.0000,0.0000,3.1445,0.6654,1470.2607
136,Forresty,Food,0.9459,54.8666,25.7434,16.5801,27.7399,0.0000,14.3919,0.7623,85.1253
136,Forresty,Wood,0.2238,169.2044,144.6676,84.6557,0.0000,50.0000,101.4946,0.7297,85.1253
136,Forresty,Tools,4.0571,12.1926,5.5877,4.6697,11.7693,0.0000,8.0965,1.0000,85.1253
136,Craftovo,Food,0.7064,22.2640,39.9818,33.8125,0.0000,0.0000,9.9072,0.7312,314.7408
136,Craftovo,Wood,0.3350,33.2820,119.3622,67.6465,42.5175,0.0000,79.0059,0.8662,314.7408
136,Craftovo,Tools,1.6055,3.9960,13.9861,1.7483,0.0000,12.2378,6.6505,0.5747,314.7408
137,Capitalist,Food,0.6454,54.3345,72.1601,18.0400,33.1132,54.1201,12.7748,0.8482,2691.0957
137,Capitalist,Wood,0.3122,219.5575,162.3631,81.1815,67.8269,81.1815,66.0192,0.9609,2691.0957
137,Capitalist,Tools,2.6944,14.4334,25.5412,6.0686,12.4923,19.4725,15.5327,1.0000,2691.0957
137,Farmland,Food,0.6022,80.1797,69.7119,34.8560,0.0000,34.8560,13.6327,0.8825,1414.2040
137,Farmland,Wood,0.4749,84.4121,63.0966,37.2056,77.1225,0.0000,74.6519,1.0000,1414.2040
137,Farmland,Tools,3.1180,13.8603,6.2765,2.6388,14.3868,0.0000,11.6580,1.0000,1414.2040
137,Forresty,Food,0.8514,24.5721,33.6041,6.8908,34.2761,0.0000,22.0459,0.7983,65.4682
137,Forresty,Wood,0.2014,134.5753,156.8073,38.2872,0.0000,71.3967,108.8519,0.7297,65.4682
137,Forresty,Tools,3.6514,3.2495,7.1312,2.1119,4.1121,0.0000,7.3575,0.9776,65.4682
137,Craftovo,Food,0.7770,38.4420,28.5461,28.5461,17.1380,0.0000,7.6741,0.9009,329.2321
137,Craftovo,Wood,0.3015,25.4158,92.4274,75.6074,0.0000,0.0000,58.4134,0.7255,329.2321
137,Craftovo,Tools,1.4869,12.9898,14.0264,0.8767,0.0000,13.1498,7.2732,0.4675,329.2321
138,Capitalist,Food,0.7100,128.2601,66.9010,22.0954,47.5000,44.8056,15.9998,0.8322,2645.5302
138,Capitalist,Wood,0.3434,298.1098,165.5779,116.3958,175.9308,0.0000,181.6225,1.0000,2645.5302
138,Capitalist,Tools,2.9638,23.1774,14.8303,7.4152,11.5143,7.4152,15.8260,1.0000,2645.5302
138,Farmland,Food,0.5420,61.8840,75.6724,25.6724,0.0000,50.0000,11.7609,0.7778,1447.9287
138,Farmland,Wood,0.4274,34.4383,81.1373,81.1373,0.0000,0.0000,31.7696,0.9527,1447.9287
138,Farmland,Tools,2.8062,4.7797,9.4061,9.4061,0.0000,0.0000,6.6669,1.0000,1447.9287
138,Forresty,Food,0.7662,14.0374,38.0279,31.2469,0.0000,0.0000,9.4851,0.7462,83.1674
138,Forresty,Wood,0.1813,48.9105,191.2069,6.0166,0.0000,185.1903,52.6935,0.6303,83.1674
138,Forresty,Tools,3.2863,0.8928,10.0791,6.0556,7.0444,0.0000,8.9818,1.0000,83.1674
138,Craftovo,Food,0.8547,37.2229,24.5849,17.6991,42.5653,0.0000,16.1196,0.9450,323.3737
138,Craftovo,Wood,0.2713,46.7266,67.5543,58.3674,0.0000,0.0000,58.5697,0.5946,323.3737
138,Craftovo,Tools,1.6356,18.4940,13.8518,1.7315,0.0000,12.1203,7.7482,0.5281,323.3737
139,Capitalist,Food,0.7810,92.8003,72.1624,24.9322,47.5000,0.0000,43.2252,0.7844,2571.4871
139,Capitalist,Wood,0.3097,174.4638,193.4560,12.8393,140.8317,74.5848,178.2889,1.0000,2571.4871
139,Capitalist,Tools,3.2602,22.4079,16.4401,5.7616,13.9443,0.0000,24.6859,1.0000,2571.4871
139,Farmland,Food,0.5952,80.5836,73.3798,23.3798,0.0000,50.0000,13.4198,0.7297,1451.7126
139,Farmland,Wood,0.4702,72.5274,50.6034,50.6034,70.8555,0.0000,43.1666,1.0000,1451.7126
139,Farmland,Tools,3.0868,6.7816,5.8041,5.8041,0.0000,0.0000,3.5730,0.9144,1451.7126
139,Forresty,Food,0.8428,31.1178,26.7782,26.7782,0.0000,0.0000,5.8693,0.6642,109.1072
139,Forresty,Wood,0.1661,135.7993,148.1734,30.5865,0.0000,117.5869,57.8645,0.6222,109.1072
139,Forresty,Tools,2.9577,2.4678,9.3075,9.3075,0.0000,0.0000,4.8424,0.9710,109.1072
139,Craftovo,Food,0.7886,26.4650,28.6829,28.6829,0.0000,0.0000,5.0503,0.7748,367.6931
139,Craftovo,Wood,0.2649,59.8608,61.3140,30.6570,0.0000,30.6570,26.3085,0.6873,367.6931
139,Craftovo,Tools,1.7991,17.8658,15.6567,0.9785,0.0000,14.6782,7.1613,0.4747,367.6931
140,Capitalist,Food,0.7029,38.4790,98.5062,7.4669,33.6647,91.0393,11.4458,0.6829,2653.4174
140,Capitalist,Wood,0.2787,186.2854,230.2241,163.5591,47.5000,66.6650,116.0771,1.0000,2653.4174
140,Capitalist,Tools,2.9342,10.3135,26.7222,7.8149,12.7288,14.5635,19.7691,1.0000,2653.4174
140,Farmland,Food,0.6031,71.7960,70.8526,35.4161,0.0000,35.4365,18.3058,0.7297,1399.8902
140,Farmland,Wood,0.5172,68.8555,59.2587,41.3139,63.3317,0.0000,48.8432,1.0000,1399.8902
140,Farmland,Tools,3.3955,10.9933,6.2904,0.0000,13.8353,0.0000,11.5376,1.0000,1399.8902
140,Forresty,Food,0.9271,36.9910,24.6844,9.8557,36.8325,0.0000,18.7498,0.7568,88.1992
140,Forresty,Wood,0.1827,189.9685,148.5765,98.5765,0.0000,50.0000,80.9398,0.9284,88.1992
140,Forresty,Tools,3.2534,5.8587,5.1722,5.1722,0.0000,0.0000,2.8578,0.7974,88.1992
140,Craftovo,Food,0.8675,53.1210,22.8425,22.8425,49.6549,0.0000,16.1560,1.0000,358.4933
140,Craftovo,Wood,0.2914,141.7652,55.5486,55.5486,0.0000,0.0000,28.5272,0.6492,358.4933
140,Craftovo,Tools,1.9791,19.7820,15.3129,1.9141,0.0000,13.3988,6.6017,0.5410,358.4933
141,Capitalist,Food,0.7732,110.9173,68.0086,24.1856,50.3119,43.8229,15.5395,0.8562,2614.5952
141,Capitalist,Wood,0.3066,261.7795,161.0130,77.0422,120.5425,61.9171,137.1738,1.0000,2614.5952
141,Capitalist,Tools,3.1403,21.1839,19.7936,7.4914,13.6925,0.0000,28.5607,1.0000,2614.5952
141,Farmland,Food,0.5428,35.2758,70.6133,17.6533,0.0000,52.9599,12.3230,0.7297,1409.0283
141,Farmland,Wood,0.4655,7.9836,73.9067,17.0980,58.8213,0.0000,72.7657,0.7867,1409.0283
141,Farmland,Tools,3.0559,4.7426,11.6509,6.9378,0.0000,0.0000,9.1137,0.7846,1409.0283
141,Forresty,Food,0.9307,35.3795,35.2428,35.2428,0.0000,0.0000,4.4737,0.8573,115.4092
141,Forresty,Wood,0.1645,133.8388,153.7737,26.8868,0.0000,126.8868,57.4570,0.7277,115.4092
141,Forresty,Tools,3.1287,5.5578,5.7794,5.7794,0.0000,0.0000,2.4418,0.6896,115.4092
141,Craftovo,Food,0.9188,29.8388,28.1731,17.3739,41.6318,0.0000,19.3567,1.0000,360.9674
141,Craftovo,Wood,0.3205,102.8447,51.9915,51.9915,0.0000,0.0000,25.9321,0.6351,360.9674
141,Craftovo,Tools,2.1770,18.3497,16.4721,2.0590,0.0000,14.4131,6.0682,0.5513,360.9674
142,Capitalist,Food,0.6959,68.4858,78.8406,8.0907,0.0000,70.7498,11.5996,0.3867,2671.3409
142,Capitalist,Wood,0.3101,189.3012,187.1743,137.1743,108.9389,50.0000,151.2349,1.0000,2671.3409
142,Capitalist,Tools,2.8262,16.0060,27.6391,5.0946,13.5956,12.6161,25.2248,1.0000,2671.3409
142,Farmland,Food,0.5971,79.9409,65.1353,50.5281,0.0000,0.0000,30.9735,0.8316,1393.5233
142,Farmland,Wood,0.4189,54.4958,94.7203,68.9028,47.5000,0.0000,57.0031,1.0000,1393.5233
142,Farmland,Tools,2.7503,5.4933,9.4874,6.2439,0.0000,0.0000,8.5266,0.6478,1393.5233
142,Forresty,Food,1.0238,41.1576,25.9407,1.2508,44.1538,0.0000,19.9961,0.8229,56.5379
142,Forresty,Wood,0.1809,206.8757,143.4596,28.7872,0.0000,114.6725,66.6312,0.5740,56.5379
142,Forresty,Tools,3.4416,11.0059,5.5727,1.5133,11.9853,0.0000,9.0692,0.9713,56.5379
142,Craftovo,Food,0.8269,27.1674,33.8659,33.8659,23.0586,0.0000,12.1211,0.9898,378.5979
142,Craftovo,Wood,0.3526,97.8405,58.3185,58.3185,0.0000,0.0000,21.9190,0.6945,378.5979
142,Craftovo,Tools,2.2076,16.5856,16.3556,2.0445,0.0000,14.3112,5.5595,0.5503,378.5979
143,Capitalist,Food,0.7655,125.1579,73.1652,31.5467,72.0097,41.6185,23.6880,0.9601,2626.4464
143,Capitalist,Wood,0.3411,209.8917,169.8086,49.8119,143.1927,0.0000,227.5517,1.0000,2626.4464
143,Capitalist,Tools,2.5436,21.3025,24.3243,13.3400,7.9624,8.7139,20.7809,1.0000,2626.4464
143,Farmland,Food,0.5374,60.1185,78.2448,2.4452,0.0000,75.7997,11.8724,0.5892,1441.2180
143,Farmland,Wood,0.3770,50.1143,74.6793,74.6793,0.0000,0.0000,19.7420,0.9326,1441.2180
143,Farmland,Tools,2.4753,5.5800,8.2470,8.2470,0.0000,0.0000,4.1460,0.9771,1441.2180
143,Forresty,Food,0.9214,9.5290,40.8231,13.1124,0.0000,0.0000,18.4051,0.4801,65.3414
143,Forresty,Wood,0.1628,50.8962,156.4222,5.6931,0.0000,150.7291,57.9626,0.4723,65.3414
143,Forresty,Tools,3.0974,1.2060,9.2004,3.7839,8.2782,0.0000,10.9929,1.0000,65.3414
143,Craftovo,Food,0.9096,37.7788,23.5078,16.9367,39.5376,0.0000,14.8686,1.0000,366.9943
143,Craftovo,Wood,0.3878,101.1096,60.6020,60.6020,0.0000,0.0000,30.6969,0.5946,366.9943
143,Craftovo,Tools,2.3518,17.8585,16.7630,8.3815,0.0000,8.3815,5.4870,0.9993,366.9943
144,Capitalist,Food,0.6889,64.6563,72.4487,52.3102,0.0000,20.1386,11.7541,0.8016,2727.2424
144,Capitalist,Wood,0.3070,208.3300,261.7525,97.4762,47.5000,164.2764,86.9282,1.0000,2727.2424
144,Capitalist,Tools,2.2892,13.6890,17.8781,4.5122,0.0000,13.3659,6.4626,1.0000,2727.2424
144,Farmland,Food,0.5911,80.9283,65.9357,61.4585,0.0000,0.0000,26.1574,0.9752,1391.2946
144,Farmland,Wood,0.4147,108.0192,51.2556,51.2556,47.5000,0.0000,21.4384,0.9669,1391.2946
144,Farmland,Tools,2.7228,13.1680,5.6382,5.6382,12.6976,0.0000,11.1317,1.0000,1391.2946
144,Forresty,Food,0.8293,17.5800,38.7376,27.8292,0.0000,0.0000,10.8690,0.6499,79.9238
144,Forresty,Wood,0.1465,94.0156,149.3870,99.3870,0.0000,50.0000,103.6365,0.7297,79.9238
144,Forresty,Tools,2.7877,1.0786,9.8609,9.8609,0.0000,0.0000,5.7008,1.0000,79.9238
144,Craftovo,Food,1.0005,42.2571,28.2389,0.0000,19.1316,0.0000,19.6437,0.6045,301.5392
144,Craftovo,Wood,0.4266,113.1832,59.9740,0.0000,108.5625,0.0000,83.0981,0.9221,301.5392
144,Craftovo,Tools,2.3455,15.6211,15.6630,7.8840,0.0000,0.0000,14.5878,0.7297,301.5392
145,Capitalist,Food,0.7578,138.2771,77.8818,9.7352,69.4904,68.1466,17.4635,0.8683,2674.0429
145,Capitalist,Wood,0.3377,270.4228,159.5215,97.9007,114.6863,0.0000,154.7660,1.0000,2674.0429
145,Capitalist,Tools,2.5182,36.5780,15.1512,15.1512,16.6748,0.0000,19.2839,1.0000,2674.0429
145,Farmland,Food,0.5320,57.4288,75.5073,2.3596,0.0000,73.1477,12.0043,0.5895,1436.8604
145,Farmland,Wood,0.3732,48.3968,56.4501,56.4501,0.0000,0.0000,15.8118,0.6948,1436.8604
145,Farmland,Tools,2.4506,5.1030,5.6738,5.6738,0.0000,0.0000,5.7194,1.0000,1436.8604
145,Forresty,Food,0.9122,35.2928,28.6005,15.6937,36.9939,0.0000,18.0521,0.8505,68.4260
145,Forresty,Wood,0.1319,115.7803,146.2177,25.4954,0.0000,120.7224,83.2992,0.7376,68.4260
145,Forresty,Tools,2.5089,1.3083,5.0620,5.0620,0.0000,0.0000,4.6646,0.7026,68.4260
145,Craftovo,Food,0.9005,22.9538,44.1984,17.1646,27.7454,0.0000,24.1701,0.7297,320.6707
145,Craftovo,Wood,0.3839,51.5597,106.7352,98.2970,0.0000,0.0000,39.1398,0.9477,320.6707
145,Craftovo,Tools,2.1110,0.8864,22.5422,4.9898,0.0000,17.5524,6.1143,0.8801,320.6707
146,Capitalist,Food,0.8336,107.0835,78.9701,1.5070,68.5702,44.3781,32.0246,0.8352,2599.7579
146,Capitalist,Wood,0.3633,223.7565,207.9786,28.5175,127.2512,0.0000,229.4339,0.8863,2599.7579
146,Capitalist,Tools,2.7700,22.7457,17.9296,3.7404,15.5489,0.0000,30.3648,1.0000,2599.7579
146,Farmland,Food,0.5808,81.3360,74.5076,2.3284,0.0000,72.1792,13.4272,0.4384,1486.1535
146,Farmland,Wood,0.4106,124.2231,50.1835,50.1835,0.0000,0.0000,18.2143,0.6259,1486.1535
146,Farmland,Tools,2.6956,15.6179,5.0453,5.0453,0.0000,0.0000,3.3070,0.8226,1486.1535
146,Forresty,Food,0.8210,19.9374,31.3039,31.3039,0.0000,0.0000,4.7443,0.7991,100.6927
146,Forresty,Wood,0.1371,143.7666,138.2695,4.3209,0.0000,133.9486,75.2322,0.5362,100.6927
146,Forresty,Tools,2.2580,2.9470,5.7807,2.8903,0.0000,2.8903,3.2304,0.6003,100.6927
146,Craftovo,Food,0.9905,45.0096,37.8746,27.6370,42.1592,0.0000,22.3037,1.0000,313.3959
146,Craftovo,Wood,0.3456,36.7062,63.8100,56.2329,0.0000,0.0000,44.3095,0.5946,313.3959
146,Craftovo,Tools,1.8999,9.0250,15.7102,2.2332,0.0000,13.4770,5.7211,0.6300,313.3959
147,Capitalist,Food,0.7502,26.5781,92.7384,49.7241,34.0810,43.0143,11.4706,0.9814,2684.0451
147,Capitalist,Wood,0.3270,139.4134,291.5491,145.7745,47.5000,145.7745,91.2897,1.0000,2684.0451
147,Capitalist,Tools,2.4930,10.4735,29.7266,11.3759,6.6364,18.3507,16.3203,1.0000,2684.0451
147,Farmland,Food,0.6301,77.8470,71.7495,35.8748,0.0000,35.8748,15.6629,0.8168,1402.0602
147,Farmland,Wood,0.4516,160.6952,53.9225,17.6533,138.4858,0.0000,83.1164,1.0000,1402.0602
147,Farmland,Tools,2.9652,19.8342,6.0235,2.4011,17.4332,0.0000,14.1873,1.0000,1402.0602
147,Forresty,Food,0.9031,30.6331,25.1429,25.1429,0.0000,0.0000,5.4809,0.6251,116.2244
147,Forresty,Wood,0.1508,226.5602,147.3224,97.3224,0.0000,50.0000,97.3667,0.8644,116.2244
147,Forresty,Tools,2.4838,12.2674,4.8972,4.8972,0.0000,0.0000,3.5805,0.6173,116.2244
147,Craftovo,Food,0.8915,26.2875,30.5735,4.2233,40.8636,0.0000,20.5280,0.9920,297.6703
147,Craftovo,Wood,0.3110,49.1640,57.0900,52.0383,0.0000,0.0000,44.3513,0.5946,297.6703
147,Craftovo,Tools,2.0899,15.4876,13.9714,6.9857,0.0000,6.9857,8.3412,0.7297,297.6703
148,Capitalist,Food,0.8252,115.4102,71.0645,35.5323,63.5678,35.5323,18.7025,0.9930,2630.1867
148,Capitalist,Wood,0.3597,215.9399,160.1153,46.7890,141.8673,0.0000,183.5117,0.9705,2630.1867
148,Capitalist,Tools,2.7423,24.6534,14.4478,3.6120,14.8269,10.8359,16.1743,1.0000,2630.1867
148,Farmland,Food,0.5671,48.6387,76.4725,9.5591,0.0000,66.9135,11.1772,0.5894,1416.5116
148,Farmland,Wood,0.4065,56.6626,83.5645,83.3693,0.0000,0.0000,37.8336,0.9195,1416.5116
148,Farmland,Tools,3.2617,9.7915,8.5988,0.5111,10.2941,0.0000,16.9075,1.0000,1416.5116
148,Forresty,Food,0.9934,35.8662,26.8629,19.4304,33.7556,0.0000,11.8664,0.9269,109.3885
148,Forresty,Wood,0.1659,185.0319,140.9651,20.7735,0.0000,120.1916,67.5601,0.7257,109.3885
148,Forresty,Tools,2.7322,14.6449,6.2337,6.2337,0.0000,0.0000,4.0314,0.6480,109.3885
148,Craftovo,Food,0.8023,26.0823,37.4881,37.4881,0.0000,0.0000,4.7463,0.8490,343.9132
148,Craftovo,Wood,0.3021,56.6097,58.2848,29.1424,0.0000,29.1424,22.6864,0.6221,343.9132
148,Craftovo,Tools,1.8809,3.2683,16.9740,1.3668,0.0000,15.6072,5.7744,0.6474,343.9132
149,Capitalist,Food,0.7427,39.4134,72.7744,9.0968,35.8136,63.6776,13.8015,0.6620,2621.3535
149,Capitalist,Wood,0.3237,137.1835,243.8884,10.5622,113.7468,50.0000,225.3040,0.7552,2621.3535
149,Capitalist,Tools,2.8190,16.4411,15.9937,5.2449,11.8058,0.0000,22.8359,1.0000,2621.3535
149,Farmland,Food,0.5104,45.9100,75.5072,37.8087,0.0000,37.6985,19.4302,0.7464,1419.5671
149,Farmland,Wood,0.3835,47.1274,49.9503,33.2393,47.5000,0.0000,56.4365,0.7494,1419.5671
149,Farmland,Tools,2.9355,8.9787,12.5995,10.7097,0.0000,0.0000,10.6142,1.0000,1419.5671
149,Forresty,Food,0.8940,23.0244,32.8969,14.9616,34.5678,0.0000,13.7604,0.9992,105.9194
149,Forresty,Wood,0.1825,205.9638,141.4942,21.7607,0.0000,119.7334,62.4194,0.5596,105.9194
149,Forresty,Tools,3.0054,8.4964,5.9604,5.9604,0.0000,0.0000,4.0702,0.6546,105.9194
149,Craftovo,Food,0.8825,49.1791,27.0715,27.0715,25.9259,0.0000,9.8298,0.8992,353.1600
149,Craftovo,Wood,0.3323,154.3218,57.1967,57.1967,0.0000,0.0000,23.4397,0.6756,353.1600
149,Craftovo,Tools,2.0690,17.5517,14.5092,2.0821,0.0000,12.4271,6.3498,0.5529,353.1600
150,Capitalist,Food,0.6684,35.4963,73.9294,36.9647,42.3848,36.9647,12.7452,0.9505,2722.9602
150,Capitalist,Wood,0.2913,170.3144,290.1623,144.7032,47.5000,145.4591,93.1442,1.0000,2722.9602
150,Capitalist,Tools,2.5371,11.0100,24.6601,5.3844,0.0000,19.2756,5.8124,0.8229,2722.9602
150,Farmland,Food,0.5390,76.1653,72.1273,27.5117,0.0000,44.6156,16.8901,0.8111,1378.1392
150,Farmland,Wood,0.4218,92.6901,62.2825,47.9427,90.6861,0.0000,75.8177,1.0000,1378.1392
150,Farmland,Tools,3.2291,8.4056,6.7352,0.6605,10.6410,0.0000,14.3457,1.0000,1378.1392
150,Forresty,Food,0.8046,26.5397,32.7857,32.7857,0.0000,0.0000,5.2465,0.7315,94.3989
150,Forresty,Wood,0.2008,196.3788,164.3194,114.3194,0.0000,50.0000,98.1364,0.8318,94.3989
150,Forresty,Tools,3.3059,7.7140,6.4932,6.4932,7.6708,0.0000,6.9013,1.0000,94.3989
150,Craftovo,Food,0.9708,41.9869,25.3966,2.8377,35.1165,0.0000,17.6504,0.8253,304.5017
150,Craftovo,Wood,0.3655,117.8598,58.5414,33.7285,47.5000,0.0000,64.8488,0.6076,304.5017
150,Craftovo,Tools,2.2759,18.4470,16.5555,14.0365,0.0000,0.0000,12.7680,1.0000,304.5017
151,Capitalist,Food,0.7353,120.3602,74.5151,44.4674,57.0153,30.0477,31.2586,0.8379,2688.6079
151,Capitalist,Wood,0.3205,231.7038,162.7256,63.9196,119.7528,74.2788,130.5802,0.8947,2688.6079
151,Capitalist,Tools,2.7908,34.7471,15.0411,15.0411,9.1218,0.0000,12.0860,1.0000,2688.6079
151,Farmland,Food,0.4851,49.5433,68.5898,8.5737,0.0000,60.0161,13.2475,0.5678,1404.9610
151,Farmland,Wood,0.3797,18.8918,66.6594,57.1851,23.0649,0.0000,48.7806,0.9275,1404.9610
151,Farmland,Tools,2.9062,4.7643,11.2557,8.1526,0.0000,0.0000,8.7518,1.0000,1404.9610
151,Forresty,Food,0.8851,36.4344,24.8656,24.8656,0.0000,0.0000,5.4970,0.6301,124.3409
151,Forresty,Wood,0.1935,146.6214,152.1111,26.0555,0.0000,126.0555,58.3778,0.8256,124.3409
151,Forresty,Tools,2.9753,5.7292,6.4298,6.4298,0.0000,0.0000,3.4039,0.9416,124.3409
151,Craftovo,Food,0.9128,37.4162,39.7955,13.8337,28.5453,0.0000,22.5948,0.7381,282.0903
151,Craftovo,Wood,0.4020,95.8168,77.6044,34.7226,47.5000,0.0000,65.3283,0.8951,282.0903
151,Craftovo,Tools,2.0483,0.8219,19.2038,7.4545,0.0000,9.6019,11.4201,0.9182,282.0903
152,Capitalist,Food,0.8088,102.3501,80.0667,1.0079,62.1273,0.0000,55.6233,0.8835,2567.9840
152,Capitalist,Wood,0.3525,242.7222,172.8408,29.5798,122.6492,0.0000,208.2869,0.8578,2567.9840
152,Capitalist,Tools,3.0699,23.5133,16.6117,3.3968,19.0887,0.0000,26.0649,1.0000,2567.9840
152,Farmland,Food,0.5336,85.1800,69.7570,4.3598,0.0000,65.3972,14.7376,0.4672,1458.6333
152,Farmland,Wood,0.4176,71.1837,58.3968,58.3968,0.0000,0.0000,17.8172,0.8701,1458.6333
152,Farmland,Tools,2.6156,5.5341,7.9632,3.9816,0.0000,3.9816,2.7718,0.8111,1458.6333
152,Forresty,Food,0.9736,45.5939,29.3119,29.3119,0.0000,0.0000,4.7975,0.6857,157.9261
152,Forresty,Wood,0.2129,185.1797,158.2089,29.1044,0.0000,129.1044,54.6206,0.6509,157.9261
152,Forresty,Tools,3.2729,10.7144,5.5322,5.5322,0.0000,0.0000,2.7014,0.7337,157.9261
152,Craftovo,Food,0.8215,21.9535,36.7869,36.7869,0.0000,0.0000,9.3011,0.7353,315.4566
152,Craftovo,Wood,0.3618,46.2662,94.3061,94.3061,0.0000,0.0000,30.5746,0.9082,315.4566
152,Craftovo,Tools,1.8435,1.1575,16.9279,0.8162,0.0000,16.1117,5.9097,0.7631,315.4566
153,Capitalist,Food,0.7279,27.1691,115.7087,31.3883,34.7073,84.3204,12.9855,0.8249,2642.4798
153,Capitalist,Wood,0.3173,139.5814,278.1408,112.2176,39.4999,110.5338,131.5674,0.8627,2642.4798
153,Capitalist,Tools,2.7629,10.3710,28.6429,10.2033,12.4190,8.4212,25.7365,1.0000,2642.4798
153,Farmland,Food,0.5869,81.2159,73.0681,36.5340,0.0000,36.5340,15.3760,0.8668,1437.2632
153,Farmland,Wood,0.4594,115.2230,57.7994,54.2416,105.0071,0.0000,60.5365,1.0000,1437.2632
153,Farmland,Tools,2.8771,16.0399,5.2550,5.2550,0.0000,0.0000,3.0971,0.6427,1437.2632
153,Forresty,Food,1.0710,52.0346,29.3655,9.0914,50.2856,0.0000,19.2243,0.9714,93.3369
153,Forresty,Wood,0.2342,181.8376,163.1615,116.7148,0.0000,41.5788,93.7988,0.8540,93.3369
153,Forresty,Tools,3.6002,13.7235,6.5283,6.5283,8.0001,0.0000,6.0208,1.0000,93.3369
153,Craftovo,Food,0.9036,39.9448,22.9043,22.9043,29.8189,0.0000,8.3416,0.9995,326.9202
153,Craftovo,Wood,0.3980,59.3710,53.3275,53.3275,0.0000,0.0000,25.0137,0.6906,326.9202
153,Craftovo,Tools,2.0278,18.1386,14.9401,1.8675,0.0000,13.0726,6.4631,0.5397,326.9202
154,Capitalist,Food,0.8007,80.0837,68.4132,34.2066,33.4411,34.2066,12.5383,0.8570,2705.9898
154,Capitalist,Wood,0.3490,214.0013,192.8092,107.7716,117.8053,85.0375,120.1294,1.0000,2705.9898
154,Capitalist,Tools,2.4866,18.5268,24.2460,2.6969,0.0000,21.5491,5.8514,0.8870,2705.9898
154,Farmland,Food,0.5503,66.0074,70.4024,35.2012,0.0000,35.2012,19.2524,0.7297,1394.0002
154,Farmland,Wood,0.5053,71.5479,65.0157,33.1723,65.7819,0.0000,66.1285,1.0000,1394.0002
154,Farmland,Tools,3.1648,13.4050,5.5827,1.4188,14.0589,0.0000,10.7442,1.0000,1394.0002
154,Forresty,Food,0.9639,29.8872,38.1623,38.1623,0.0000,0.0000,5.8916,0.8135,105.9919
154,Forresty,Wood,0.2108,133.3096,153.4050,29.3994,0.0000,124.0056,56.6108,0.7951,105.9919
154,Forresty,Tools,3.2430,5.7815,6.4183,4.8653,6.4128,0.0000,7.3710,1.0000,105.9919
154,Craftovo,Food,0.9940,38.5652,27.3529,5.1334,32.4963,0.0000,21.3394,0.6880,294.0181
154,Craftovo,Wood,0.4378,77.3227,58.9932,52.0386,15.0037,0.0000,42.0311,0.5986,294.0181
154,Craftovo,Tools,2.2306,18.6333,15.5535,10.3506,0.0000,0.0000,15.1072,0.7430,294.0181
155,Capitalist,Food,0.8808,110.4597,82.4769,31.0266,62.4604,41.2385,29.5570,0.8332,2641.0996
155,Capitalist,Wood,0.3839,195.1506,170.2755,26.8879,122.2338,40.6075,168.2268,0.9237,2641.0996
155,Capitalist,Tools,2.7353,35.1832,15.0806,13.0240,18.6942,0.0000,20.3146,1.0000,2641.0996
155,Farmland,Food,0.4953,44.6263,75.1404,9.3925,0.0000,65.7478,12.9625,0.6399,1414.1815
155,Farmland,Wood,0.4548,16.8956,86.4791,38.2396,38.5771,0.0000,67.5899,0.8308,1414.1815
155,Farmland,Tools,2.8483,4.7731,10.0432,8.2463,0.0000,0.0000,7.0731,0.9144,1414.1815
155,Forresty,Food,0.8920,24.8971,26.9037,26.9037,0.0000,0.0000,4.1994,0.6856,142.3415
155,Forresty,Wood,0.2303,171.8977,157.3344,28.6672,0.0000,128.6672,50.5506,0.6855,142.3415
155,Forresty,Tools,2.9187,5.4435,7.2346,7.2346,0.0000,0.0000,3.2852,0.9890,142.3415
155,Craftovo,Food,0.9879,37.3859,37.6183,15.6134,39.1765,0.0000,21.7748,0.9337,302.3774
155,Craftovo,Wood,0.3940,60.9143,69.1894,69.1894,0.0000,0.0000,18.8712,0.8628,302.3774
155,Craftovo,Tools,2.0075,4.9418,21.8332,2.1551,0.0000,19.6781,6.7809,0.7823,302.3774
156,Capitalist,Food,0.7927,54.3646,83.8835,18.4328,55.0969,61.3304,24.2896,0.7940,2664.1435
156,Capitalist,Wood,0.3455,201.3095,232.7376,108.1834,102.3234,25.1443,174.6251,1.0000,2664.1435
156,Capitalist,Tools,2.4617,10.4864,19.5721,1.2233,11.2734,18.3488,12.0660,0.9905,2664.1435
156,Farmland,Food,0.5448,84.2988,66.2820,8.2852,0.0000,57.9967,14.4372,0.5228,1442.2676
156,Farmland,Wood,0.4093,60.6289,89.8723,89.8723,23.8871,0.0000,36.7367,1.0000,1442.2676
156,Farmland,Tools,2.5635,5.5507,7.3309,7.3309,0.0000,0.0000,4.9196,0.8301,1442.2676
156,Forresty,Food,0.9812,45.9416,26.2287,26.2287,0.0000,0.0000,4.7421,0.6420,121.7833
156,Forresty,Wood,0.2533,174.8408,148.9003,41.1914,0.0000,107.7088,46.5042,0.6973,121.7833
156,Forresty,Tools,3.2106,11.2065,5.4592,0.7955,17.4314,0.0000,14.1718,1.0000,121.7833
156,Craftovo,Food,1.0864,41.9081,38.1081,0.0000,58.2639,0.0000,29.8673,1.0000,271.8057
156,Craftovo,Wood,0.3987,51.0053,50.4080,20.6235,0.0000,0.0000,42.6934,0.4145,271.8057
156,Craftovo,Tools,1.8068,10.7196,15.8223,3.9556,0.0000,11.8667,6.6077,0.7297,271.8057
157,Capitalist,Food,0.7135,63.1871,77.9962,15.6101,32.7224,62.3861,11.6118,0.7807,2687.5568
157,Capitalist,Wood,0.3110,131.7445,225.2029,80.0209,47.5000,83.5097,138.5179,0.7915,2687.5568
157,Capitalist,Tools,2.7079,28.0399,15.6224,15.6224,12.7952,0.0000,21.0560,1.0000,2687.5568
157,Farmland,Food,0.5993,80.3757,68.8893,34.4446,0.0000,34.4446,18.8813,0.7297,1431.7097
157,Farmland,Wood,0.4502,70.0165,53.6729,52.6203,79.3342,0.0000,55.8291,1.0000,1431.7097
157,Farmland,Tools,2.8199,8.2325,5.4119,5.4119,0.0000,0.0000,3.9976,0.7319,1431.7097
157,Forresty,Food,0.9593,26.5123,27.1181,15.0861,23.7898,0.0000,10.9093,0.7982,113.7331
157,Forresty,Wood,0.2280,131.9867,148.5096,90.9296,0.0000,50.0000,81.9033,0.7297,113.7331
157,Forresty,Tools,2.8895,7.9661,9.9171,9.9171,0.0000,0.0000,8.4875,1.0000,113.7331
157,Craftovo,Food,0.9777,13.5498,48.9376,1.4934,35.4770,0.0000,30.3833,0.7980,267.0003
157,Craftovo,Wood,0.3588,26.6117,76.3542,12.7556,0.0000,0.0000,67.7329,0.3532,267.0003
157,Craftovo,Tools,1.6261,2.9930,14.3666,0.8979,0.0000,13.4686,6.5775,0.5128,267.0003
158,Capitalist,Food,0.7848,104.8337,68.6190,16.3071,67.2625,52.3119,23.6670,0.7984,2654.7984
158,Capitalist,Wood,0.3421,261.7051,196.4987,86.7376,112.4486,0.0000,186.6921,0.9891,2654.7984
158,Capitalist,Tools,2.7481,17.8696,17.6083,5.2302,14.0129,8.8041,22.7588,1.0000,2654.7984
158,Farmland,Food,0.5394,61.4846,75.5228,4.7202,0.0000,70.8026,11.8246,0.5543,1452.5158
158,Farmland,Wood,0.4055,54.1951,60.1775,60.1775,0.0000,0.0000,15.9485,0.9545,1452.5158
158,Farmland,Tools,3.1018,9.7232,5.8125,5.8125,8.3639,0.0000,6.8709,1.0000,1452.5158
158,Forresty,Food,1.0530,37.2369,33.9215,25.3280,34.2045,0.0000,13.4479,0.9862,108.9993
158,Forresty,Wood,0.2052,141.8469,157.8226,39.4557,0.0000,118.3670,67.6301,0.7297,108.9993
158,Forresty,Tools,3.1785,7.5084,5.2688,5.2688,0.0000,0.0000,4.2876,0.9444,108.9993
158,Craftovo,Food,0.8800,9.9580,48.3360,19.5744,15.4918,0.0000,19.3871,0.7879,283.6865
158,Craftovo,Wood,0.3230,13.4626,101.3115,62.7281,0.0000,0.0000,63.3107,0.5946,283.6865
158,Craftovo,Tools,1.4635,4.1107,15.7338,0.9834,0.0000,14.7504,7.1963,0.4751,283.6865
159,Capitalist,Food,0.7063,52.9122,73.2894,25.0238,32.6479,48.2656,11.3718,0.8472,2715.4730
159,Capitalist,Wood,0.3078,152.5625,250.3084,165.3978,47.5000,84.9106,112.9535,1.0000,2715.4730
159,Capitalist,Tools,2.4733,16.8212,18.7218,1.3559,13.6524,17.3659,15.4121,1.0000,2715.4730
159,Farmland,Food,0.5933,80.7806,68.7324,34.3662,0.0000,34.3662,18.9802,0.7297,1416.1215
159,Farmland,Wood,0.4460,87.5564,54.8271,54.8271,80.6651,0.0000,42.1521,1.0000,1416.1215
159,Farmland,Tools,3.4120,8.4112,5.7772,2.0052,9.0166,0.0000,9.8073,1.0000,1416.1215
159,Forresty,Food,0.9477,23.1731,32.0142,11.9067,22.0798,0.0000,15.7175,0.7634,76.5408
159,Forresty,Wood,0.2257,161.9824,144.8551,80.3574,0.0000,50.0000,104.1408,0.7297,76.5408
159,Forresty,Tools,3.4963,7.5672,5.7789,5.1870,7.4810,0.0000,6.3000,1.0000,76.5408
159,Craftovo,Food,0.7920,28.2235,41.9136,30.9402,23.7726,0.0000,13.7928,0.9603,291.8647
159,Craftovo,Wood,0.2907,14.0485,82.6258,65.3000,0.0000,0.0000,60.7959,0.5946,291.8647
159,Craftovo,Tools,1.3171,11.9637,15.3290,0.9581,0.0000,14.3709,7.8486,0.4733,291.8647
160,Capitalist,Food,0.7769,92.5706,78.0078,42.4938,64.0178,0.0000,45.7908,0.9107,2639.2409
160,Capitalist,Wood,0.3330,153.8960,142.2632,23.2673,171.8585,0.0000,204.1791,1.0000,2639.2409
160,Capitalist,Tools,2.7206,25.7503,14.8549,1.9307,12.3794,12.9241,11.9029,1.0000,2639.2409
160,Farmland,Food,0.5340,47.8014,71.8796,4.4925,0.0000,67.3871,11.9563,0.5505,1438.3159
160,Farmland,Wood,0.4014,23.4966,57.0276,57.0276,0.0000,0.0000,15.1008,0.8493,1438.3159
160,Farmland,Tools,3.0708,4.7405,9.3925,4.8242,7.0561,0.0000,10.9550,1.0000,1438.3159
160,Forresty,Food,0.8529,23.9547,38.3470,38.3470,0.0000,0.0000,4.9102,0.8261,93.7446
160,Forresty,Wood,0.2031,135.1547,178.0132,44.5033,0.0000,133.5099,70.7940,0.7936,93.7446
160,Forresty,Tools,3.1467,4.7302,6.7035,6.5710,5.2219,0.0000,6.4195,1.0000,93.7446
160,Craftovo,Food,0.8473,29.7824,27.8372,27.8372,0.0000,0.0000,5.6169,0.7140,328.6986
160,Craftovo,Wood,0.2616,41.2394,67.2954,19.9016,0.0000,47.3938,24.4504,0.5961,328.6986
160,Craftovo,Tools,1.4489,18.5903,13.8997,0.8687,0.0000,13.0310,8.5362,0.4670,328.6986
161,Capitalist,Food,0.6993,29.3024,90.9677,5.6855,30.3721,85.2822,13.5986,0.6759,2677.0542
161,Capitalist,Wood,0.2997,127.9280,263.0676,90.0268,25.8952,72.4831,171.8399,0.7492,2677.0542
161,Capitalist,Tools,2.9927,17.8947,15.8273,13.7901,14.4967,0.0000,21.3565,1.0000,2677.0542
161,Farmland,Food,0.5874,75.7734,63.9412,31.9706,0.0000,31.9706,17.9211,0.7297,1432.7101
161,Farmland,Wood,0.4144,53.0462,51.3806,51.3806,68.8590,0.0000,30.1526,1.0000,1432.7101
161,Farmland,Tools,2.7637,5.4894,8.8573,8.8048,0.0000,0.0000,5.7829,0.9708,1432.7101
161,Forresty,Food,0.9382,30.7658,23.1879,13.2491,21.6048,0.0000,13.1186,0.6853,85.6036
161,Forresty,Wood,0.2202,162.7734,150.1172,78.1552,0.0000,27.2581,127.6544,0.7297,85.6036
161,Forresty,Tools,3.3669,5.4700,5.1123,5.1123,0.0000,0.0000,3.1789,0.8672,85.6036
161,Craftovo,Food,0.9320,45.0138,25.1058,8.1347,59.4133,0.0000,21.6315,1.0000,304.6321
161,Craftovo,Wood,0.2878,125.5039,45.5917,45.5917,0.0000,0.0000,27.3202,0.5934,304.6321
161,Craftovo,Tools,1.5937,22.0440,16.2770,1.0173,0.0000,15.2597,7.9127,0.4775,304.6321
162,Capitalist,Food,0.7400,82.0975,77.5740,21.9470,0.0000,55.6270,13.1800,0.4939,2722.4322
162,Capitalist,Wood,0.3297,264.3069,215.8506,128.9500,136.9822,50.0000,183.7143,1.0000,2722.4322
162,Capitalist,Tools,2.6934,11.7518,19.5263,4.8816,13.3300,14.6447,17.5617,1.0000,2722.4322
162,Farmland,Food,0.6008,72.8648,71.2377,47.1099,0.0000,0.0000,33.8233,0.8634,1416.2255
162,Farmland,Wood,0.4559,65.9524,59.3202,59.3202,47.5000,0.0000,28.9250,1.0000,1416.2255
162,Farmland,Tools,3.0401,5.5759,5.0390,5.0390,0.0000,0.0000,5.5064,0.6339,1416.2255
162,Forresty,Food,0.8777,32.3833,34.6156,2.5831,28.4939,0.0000,22.5856,0.7422,43.0774
162,Forresty,Wood,0.1982,133.8332,179.2016,35.0099,0.0000,144.1918,71.8272,0.7297,43.0774
162,Forresty,Tools,3.7035,9.8889,6.4566,2.8589,13.9125,0.0000,11.4511,1.0000,43.0774
162,Craftovo,Food,0.8388,19.6722,37.8020,29.8267,20.8496,0.0000,12.5353,0.9857,318.2649
162,Craftovo,Wood,0.3165,90.9461,58.7815,58.7815,0.0000,0.0000,34.4815,0.5946,318.2649
162,Craftovo,Tools,1.7531,19.2826,14.9670,0.9354,0.0000,14.0315,7.3181,0.4717,318.2649
163,Capitalist,Food,0.8140,122.2638,72.5941,17.3542,71.2012,0.0000,45.1655,0.9230,2624.6481
163,Capitalist,Wood,0.3424,196.7650,189.4524,33.0432,117.3784,39.2930,193.0718,1.0000,2624.6481
163,Capitalist,Tools,2.9627,21.6122,14.5529,5.9603,15.6519,0.0000,27.1352,1.0000,2624.6481
163,Farmland,Food,0.5407,57.5774,85.6556,10.7070,0.0000,74.9487,11.7922,0.6942,1445.7858
163,Farmland,Wood,0.4103,42.7450,59.7160,59.7160,37.3284,0.0000,25.2494,0.9423,1445.7858
163,Farmland,Tools,3.0488,5.8542,5.8375,5.8375,0.0000,0.0000,3.2198,0.8184,1445.7858
163,Forresty,Food,0.7900,16.9424,39.2003,39.2003,0.0000,0.0000,5.4601,0.8398,72.4642
163,Forresty,Wood,0.1784,106.6625,147.1125,23.5562,0.0000,123.5562,53.4618,0.7376,72.4642
163,Forresty,Tools,3.3332,2.9252,8.6953,6.9672,0.0000,0.0000,6.0563,0.9839,72.4642
163,Craftovo,Food,0.8587,28.2495,27.5941,27.5941,0.0000,0.0000,5.1876,0.7197,357.1018
163,Craftovo,Wood,0.3482,76.7586,56.0083,56.0083,0.0000,0.0000,22.2364,0.7364,357.1018
163,Craftovo,Tools,1.9284,20.0400,17.0071,0.5315,0.0000,16.4757,6.7512,0.4431,357.1018
164,Capitalist,Food,0.7326,39.8640,103.3338,23.9503,41.8410,79.3835,11.7806,0.8524,2699.7949
164,Capitalist,Wood,0.3082,165.8686,250.7936,151.5278,47.5000,99.2658,105.3643,1.0000,2699.7949
164,Capitalist,Tools,2.6665,11.4833,24.4572,6.5243,11.8860,14.0694,21.1968,1.0000,2699.7949
164,Farmland,Food,0.5948,80.6804,63.8193,19.7762,0.0000,44.0431,13.2037,0.6857,1399.1168
164,Farmland,Wood,0.4513,85.7179,49.8595,42.0502,78.8608,0.0000,43.9831,1.0000,1399.1168
164,Farmland,Tools,3.3537,11.2880,5.7575,0.0000,13.3660,0.0000,10.6786,0.9956,1399.1168
164,Forresty,Food,0.8690,35.8055,25.8313,25.8313,0.0000,0.0000,5.6360,0.6449,87.1026
164,Forresty,Wood,0.1962,198.6403,134.8301,84.8301,0.0000,50.0000,67.1565,0.9264,87.1026
164,Forresty,Tools,2.9999,5.4252,6.6877,6.6877,0.0000,0.0000,3.1050,0.8605,87.1026
164,Craftovo,Food,0.9446,48.5578,24.7997,0.0000,75.4143,0.0000,29.3810,1.0000,313.9857
164,Craftovo,Wood,0.3830,111.1933,58.3235,58.3235,15.4416,0.0000,40.8719,0.5946,313.9857
164,Craftovo,Tools,2.1213,19.1074,16.6821,4.1705,0.0000,12.5116,6.2108,0.7009,313.9857
165,Capitalist,Food,0.8059,105.0835,75.3317,75.3317,48.3254,0.0000,30.8893,1.0000,2698.8210
165,Capitalist,Wood,0.3390,184.8747,151.5657,51.5657,103.4830,100.0000,96.8014,0.9066,2698.8210
165,Capitalist,Tools,2.8522,21.4911,20.0914,6.4012,7.9511,13.6902,13.9712,1.0000,2698.8210
165,Farmland,Food,0.5353,41.9595,67.8251,16.9563,0.0000,50.8688,11.9237,0.6457,1409.3964
165,Farmland,Wood,0.4062,8.1431,66.0271,31.6087,47.5000,0.0000,63.5391,0.7629,1409.3964
165,Farmland,Tools,3.0183,4.7479,10.9387,7.2259,0.0000,0.0000,8.3395,0.7702,1409.3964
165,Forresty,Food,0.9559,45.4934,27.6233,27.6233,0.0000,0.0000,5.0113,0.6595,75.4237
165,Forresty,Wood,0.2159,180.9141,145.2393,36.3098,0.0000,108.9295,53.9473,0.7228,75.4237
165,Forresty,Tools,3.2999,10.8075,5.0253,5.0253,13.0057,0.0000,9.8722,1.0000,75.4237
165,Craftovo,Food,0.8502,35.1976,40.3832,40.3832,0.0000,0.0000,7.5574,0.9210,316.3589
165,Craftovo,Wood,0.4213,76.0442,57.9135,37.8364,47.5000,0.0000,53.8101,0.8242,316.3589
165,Craftovo,Tools,2.3087,18.2182,16.7391,8.3696,0.0000,8.3696,5.6954,0.9985,316.3589
166,Capitalist,Food,0.8865,83.7842,73.4691,21.0099,58.4657,0.0000,51.4624,0.8545,2605.4936
166,Capitalist,Wood,0.3729,179.7496,154.4707,20.8243,121.9911,50.0000,157.1396,0.7902,2605.4936
166,Capitalist,Tools,3.1375,24.9520,15.8398,5.1253,13.9065,0.0000,22.7422,1.0000,2605.4936
166,Farmland,Food,0.5888,81.0868,65.6746,4.1318,0.0000,61.5428,13.3422,0.4640,1468.1439
166,Farmland,Wood,0.3656,62.8658,84.4988,84.4988,0.0000,0.0000,21.3231,0.9898,1468.1439
166,Farmland,Tools,2.7165,5.5033,8.6772,2.1693,0.0000,6.5079,2.6590,0.6244,1468.1439
166,Forresty,Food,0.9757,29.7848,29.1778,29.1778,0.0000,0.0000,4.2569,0.6850,111.7544
166,Forresty,Wood,0.2374,180.5821,156.8234,28.4117,0.0000,128.4117,49.4401,0.6068,111.7544
166,Forresty,Tools,2.9699,5.0877,5.8067,5.8067,0.0000,0.0000,4.7000,1.0000,111.7544
166,Craftovo,Food,0.9352,40.6946,24.0786,24.0786,0.0000,0.0000,5.0891,0.6572,314.6081
166,Craftovo,Wood,0.4634,95.2330,72.4824,51.3000,47.5000,0.0000,49.9074,0.9449,314.6081
166,Craftovo,Tools,2.0778,14.1848,16.2611,8.1305,0.0000,8.1305,5.2578,0.9816,314.6081
167,Capitalist,Food,0.7978,32.0331,109.7776,22.7311,47.5000,63.5270,29.9634,0.8373,2638.3190
167,Capitalist,Wood,0.3356,152.1386,233.8907,67.4600,47.5000,124.6917,115.1928,0.7206,2638.3190
167,Capitalist,Tools,2.8237,10.3500,27.3276,11.0655,11.1922,0.0000,29.7023,1.0000,2638.3190
167,Farmland,Food,0.6276,77.3133,72.5319,22.5319,0.0000,50.0000,12.0558,0.7248,1506.0409
167,Farmland,Wood,0.4021,128.8766,48.3537,48.3537,0.0000,0.0000,18.7028,0.6487,1506.0409
167,Farmland,Tools,2.9881,16.0193,5.7310,5.7310,0.0000,0.0000,2.9782,0.6764,1506.0409
167,Forresty,Food,1.0733,46.4915,24.6261,12.1672,42.7613,0.0000,13.9942,0.9454,81.7990
167,Forresty,Wood,0.2612,172.1783,149.3216,93.9154,0.0000,50.0000,85.3115,0.7297,81.7990
167,Forresty,Tools,3.2669,11.9238,5.2695,5.2695,0.0000,0.0000,2.7069,0.8065,81.7990
167,Craftovo,Food,1.0287,45.6190,29.4452,16.3343,17.5894,0.0000,12.3013,0.7132,273.8411
167,Craftovo,Wood,0.5046,85.1220,78.1808,0.0000,118.4571,0.0000,97.5837,1.0000,273.8411
167,Craftovo,Tools,2.2856,18.4076,16.0306,4.2493,0.0000,11.7813,5.8052,0.7065,273.8411
168,Capitalist,Food,0.7180,54.4059,85.1501,43.4878,0.0000,41.6623,11.1221,0.7172,2750.9944
168,Capitalist,Wood,0.3692,216.8459,190.1994,90.1994,127.3082,100.0000,108.6635,1.0000,2750.9944
168,Capitalist,Tools,2.5413,12.0421,30.2716,8.6005,0.0000,21.6711,7.2852,1.0000,2750.9944
168,Farmland,Food,0.6442,74.8844,72.9538,72.9538,0.0000,0.0000,26.7299,1.0000,1460.7267
168,Farmland,Wood,0.4424,162.3722,56.6843,56.6843,47.5000,0.0000,26.2280,0.9167,1460.7267
168,Farmland,Tools,3.2869,18.8384,5.6674,5.6674,8.1705,0.0000,5.6978,1.0000,1460.7267
168,Forresty,Food,1.0502,35.1848,35.9605,11.1919,39.5792,0.0000,17.3330,1.0000,32.8959
168,Forresty,Wood,0.2351,119.3396,168.0173,34.0087,0.0000,134.0087,59.3150,0.7297,32.8959
168,Forresty,Tools,3.5935,12.8580,6.5319,2.2246,12.4171,0.0000,9.7836,1.0000,32.8959
168,Craftovo,Food,0.9258,13.8772,33.4742,5.4108,0.0000,0.0000,18.5433,0.3446,255.3829
168,Craftovo,Wood,0.4541,47.9361,113.6754,13.9108,47.5000,0.0000,95.7451,0.7990,255.3829
168,Craftovo,Tools,2.0571,6.1504,15.4595,4.6665,0.0000,0.0000,15.1907,0.6771,255.3829
169,Capitalist,Food,0.7899,146.3866,73.7125,56.0979,43.5884,17.6145,24.9602,0.9012,2683.3933
169,Capitalist,Wood,0.4061,221.6013,170.2803,88.4099,133.1914,0.0000,183.3221,1.0000,2683.3933
169,Capitalist,Tools,2.7955,33.2348,16.4701,4.1175,21.9232,12.3525,14.9320,1.0000,2683.3933
169,Farmland,Food,0.5798,58.4107,73.2626,27.3801,0.0000,45.8825,11.3629,1.0000,1455.3586
169,Farmland,Wood,0.4866,132.7416,63.2891,63.2891,0.0000,0.0000,14.4024,0.7877,1455.3586
169,Farmland,Tools,3.6156,14.9527,5.6659,3.2178,11.7349,0.0000,11.0080,1.0000,1455.3586
169,Forresty,Food,0.9452,12.1792,38.0275,27.6737,16.7338,0.0000,11.2634,0.8507,54.1596
169,Forresty,Wood,0.2116,106.8493,144.7241,4.5226,0.0000,140.2015,45.5863,0.5669,54.1596
169,Forresty,Tools,3.2342,4.7188,9.5871,5.0146,0.0000,0.0000,8.6521,0.6706,54.1596
169,Craftovo,Food,0.8332,15.2215,40.2082,40.2082,0.0000,0.0000,8.7511,0.7297,307.0884
169,Craftovo,Wood,0.4087,30.1240,131.6918,113.1839,0.0000,0.0000,44.3328,0.9811,307.0884
169,Craftovo,Tools,1.8514,0.9740,23.8215,0.7444,0.0000,23.0771,5.8590,0.5083,307.0884
170,Capitalist,Food,0.7192,72.2109,79.3017,11.6562,37.6435,67.6455,11.2742,0.7917,2745.2983
170,Capitalist,Wood,0.3655,139.5191,240.4778,140.2587,47.5000,100.2192,105.5441,1.0000,2745.2983
170,Capitalist,Tools,3.0750,24.6284,15.7861,5.4108,13.0561,10.3753,13.8344,1.0000,2745.2983
170,Farmland,Food,0.5875,72.0217,71.0811,31.4564,0.0000,39.6247,16.6741,0.7327,1399.5689
170,Farmland,Wood,0.5352,103.6356,58.0365,29.9909,95.2082,0.0000,54.5171,0.9583,1399.5689
170,Farmland,Tools,3.9772,10.6115,8.6437,0.7550,9.8565,0.0000,14.6588,1.0000,1399.5689
170,Forresty,Food,0.8506,21.9822,31.2330,31.2330,0.0000,0.0000,4.7952,0.7348,71.5196
170,Forresty,Wood,0.2327,176.1537,140.0523,90.0523,0.0000,50.0000,76.4552,0.7971,71.5196
170,Forresty,Tools,2.9108,5.4485,9.8046,9.8046,0.0000,0.0000,4.2489,1.0000,71.5196
170,Craftovo,Food,0.9166,36.5541,22.5235,2.6760,64.2632,0.0000,25.0245,1.0000,283.6132
170,Craftovo,Wood,0.3678,43.3861,67.2381,50.1100,0.0000,0.0000,44.7014,0.5946,283.6132
170,Craftovo,Tools,2.0365,17.4478,14.9476,1.2044,0.0000,13.7432,6.4389,0.4908,283.6132
171,Capitalist,Food,0.7912,108.6221,67.0227,27.5002,63.8748,0.0000,49.0380,0.7661,2631.7400
171,Capitalist,Wood,0.4020,173.8320,144.8939,0.0000,152.0632,21.1843,178.8471,0.9394,2631.7400
171,Capitalist,Tools,3.3825,23.5832,16.5955,9.2260,14.2581,0.0000,23.3684,1.0000,2631.7400
171,Farmland,Food,0.5287,42.9152,76.8419,9.6052,0.0000,67.2366,12.0856,0.6041,1433.0247
171,Farmland,Wood,0.4817,17.7777,85.5482,52.6034,20.1251,0.0000,53.0394,0.7665,1433.0247
171,Farmland,Tools,3.5795,5.2460,13.1097,8.6405,0.0000,0.0000,9.2220,1.0000,1433.0247
171,Forresty,Food,0.9357,41.7395,25.2648,25.2648,0.0000,0.0000,5.0850,0.6349,107.8174
171,Forresty,Wood,0.2160,147.8352,159.2947,29.6474,0.0000,129.6474,46.0321,0.8004,107.8174
171,Forresty,Tools,3.2018,8.8347,5.8511,5.8511,0.0000,0.0000,2.7670,0.8118,107.8174
171,Craftovo,Food,0.8249,30.1920,39.2624,39.2624,0.0000,0.0000,4.7125,0.9620,327.4178
171,Craftovo,Wood,0.3310,16.0165,62.4129,31.9938,0.0000,30.4191,18.5577,0.6084,327.4178
171,Craftovo,Tools,1.8328,10.1419,15.4927,0.4841,0.0000,15.0086,5.9130,0.4397,327.4178
172,Capitalist,Food,0.7120,53.8169,96.8421,0.0000,42.8621,90.3050,17.8926,0.7215,2625.1067
172,Capitalist,Wood,0.3618,185.3618,270.3334,22.5339,115.3854,4.8820,258.1249,0.8169,2625.1067
172,Capitalist,Tools,3.0443,10.2791,24.0933,2.6782,10.8593,0.0000,29.5728,1.0000,2625.1067
172,Farmland,Food,0.5786,81.5874,74.5521,29.4340,0.0000,45.1180,13.5129,0.8226,1461.7777
172,Farmland,Wood,0.4335,63.8368,80.0085,80.0085,4.6379,0.0000,14.5029,0.9787,1461.7777
172,Farmland,Tools,3.2215,5.3714,9.5776,9.5776,0.0000,0.0000,4.5604,1.0000,1461.7777
172,Forresty,Food,1.0293,52.3863,28.0973,8.1100,67.1589,0.0000,26.2910,1.0000,72.8557
172,Forresty,Wood,0.2376,180.5324,142.9166,21.4583,0.0000,121.4583,49.4147,0.5575,72.8557
172,Forresty,Tools,3.5220,13.6215,5.9346,5.9346,0.0000,0.0000,2.4874,0.6908,72.8557
172,Craftovo,Food,0.9074,45.7930,27.1304,27.1304,18.6308,0.0000,5.5551,0.9143,340.2600
172,Craftovo,Wood,0.3642,105.2715,51.6597,51.6597,0.0000,0.0000,21.1087,0.6364,340.2600
172,Craftovo,Tools,2.0161,19.5993,14.2766,2.8457,0.0000,11.4309,6.4959,0.6071,340.2600
173,Capitalist,Food,0.6408,27.2501,80.6400,12.3090,0.0000,68.3310,12.8892,0.4277,2762.9253
173,Capitalist,Wood,0.3256,144.4535,334.8022,206.4463,20.8896,128.3559,109.0195,1.0000,2762.9253
173,Capitalist,Tools,2.7399,11.9088,35.2625,17.2399,7.8524,16.1137,19.0055,1.0000,2762.9253
173,Farmland,Food,0.6342,77.9904,71.1594,60.1867,0.0000,0.0000,27.6023,0.9799,1399.0632
173,Farmland,Wood,0.4769,83.5925,59.4824,59.4824,82.2906,0.0000,45.3626,1.0000,1399.0632
173,Farmland,Tools,3.5437,8.5503,5.1063,2.7660,6.6230,0.0000,7.4229,0.8574,1399.0632
173,Forresty,Food,0.9263,30.2730,36.1700,6.1711,22.5608,0.0000,23.2627,0.7757,28.0599
173,Forresty,Wood,0.2600,172.1309,157.3008,92.9028,0.0000,21.9890,97.0725,0.8734,28.0599
173,Forresty,Tools,3.8742,8.7823,5.6611,5.6611,8.6850,0.0000,5.6618,1.0000,28.0599
173,Craftovo,Food,0.9981,46.5374,26.3460,19.0903,38.3040,0.0000,13.7927,0.9301,309.9515
173,Craftovo,Wood,0.4006,107.7578,61.8433,51.9956,39.6476,0.0000,48.7355,0.7066,309.9515
173,Craftovo,Tools,2.2177,18.6872,16.5314,8.2657,0.0000,8.2657,5.9673,0.9911,309.9515
174,Capitalist,Food,0.7049,154.9551,65.1129,9.6402,47.5000,55.4727,14.6179,0.7571,2740.6893
174,Capitalist,Wood,0.3582,236.2930,161.9668,103.3686,132.9244,40.3598,155.7123,1.0000,2740.6893
174,Capitalist,Tools,3.0138,21.4024,16.5483,13.5774,7.8251,0.0000,22.0058,1.0000,2740.6893
174,Farmland,Food,0.5708,46.2611,80.8563,30.8563,0.0000,50.0000,14.4753,0.8863,1432.5467
174,Farmland,Wood,0.4292,28.6302,55.6349,55.6349,0.0000,0.0000,13.7462,0.8721,1432.5467
174,Farmland,Tools,3.1893,4.7246,7.5572,7.5572,0.0000,0.0000,3.1471,0.9372,1432.5467
174,Forresty,Food,0.8337,30.2911,39.6616,39.6616,0.0000,0.0000,4.4749,0.8963,66.1135
174,Forresty,Wood,0.2340,83.7381,179.8409,39.9204,0.0000,139.9204,42.3594,0.8205,66.1135
174,Forresty,Tools,3.4868,1.3543,6.1926,6.1926,0.0000,0.0000,2.4335,0.9140,66.1135
174,Craftovo,Food,1.0980,45.2104,31.3370,4.1158,52.6991,0.0000,23.0101,1.0000,260.6505
174,Craftovo,Wood,0.4406,95.5148,66.2721,23.1733,38.3418,0.0000,68.8212,0.6780,260.6505
174,Craftovo,Tools,2.3986,17.8176,16.4738,8.2369,0.0000,8.2369,6.1250,0.9339,260.6505
175,Capitalist,Food,0.7754,147.6053,74.8168,27.6663,47.0507,47.1505,13.0502,0.8967,2706.4391
175,Capitalist,Wood,0.3940,194.1169,171.3607,81.2432,112.8737,0.0000,194.2267,1.0000,2706.4391
175,Capitalist,Tools,2.9504,18.3806,18.7761,3.0784,15.3022,9.8610,22.5394,1.0000,2706.4391
175,Farmland,Food,0.6278,75.1467,66.0361,16.5090,0.0000,49.5271,12.4694,0.6873,1467.6348
175,Farmland,Wood,0.4721,95.8617,55.7013,55.7013,0.0000,0.0000,15.0556,0.6716,1467.6348
175,Farmland,Tools,3.5082,10.7165,5.7489,5.7489,0.4493,0.0000,2.4986,0.7763,1467.6348
175,Forresty,Food,0.9171,49.4212,26.2801,26.2801,0.0000,0.0000,5.2327,0.6428,68.3330
175,Forresty,Wood,0.2574,172.3316,137.6288,18.8144,0.0000,118.8144,45.7929,0.5467,68.3330
175,Forresty,Tools,3.8355,10.6102,5.1839,5.1839,8.9186,0.0000,5.8792,1.0000,68.3330
175,Craftovo,Food,0.9882,24.6167,41.2118,0.0000,44.7930,0.0000,29.6067,0.8216,257.5932
175,Craftovo,Wood,0.3966,57.0166,94.4083,55.6418,0.0000,0.0000,46.4587,0.7783,257.5932
175,Craftovo,Tools,2.1588,2.8827,17.1814,1.0738,0.0000,16.1076,5.0662,0.5284,257.5932
176,Capitalist,Food,0.8529,111.7526,78.7233,78.7233,44.4278,0.0000,29.2747,1.0000,2753.5779
176,Capitalist,Wood,0.3546,171.3059,222.0715,111.0358,0.0000,111.0358,51.8324,1.0000,2753.5779
176,Capitalist,Tools,2.8861,20.0484,20.4950,3.2339,13.4961,17.2611,15.1746,1.0000,2753.5779
176,Farmland,Food,0.6615,74.8720,71.0611,24.2950,0.0000,46.7661,11.2235,0.7498,1417.7018
176,Farmland,Wood,0.5193,117.2311,55.1154,44.3693,105.4840,0.0000,56.2480,1.0000,1417.7018
176,Farmland,Tools,3.8591,14.5408,5.7156,5.6819,9.2165,0.0000,6.1706,1.0000,1417.7018
176,Forresty,Food,1.0088,39.5305,26.3284,26.3284,0.0000,0.0000,8.1757,0.5405,38.0339
176,Forresty,Wood,0.2726,165.3754,156.1460,105.6900,0.0000,0.0000,107.2840,0.8920,38.0339
176,Forresty,Tools,4.2190,7.3398,5.8537,5.8125,7.1815,0.0000,7.4059,1.0000,38.0339
176,Craftovo,Food,0.8893,27.3883,46.2116,46.2116,0.0000,0.0000,5.2158,0.9720,290.6863
176,Craftovo,Wood,0.3569,15.0602,82.9459,82.9459,0.0000,0.0000,32.8788,0.7269,290.6863
176,Craftovo,Tools,1.9429,9.8505,14.6647,0.4583,0.0000,14.2064,5.6033,0.4379,290.6863
177,Capitalist,Food,0.9276,91.0059,83.6860,38.6292,67.8634,0.0000,50.9083,1.0000,2668.1519
177,Capitalist,Wood,0.3901,216.4772,143.4727,86.2209,94.4443,0.0000,132.3096,0.8244,2668.1519
177,Capitalist,Tools,3.1747,22.9361,16.2681,8.1341,13.5061,8.1341,17.3301,1.0000,2668.1519
177,Farmland,Food,0.6332,72.9417,76.1975,4.7623,0.0000,71.4352,10.5655,0.4729,1445.3797
177,Farmland,Wood,0.4674,47.8733,63.4178,63.4178,0.0000,0.0000,11.0867,0.9689,1445.3797
177,Farmland,Tools,3.4732,4.6897,5.8810,4.9390,7.7274,0.0000,8.1147,1.0000,1445.3797
177,Forresty,Food,1.0973,27.4671,25.2510,25.2510,0.0000,0.0000,3.8903,0.6796,62.4231
177,Forresty,Wood,0.2453,106.8848,198.8302,93.1643,0.0000,99.4151,77.4614,0.9459,62.4231
177,Forresty,Tools,3.7971,3.2023,5.9885,5.9885,0.0000,0.0000,2.9693,0.9740,62.4231
177,Craftovo,Food,0.9783,35.7238,27.5637,27.5637,0.0000,0.0000,4.7633,0.6778,324.0452
177,Craftovo,Wood,0.3926,64.6296,53.1701,53.1701,0.0000,0.0000,19.3379,0.7603,324.0452
177,Craftovo,Tools,2.1372,19.0361,14.4427,0.2257,0.0000,14.2170,6.1695,0.4214,324.0452
178,Capitalist,Food,0.8348,70.7772,97.4174,15.9928,33.4269,81.4245,8.9315,0.8407,2740.6092
178,Capitalist,Wood,0.3511,174.4423,217.5404,97.6993,0.0000,119.8410,53.8963,0.7885,2740.6092
178,Capitalist,Tools,3.4921,19.3931,15.8005,6.5223,12.8708,0.0000,24.4645,1.0000,2740.6092
178,Farmland,Food,0.6708,74.5518,70.3724,35.1862,0.0000,35.1862,17.2667,0.7297,1430.5582
178,Farmland,Wood,0.5142,75.6648,54.5435,54.5435,87.0582,0.0000,42.2095,1.0000,1430.5582
178,Farmland,Tools,3.4279,6.5685,6.6552,6.6552,0.0000,0.0000,3.8235,0.9897,1430.5582
178,Forresty,Food,1.2070,41.6389,25.7826,0.0000,37.8535,0.0000,16.2286,0.8068,16.7320
178,Forresty,Wood,0.2208,120.4884,151.1295,50.8141,0.0000,0.0000,148.0973,0.7276,16.7320
178,Forresty,Tools,4.1769,10.4510,5.3066,4.0059,0.0000,0.0000,3.1247,0.6406,16.7320
178,Craftovo,Food,1.0761,42.9079,26.7279,26.7279,39.4998,0.0000,11.4700,1.0000,312.1007
178,Craftovo,Wood,0.4319,98.3675,58.4891,58.3631,26.7907,0.0000,37.5958,0.6809,312.1007
178,Craftovo,Tools,2.3509,18.1502,15.4837,1.9355,0.0000,13.5482,5.6560,0.5426,312.1007
179,Capitalist,Food,0.9183,108.3819,78.6714,39.3357,59.7296,39.3357,16.1223,1.0000,2728.9729
179,Capitalist,Wood,0.3862,223.0824,156.6773,137.2942,108.1394,0.0000,121.0165,1.0000,2728.9729
179,Capitalist,Tools,3.1429,18.1343,25.1121,7.7739,10.3605,16.8674,15.2110,1.0000,2728.9729
179,Farmland,Food,0.6188,66.2797,71.8552,8.9819,0.0000,62.8733,10.3917,0.6199,1423.2832
179,Farmland,Wood,0.4627,55.1579,62.1914,62.1914,0.0000,0.0000,19.6699,0.8372,1423.2832
179,Farmland,Tools,3.7707,7.1229,5.3334,0.0000,16.0241,0.0000,13.0257,1.0000,1423.2832
179,Forresty,Food,1.0863,13.8619,42.9049,36.2241,0.0000,0.0000,6.0787,0.7837,39.3518
179,Forresty,Wood,0.1987,75.7812,227.6619,52.0156,0.0000,113.8309,127.0314,0.6757,39.3518
179,Forresty,Tools,3.7592,0.0000,6.8576,6.8576,0.0000,0.0000,2.5087,0.6950,39.3518
179,Craftovo,Food,1.1319,30.7366,29.2205,15.9472,37.3689,0.0000,14.7025,1.0000,308.3920
179,Craftovo,Wood,0.4309,59.7187,59.8469,49.1827,0.0000,0.0000,40.8260,0.5946,308.3920
179,Craftovo,Tools,2.3652,17.3056,17.2007,6.2949,0.0000,10.9058,5.1665,0.8515,308.3920
180,Capitalist,Food,1.0101,91.6103,75.6512,10.1236,63.5840,37.8256,28.0968,0.8516,2679.3092
180,Capitalist,Wood,0.3527,171.6814,187.9851,45.7025,86.7314,36.6139,159.4016,0.8560,2679.3092
180,Capitalist,Tools,3.4572,20.9720,15.3566,7.8650,13.1070,0.0000,23.1372,1.0000,2679.3092
180,Farmland,Food,0.5569,46.9215,71.3926,4.4620,0.0000,66.9305,11.4093,0.4687,1453.0351
180,Farmland,Wood,0.4165,20.7204,57.4961,57.4961,34.7832,0.0000,29.6204,0.8308,1453.0351
180,Farmland,Tools,3.3936,5.0910,10.4188,7.5097,0.0000,0.0000,7.4079,1.0000,1453.0351
180,Forresty,Food,0.9802,25.7023,28.4844,28.4844,0.0000,0.0000,3.4022,0.6740,55.6795
180,Forresty,Wood,0.1788,138.8323,182.5925,91.2962,0.0000,91.2962,88.8101,0.9459,55.6795
180,Forresty,Tools,3.3833,3.6107,5.2121,5.2121,0.0000,0.0000,2.0456,0.6917,55.6795
180,Craftovo,Food,1.2342,39.4124,36.1463,27.6983,35.9343,0.0000,15.7386,1.0000,311.9762
180,Craftovo,Wood,0.4740,86.3572,65.1633,61.1137,0.0000,0.0000,35.9677,0.6606,311.9762
180,Craftovo,Tools,2.6018,17.2531,15.0308,1.2339,0.0000,13.7968,5.1361,0.4928,311.9762
181,Capitalist,Food,0.9091,40.3914,94.6755,22.7406,53.4713,37.3893,27.3647,0.9127,2697.0210
181,Capitalist,Wood,0.3174,198.7560,224.6481,81.0859,0.0000,143.5622,59.5454,0.6970,2697.0210
181,Capitalist,Tools,3.1115,10.2869,24.1787,6.1704,11.9802,0.1522,30.1710,1.0000,2697.0210
181,Farmland,Food,0.5899,79.4965,75.0475,18.7619,0.0000,56.2856,12.8001,0.6713,1432.5754
181,Farmland,Wood,0.4581,68.9209,57.6224,4.0852,136.3841,0.0000,96.1302,1.0000,1432.5754
181,Farmland,Tools,3.0543,5.4114,7.6644,7.6644,0.0000,0.0000,4.5453,0.8335,1432.5754
181,Forresty,Food,1.0783,32.9722,27.2953,27.2953,0.0000,0.0000,4.0843,0.6572,55.1415
181,Forresty,Wood,0.1848,144.8863,140.2164,69.1577,0.0000,0.0000,150.8723,0.7781,55.1415
181,Forresty,Tools,3.7216,10.4786,5.7557,5.7557,0.1446,0.0000,2.3317,0.6884,55.1415
181,Craftovo,Food,1.1108,28.0616,32.0373,21.6417,35.5198,0.0000,14.8271,1.0000,315.2620
181,Craftovo,Wood,0.4340,55.2789,60.3797,48.7285,0.0000,0.0000,37.2081,0.5962,315.2620
181,Craftovo,Tools,2.5454,16.4501,16.8142,4.2036,0.0000,12.6107,4.6708,0.7033,315.2620
182,Capitalist,Food,0.8182,54.8891,93.7341,59.5414,41.7845,34.1927,17.8136,0.9900,2786.3837
182,Capitalist,Wood,0.3492,216.0523,151.6080,101.6080,91.7220,50.0000,73.0777,1.0000,2786.3837
182,Capitalist,Tools,2.8004,17.4601,31.0658,6.0163,0.0000,25.0495,5.1399,0.9572,2786.3837
182,Farmland,Food,0.6394,77.2400,71.2644,27.2807,0.0000,43.9837,12.0308,0.7921,1428.3082
182,Farmland,Wood,0.4123,53.6603,100.2720,100.2720,0.0000,0.0000,41.8287,1.0000,1428.3082
182,Farmland,Tools,3.3597,6.4684,5.7022,0.8134,12.1467,0.0000,10.9314,1.0000,1428.3082
182,Forresty,Food,1.0242,25.4684,26.8125,20.9140,0.0000,0.0000,7.3228,0.5405,23.5062
182,Forresty,Wood,0.1663,138.3938,193.0990,49.6812,0.0000,96.5495,129.9822,0.6757,23.5062
182,Forresty,Tools,4.0937,7.8753,5.7940,2.0184,11.6503,0.0000,8.7952,0.9459,23.5062
182,Craftovo,Food,1.1083,32.4213,32.4933,0.0000,32.4831,0.0000,21.0409,0.7868,261.8019
182,Craftovo,Wood,0.4774,78.5936,66.6757,6.4385,47.5000,0.0000,77.7712,0.5946,261.8019
182,Craftovo,Tools,2.5473,16.6312,16.6187,10.2782,0.0000,0.0000,13.9857,0.8152,261.8019
183,Capitalist,Food,0.9000,100.0619,76.2133,0.0000,66.1463,38.1066,33.0208,0.8457,2709.5127
183,Capitalist,Wood,0.3841,245.8313,168.5356,90.6671,85.9334,0.0000,149.4924,0.8461,2709.5127
183,Capitalist,Tools,3.0804,30.4613,14.5750,14.0848,19.0689,0.0000,19.4533,1.0000,2709.5127
183,Farmland,Food,0.5755,46.1817,77.2397,7.6120,0.0000,69.6277,10.9917,0.5133,1477.0442
183,Farmland,Wood,0.3711,18.3697,54.1644,54.1644,0.0000,0.0000,19.2842,0.8222,1477.0442
183,Farmland,Tools,3.0237,4.7471,10.5571,10.5571,0.0000,0.0000,6.1005,1.0000,1477.0442
183,Forresty,Food,0.9218,8.0676,30.1168,23.6530,0.0000,0.0000,7.0207,0.6186,37.0463
183,Forresty,Wood,0.1497,105.2601,180.9124,55.5788,0.0000,90.4562,129.9866,0.6757,37.0463
183,Forresty,Tools,3.6844,3.7236,9.6598,6.1468,0.0000,0.0000,6.6360,0.8027,37.0463
183,Craftovo,Food,0.9975,28.0938,46.1909,6.6914,36.2013,0.0000,28.5874,0.7423,276.3968
183,Craftovo,Wood,0.4296,73.3286,106.8868,106.8868,0.0000,0.0000,29.0679,1.0000,276.3968
183,Craftovo,Tools,2.2926,2.8250,20.7201,0.6475,0.0000,20.0726,4.7721,0.7220,276.3968
184,Capitalist,Food,0.8100,63.0725,97.0937,24.7568,46.1958,48.5468,33.4157,0.6991,2705.8687
184,Capitalist,Wood,0.3697,221.4705,230.0664,58.3044,121.3036,0.0000,209.5505,0.9795,2705.8687
184,Capitalist,Tools,2.7724,10.6698,18.1391,7.6967,9.0766,10.4423,15.8208,1.0000,2705.8687
184,Farmland,Food,0.6330,78.2053,64.8363,16.2091,0.0000,48.6272,12.3599,0.6352,1481.9991
184,Farmland,Wood,0.4082,95.1170,53.7403,53.7403,0.0000,0.0000,18.3515,0.6748,1481.9991
184,Farmland,Tools,3.3261,8.9095,5.0400,5.0400,9.9202,0.0000,9.8038,1.0000,1481.9991
184,Forresty,Food,0.8296,24.5685,27.8281,27.8281,0.0000,0.0000,4.5095,0.6647,54.5157
184,Forresty,Wood,0.1368,155.6076,170.2506,42.5627,0.0000,127.6880,84.8363,0.8422,54.5157
184,Forresty,Tools,3.3159,3.9082,8.1731,8.1731,0.0000,0.0000,4.0735,0.8142,54.5157
184,Craftovo,Food,0.8978,35.3579,46.5878,11.5991,46.1195,0.0000,27.3600,1.0000,257.6164
184,Craftovo,Wood,0.3867,19.4135,49.8040,38.1301,0.0000,0.0000,26.7961,0.6274,257.6164
184,Craftovo,Tools,2.0633,9.8529,16.2024,6.6481,0.0000,9.5544,7.0538,0.7297,257.6164
185,Capitalist,Food,0.7290,46.1825,86.6150,43.3075,33.7515,43.3075,16.3385,0.9255,2752.2454
185,Capitalist,Wood,0.3328,175.1521,289.9023,122.2911,61.6061,88.5725,144.0889,0.9610,2752.2454
185,Capitalist,Tools,2.4951,13.6624,16.8673,5.8161,6.3579,11.0511,10.2945,1.0000,2752.2454
185,Farmland,Food,0.6643,74.5658,71.0557,35.5278,0.0000,35.5278,11.9279,0.8861,1441.5708
185,Farmland,Wood,0.4490,91.6363,53.7688,53.7688,84.1439,0.0000,42.3756,1.0000,1441.5708
185,Farmland,Tools,3.6587,7.2068,6.2009,0.2070,10.4986,0.0000,13.8983,1.0000,1441.5708
185,Forresty,Food,0.9126,30.1311,25.1893,25.1893,0.0000,0.0000,5.2691,0.6273,64.2750
185,Forresty,Wood,0.1505,189.3575,129.6970,64.8485,0.0000,64.8485,79.2768,0.9259,64.2750
185,Forresty,Tools,2.9843,4.7803,5.9752,5.9752,0.0000,0.0000,3.3838,0.7506,64.2750
185,Craftovo,Food,0.9079,44.6729,44.1756,17.0500,41.1421,0.0000,24.5632,1.0000,241.9087
185,Craftovo,Wood,0.3480,44.7336,64.0638,53.7376,0.0000,0.0000,33.3748,0.5946,241.9087
185,Craftovo,Tools,1.8570,8.3151,14.3309,7.6385,0.0000,6.6925,9.9415,0.7297,241.9087
186,Capitalist,Food,0.8019,91.5554,76.4368,38.2184,31.6639,38.2184,18.1723,0.8117,2739.7554
186,Capitalist,Wood,0.2995,167.5647,209.8085,77.3672,67.0741,50.0000,158.3452,0.7784,2739.7554
186,Capitalist,Tools,2.7446,30.6590,16.1857,16.1857,14.4432,0.0000,21.4128,1.0000,2739.7554
186,Farmland,Food,0.5978,44.6935,68.4727,35.1423,0.0000,33.3304,16.0296,0.7586,1446.5235
186,Farmland,Wood,0.4041,24.4675,59.1153,45.1762,47.5000,0.0000,48.4785,0.8866,1446.5235
186,Farmland,Tools,3.2929,5.6475,10.8532,8.6237,0.0000,0.0000,8.0504,1.0000,1446.5235
186,Forresty,Food,1.0038,33.5004,27.0731,8.3572,36.3075,0.0000,18.5184,0.7735,39.5167
186,Forresty,Wood,0.1655,190.4210,141.2085,70.6043,0.0000,70.6043,93.4445,0.7063,39.5167
186,Forresty,Tools,3.2828,7.5979,5.2918,5.2918,0.0000,0.0000,3.1175,0.6804,39.5167
186,Craftovo,Food,0.8171,29.5512,39.1796,39.1796,0.0000,0.0000,5.2709,0.8964,274.2045
186,Craftovo,Wood,0.3132,50.2098,64.5774,64.5774,0.0000,0.0000,20.5701,0.7798,274.2045
186,Craftovo,Tools,1.6713,5.5875,15.6938,0.4904,0.0000,15.2034,6.4217,0.7306,274.2045
187,Capitalist,Food,0.7658,77.3070,80.9509,29.7052,47.5000,44.6354,28.7094,0.7333,2719.8791
187,Capitalist,Wood,0.3294,266.0099,224.4684,73.5427,112.3434,0.0000,222.0462,0.9324,2719.8791
187,Capitalist,Tools,2.4702,12.5751,17.1787,6.6808,11.8915,8.5894,21.0672,1.0000,2719.8791
187,Farmland,Food,0.5794,71.2110,73.4729,23.4729,0.0000,50.0000,11.8559,0.8163,1482.8994
187,Farmland,Wood,0.4284,69.1738,65.2537,65.2537,0.0000,0.0000,16.3920,0.9024,1482.8994
187,Farmland,Tools,2.9636,5.4346,7.5089,7.5089,0.0000,0.0000,3.4690,1.0000,1482.8994
187,Forresty,Food,0.9034,22.7720,34.7479,31.0999,0.0000,0.0000,8.2718,0.7044,31.4605
187,Forresty,Wood,0.1698,161.7056,157.6750,39.4187,0.0000,118.2562,82.8212,0.6757,31.4605
187,Forresty,Tools,3.4477,6.6610,6.3423,4.3170,8.1599,0.0000,6.9996,0.9459,31.4605
187,Craftovo,Food,0.8988,43.4369,24.9884,23.2133,42.4037,0.0000,13.6635,1.0000,265.7610
187,Craftovo,Wood,0.3445,107.4282,51.0434,51.0434,0.0000,0.0000,26.9809,0.5946,265.7610
187,Craftovo,Tools,1.8384,20.5246,14.3055,1.7882,0.0000,12.5173,7.0321,0.5321,265.7610
188,Capitalist,Food,0.6892,47.5794,78.8742,78.8742,32.5918,0.0000,30.8029,1.0000,2791.0114
188,Capitalist,Wood,0.2965,161.3257,280.5086,113.9127,35.0790,166.5958,90.5712,0.8846,2791.0114
188,Capitalist,Tools,2.3731,15.6572,16.2977,4.1260,0.0000,12.1717,6.6759,1.0000,2791.0114
188,Farmland,Food,0.6374,77.9360,68.6143,34.3071,0.0000,34.3071,15.0780,0.8120,1420.2087
188,Farmland,Wood,0.4712,102.7632,53.5247,46.5557,110.7661,0.0000,61.0912,1.0000,1420.2087
188,Farmland,Tools,3.2599,12.3907,5.8294,1.1781,11.5632,0.0000,9.9227,0.9769,1420.2087
188,Forresty,Food,0.8131,16.4745,26.7376,26.1546,0.0000,0.0000,5.8236,0.6518,37.8430
188,Forresty,Wood,0.1728,159.9442,157.1010,72.2766,0.0000,36.9253,137.9591,0.6757,37.8430
188,Forresty,Tools,3.1030,4.0792,7.2939,7.2939,0.0000,0.0000,4.2115,0.8289,37.8430
188,Craftovo,Food,0.8268,26.1739,28.4526,25.7524,0.0000,0.0000,8.6707,0.6655,250.9369
188,Craftovo,Wood,0.3790,83.0316,58.2755,31.0045,47.5000,0.0000,64.7316,0.6301,250.9369
188,Craftovo,Tools,2.0223,19.4271,16.6091,16.4846,0.0000,0.0000,13.4641,1.0000,250.9369
189,Capitalist,Food,0.7581,89.5227,69.7516,19.7516,47.5000,50.0000,25.9228,0.7900,2749.3365
189,Capitalist,Wood,0.3261,170.2467,151.0366,30.7894,128.7632,0.0000,200.2485,0.7985,2749.3365
189,Capitalist,Tools,2.6104,35.9008,16.9070,16.9070,11.7364,0.0000,16.3571,1.0000,2749.3365
189,Farmland,Food,0.5736,46.6015,69.1898,19.1898,0.0000,50.0000,11.0316,0.7172,1456.2208
189,Farmland,Wood,0.4241,20.1020,66.8813,66.8813,0.0000,0.0000,28.6475,0.8859,1456.2208
189,Farmland,Tools,2.9339,4.7601,10.2708,10.2708,0.0000,0.0000,5.2178,0.9969,1456.2208
189,Forresty,Food,0.8944,29.3732,26.0000,26.0000,0.0000,0.0000,5.4186,0.6513,58.9281
189,Forresty,Wood,0.1556,142.6425,180.7203,45.1801,0.0000,135.5402,76.5382,0.8613,58.9281
189,Forresty,Tools,2.7927,4.9018,5.7381,5.7381,0.0000,0.0000,3.1009,0.7702,58.9281
189,Craftovo,Food,0.9095,45.3135,27.2803,1.9784,47.5000,0.0000,26.9454,0.7538,235.5146
189,Craftovo,Wood,0.4169,112.4504,76.3804,64.1915,0.0000,0.0000,31.2951,0.8558,235.5146
189,Craftovo,Tools,1.8201,3.8539,16.4722,4.1180,0.0000,12.3541,8.1667,1.0000,235.5146
190,Capitalist,Food,0.6895,73.6142,80.9452,40.4726,40.3709,40.4726,19.8803,0.9180,2783.9385
190,Capitalist,Wood,0.3059,244.9736,261.1526,177.7086,67.2650,73.4051,149.3118,1.0000,2783.9385
190,Capitalist,Tools,2.3494,11.2965,16.8809,3.5869,9.0510,13.2939,10.8042,0.9688,2783.9385
190,Farmland,Food,0.6155,78.3286,73.0064,30.5107,0.0000,42.4957,14.5387,0.7773,1416.1439
190,Farmland,Wood,0.4665,69.8643,54.5127,48.1601,69.7348,0.0000,42.9659,1.0000,1416.1439
190,Farmland,Tools,3.2273,5.8738,5.1796,0.0000,12.6292,0.0000,11.4921,1.0000,1416.1439
190,Forresty,Food,0.9839,35.3760,29.2761,29.2761,0.0000,0.0000,4.7228,0.6852,71.0442
190,Forresty,Wood,0.1711,177.1330,141.6106,70.8053,0.0000,70.8053,83.3244,0.8574,71.0442
190,Forresty,Tools,3.0719,9.8320,4.8917,4.8917,0.0000,0.0000,2.8928,0.6540,71.0442
190,Craftovo,Food,0.8185,34.9206,39.2649,18.9072,38.4490,0.0000,22.2194,1.0000,228.8734
190,Craftovo,Wood,0.3752,26.2202,67.8088,49.4900,0.0000,0.0000,35.4519,0.5946,228.8734
190,Craftovo,Tools,1.6380,8.9414,15.7054,6.1780,0.0000,9.5274,9.4153,0.7601,228.8734
191,Capitalist,Food,0.7584,94.7464,66.4688,33.2344,47.5000,33.2344,18.3229,0.9298,2778.3911
191,Capitalist,Wood,0.3008,151.4540,154.0392,82.9731,77.0374,43.6218,129.3548,1.0000,2778.3911
191,Capitalist,Tools,2.5843,31.5987,15.6498,7.8249,12.9842,7.8249,13.5760,1.0000,2778.3911
191,Farmland,Food,0.5539,41.0349,73.6669,23.6669,0.0000,50.0000,12.3265,0.7471,1452.1695
191,Farmland,Wood,0.4198,10.6417,63.1509,63.1509,0.0000,0.0000,17.0447,0.8444,1452.1695
191,Farmland,Tools,2.9046,4.7645,10.4876,10.4876,0.0000,0.0000,6.3203,1.0000,1452.1695
191,Forresty,Food,1.0429,30.9418,29.1911,5.7837,31.5727,0.0000,15.7630,0.7998,27.2817
191,Forresty,Wood,0.1761,166.9295,162.1840,74.7392,0.0000,81.0920,106.1165,0.6757,27.2817
191,Forresty,Tools,3.3791,10.7830,6.0967,5.0500,7.4336,0.0000,6.1043,0.9375,27.2817
191,Craftovo,Food,0.7367,29.5497,33.6489,33.6489,0.0000,0.0000,5.9218,0.8369,242.1577
191,Craftovo,Wood,0.3377,36.2852,68.8377,68.8377,41.4407,0.0000,35.4778,0.9302,242.1577
191,Craftovo,Tools,1.4742,7.4293,14.5787,0.9112,0.0000,13.6676,7.1522,0.6740,242.1577
192,Capitalist,Food,0.8343,81.9058,74.2805,27.4226,47.5000,0.0000,42.9704,0.8159,2725.2799
192,Capitalist,Wood,0.3309,187.9342,167.1204,74.5524,69.5219,69.0980,125.9284,0.7996,2725.2799
192,Capitalist,Tools,2.8427,26.1576,16.3819,13.6172,14.2117,0.0000,23.0428,1.0000,2725.2799
192,Farmland,Food,0.6093,78.8635,64.9085,14.9085,0.0000,50.0000,12.8733,0.6287,1461.4817
192,Farmland,Wood,0.4618,70.3139,58.9904,58.9904,65.6431,0.0000,34.6171,1.0000,1461.4817
192,Farmland,Tools,2.8543,5.6805,5.7806,5.7806,0.0000,0.0000,3.9895,0.8517,1461.4817
192,Forresty,Food,0.9386,16.3633,37.6625,31.4298,0.0000,0.0000,6.7855,0.7158,39.7162
192,Forresty,Wood,0.1699,141.2002,146.3618,50.3297,0.0000,73.1809,116.0155,0.6757,39.7162
192,Forresty,Tools,3.0412,3.0236,7.2948,6.7658,0.0000,0.0000,5.1198,0.7398,39.7162
192,Craftovo,Food,0.8103,39.4119,24.8515,24.8515,0.0000,0.0000,6.1751,0.6304,273.5221
192,Craftovo,Wood,0.3039,32.7496,56.5694,56.5694,0.0000,0.0000,22.5998,0.7757,273.5221
192,Craftovo,Tools,1.5304,16.0301,15.4422,0.4826,0.0000,14.9596,7.8022,0.4396,273.5221
193,Capitalist,Food,0.7509,65.3040,101.7067,51.7067,0.0000,50.0000,10.4553,0.7746,2776.5244
193,Capitalist,Wood,0.3640,228.1438,177.9766,103.3878,117.7249,50.0000,140.8720,1.0000,2776.5244
193,Capitalist,Tools,2.5585,11.8439,18.5640,9.2820,7.4669,9.2820,17.2598,1.0000,2776.5244
193,Farmland,Food,0.5839,72.6643,75.8329,41.5733,0.0000,0.0000,38.0254,0.7314,1415.5979
193,Farmland,Wood,0.4908,62.6647,58.9628,49.4849,47.5000,0.0000,34.5545,0.9609,1415.5979
193,Farmland,Tools,3.1397,9.4850,5.6818,0.3742,8.8179,0.0000,10.7290,0.7251,1415.5979
193,Forresty,Food,0.8447,21.9231,27.5086,27.5086,0.0000,0.0000,4.3834,0.6602,58.6667
193,Forresty,Wood,0.1529,145.4821,165.2279,41.3070,0.0000,123.9209,77.3740,0.8254,58.6667
193,Forresty,Tools,2.7371,4.5810,6.2671,6.2671,0.0000,0.0000,3.8845,0.7758,58.6667
193,Craftovo,Food,0.8914,46.2332,28.2968,12.6419,47.5000,0.0000,19.8043,0.9375,249.2111
193,Craftovo,Wood,0.3343,99.8661,49.9007,49.9007,0.0000,0.0000,27.8701,0.5946,249.2111
193,Craftovo,Tools,1.6834,21.4489,15.7198,7.8599,0.0000,7.8599,7.5678,0.9624,249.2111
194,Capitalist,Food,0.8259,92.1692,69.5034,19.4739,60.4279,34.7517,24.0254,0.8691,2743.7523
194,Capitalist,Wood,0.3276,174.6857,195.1012,58.3593,68.9699,50.0000,151.5737,0.8684,2743.7523
194,Capitalist,Tools,2.8143,23.1028,15.7201,9.3416,13.7613,0.0000,26.3266,1.0000,2743.7523
194,Farmland,Food,0.5255,35.0753,84.8111,21.2028,0.0000,63.6083,15.6578,0.7386,1432.6439
194,Farmland,Wood,0.4417,10.5837,70.5289,44.2543,47.5000,0.0000,52.7096,0.8231,1432.6439
194,Farmland,Tools,2.8258,4.7766,10.4213,7.7834,0.0000,0.0000,7.8385,0.8077,1432.6439
194,Forresty,Food,0.9292,32.4866,23.8680,23.8680,0.0000,0.0000,5.1362,0.6086,70.8791
194,Forresty,Wood,0.1682,178.8459,145.1998,72.5999,0.0000,72.5999,81.9781,0.8914,70.8791
194,Forresty,Tools,3.0108,7.8834,5.7802,5.7802,0.0000,0.0000,3.1251,0.7541,70.8791
194,Craftovo,Food,0.9563,37.4055,34.8664,29.8963,33.0141,0.0000,16.2118,1.0000,252.7247
194,Craftovo,Wood,0.3677,80.4100,52.8452,52.8452,0.0000,0.0000,29.6199,0.5946,252.7247
194,Craftovo,Tools,1.8307,16.8029,15.4513,0.9657,0.0000,14.4856,6.9893,0.4738,252.7247
195,Capitalist,Food,0.7433,52.2164,80.5951,40.2976,47.5000,40.2976,20.2055,0.8825,2758.2870
195,Capitalist,Wood,0.3097,204.6038,216.4110,80.3073,75.8874,50.0000,162.8919,0.8235,2758.2870
195,Capitalist,Tools,2.5329,12.2764,22.1393,10.3953,8.1061,8.5110,21.6843,1.0000,2758.2870
195,Farmland,Food,0.5780,78.3505,68.4848,18.4848,0.0000,50.0000,13.5993,0.7169,1467.9527
195,Farmland,Wood,0.3976,58.8203,77.9021,77.9021,0.0000,0.0000,18.9802,0.9267,1467.9527
195,Farmland,Tools,2.5432,5.5573,7.5059,7.5059,0.0000,0.0000,4.0562,0.9185,1467.9527
195,Forresty,Food,1.0221,35.4069,27.3024,3.7315,38.2827,0.0000,17.5438,0.8288,19.3374
195,Forresty,Wood,0.1798,170.7950,159.7630,77.8124,0.0000,79.8815,104.3891,0.6757,19.3374
195,Forresty,Tools,3.3119,10.3485,6.1508,4.2251,8.0855,0.0000,6.9695,0.9324,19.3374
195,Craftovo,Food,0.9021,25.8947,27.4501,27.4501,0.0000,0.0000,4.5080,0.7794,254.4229
195,Craftovo,Wood,0.4045,71.5210,53.6096,46.3861,47.5000,0.0000,46.2597,0.7872,254.4229
195,Craftovo,Tools,2.0137,19.6109,17.0655,8.5327,0.0000,8.5327,6.6232,1.0000,254.4229
196,Capitalist,Food,0.6690,62.1994,74.6736,20.7989,33.8821,53.8748,12.2090,0.8138,2872.3059
196,Capitalist,Wood,0.2902,207.6253,221.5392,75.4140,0.0000,146.1252,45.5887,0.8234,2872.3059
196,Capitalist,Tools,2.2796,15.5111,17.8296,3.4950,0.0000,14.3347,6.3994,0.9662,2872.3059
196,Farmland,Food,0.6323,78.0321,71.3307,35.6653,0.0000,35.6653,18.6927,0.7297,1417.5426
196,Farmland,Wood,0.4373,98.1560,53.5792,53.5792,92.3806,0.0000,52.4153,1.0000,1417.5426
196,Farmland,Tools,2.7975,11.9581,4.8092,2.0050,13.6179,0.0000,11.1161,1.0000,1417.5426
196,Forresty,Food,0.9199,13.6905,41.7885,0.5622,14.6495,0.0000,24.4157,0.5044,5.8615
196,Forresty,Wood,0.1618,107.5305,144.2672,36.2157,0.0000,0.0000,168.7172,0.6757,5.8615
196,Forresty,Tools,2.9807,1.6137,7.4328,1.9665,0.0000,0.0000,7.0377,0.5986,5.8615
196,Craftovo,Food,0.9923,42.0087,25.9640,0.7131,36.5316,0.0000,18.2196,0.7753,204.2901
196,Craftovo,Wood,0.4449,89.2053,60.6897,1.5903,46.4384,0.0000,76.6958,0.6173,204.2901
196,Craftovo,Tools,2.0176,17.2679,17.2348,2.0396,0.0000,0.0000,19.6861,0.4921,204.2901
197,Capitalist,Food,0.7359,145.0139,70.1692,23.6230,47.5000,46.5462,15.8672,0.8369,2806.9159
197,Capitalist,Wood,0.3193,320.7228,165.9606,127.3884,122.8133,0.0000,141.5768,0.9598,2806.9159
197,Capitalist,Tools,2.5075,36.7461,15.9471,13.7782,22.9678,0.0000,25.2613,1.0000,2806.9159
197,Farmland,Food,0.5691,43.1732,78.8974,28.8974,0.0000,50.0000,14.1118,0.8212,1452.4982
197,Farmland,Wood,0.3936,21.0075,60.2841,60.2841,0.0000,0.0000,24.5918,0.8562,1452.4982
197,Farmland,Tools,2.5178,4.8293,8.7011,8.7011,0.0000,0.0000,6.2444,1.0000,1452.4982
197,Forresty,Food,0.8279,6.3719,46.4944,29.8252,0.0000,0.0000,12.8585,0.6930,24.6924
197,Forresty,Wood,0.1457,36.2157,226.1516,65.3830,0.0000,129.2771,129.8522,0.6757,24.6924
197,Forresty,Tools,2.6826,0.0000,10.3673,9.2046,0.0000,0.0000,5.2487,0.7921,24.6924
197,Craftovo,Food,0.8931,8.6286,39.1665,0.8684,44.2189,0.0000,29.9522,0.7297,215.8935
197,Craftovo,Wood,0.4005,17.4088,107.7516,39.4436,0.0000,0.0000,68.3630,0.6362,215.8935
197,Craftovo,Tools,1.8158,0.9017,27.6305,3.4538,0.0000,24.1767,6.2737,0.6807,215.8935
198,Capitalist,Food,0.8095,105.7043,79.9650,8.7243,47.5000,0.0000,51.6969,0.7065,2721.8627
198,Capitalist,Wood,0.3512,220.0280,183.3799,39.7225,135.5177,0.0000,209.0254,0.9490,2721.8627
198,Capitalist,Tools,2.4273,18.7146,19.3328,5.1863,13.5283,0.0000,33.3567,1.0000,2721.8627
198,Farmland,Food,0.5911,75.6630,72.8511,22.8511,0.0000,50.0000,12.5087,0.7715,1490.9494
198,Farmland,Wood,0.4330,94.8980,53.4069,53.4069,0.0000,0.0000,16.9883,0.7192,1490.9494
198,Farmland,Tools,2.7695,11.4371,5.3460,5.3460,0.0000,0.0000,3.2190,0.8870,1490.9494
198,Forresty,Food,0.7539,29.6367,32.5455,32.5455,0.0000,0.0000,5.2844,0.7316,43.3935
198,Forresty,Wood,0.1311,99.9216,169.3910,26.7408,0.0000,142.6502,80.7811,0.7896,43.3935
198,Forresty,Tools,2.4144,0.0000,6.7755,6.7755,0.0000,0.0000,4.3269,0.7521,43.3935
198,Craftovo,Food,0.8038,23.2671,45.0062,45.0062,0.0000,0.0000,9.2051,0.8778,243.7943
198,Craftovo,Wood,0.3604,24.8587,104.5225,83.4429,0.0000,0.0000,52.3211,0.6937,243.7943
198,Craftovo,Tools,1.6343,7.0560,14.6997,0.4594,0.0000,14.2403,6.5489,0.4600,243.7943
199,Capitalist,Food,0.7285,36.5478,117.9703,78.5108,40.0144,39.4595,28.1649,1.0000,2820.4416
199,Capitalist,Wood,0.3161,145.9158,272.7656,139.5047,0.0000,133.2609,69.6582,0.9240,2820.4416
199,Capitalist,Tools,2.1846,13.9660,26.8954,2.8039,10.5143,24.0915,15.7218,1.0000,2820.4416
199,Farmland,Food,0.6447,77.1667,70.7463,28.6259,0.0000,42.1204,14.8780,0.7297,1416.1014
199,Farmland,Wood,0.4762,138.0985,57.8866,22.8974,126.5979,0.0000,76.0046,1.0000,1416.1014
199,Farmland,Tools,3.0465,19.5678,6.3456,3.3854,16.1824,0.0000,13.3140,1.0000,1416.1014
199,Forresty,Food,0.8293,36.1241,25.2719,25.2719,0.0000,0.0000,9.0965,0.5405,25.5876
199,Forresty,Wood,0.1442,199.3810,146.2392,126.1583,0.0000,0.0000,141.0430,0.9032,25.5876
199,Forresty,Tools,2.6558,7.3750,4.9627,4.9627,6.7045,0.0000,6.3261,0.9422,25.5876
199,Craftovo,Food,0.8842,36.4996,25.3925,21.4313,37.4865,0.0000,14.0918,0.9815,237.8694
199,Craftovo,Wood,0.3244,50.6211,70.4402,56.3135,0.0000,0.0000,52.4853,0.5946,237.8694
199,Craftovo,Tools,1.7977,19.9558,14.4638,3.3962,0.0000,11.0677,7.1662,0.6461,237.8694
200,Capitalist,Food,0.8014,90.7552,67.0969,22.1856,50.8135,33.5107,31.0325,0.8167,2774.5363
200,Capitalist,Wood,0.3477,184.6481,142.5363,57.0261,110.4029,30.2985,143.8642,0.7820,2774.5363
200,Capitalist,Tools,2.4031,28.4909,14.4868,14.4868,13.9859,0.0000,24.3660,1.0000,2774.5363
200,Farmland,Food,0.5802,53.4273,73.1894,19.7015,0.0000,53.4879,10.8877,0.7254,1440.1703
200,Farmland,Wood,0.4286,33.0656,90.4034,57.3693,28.7836,0.0000,59.4535,0.9218,1440.1703
200,Farmland,Tools,2.7418,5.3108,8.4316,8.4316,0.0000,0.0000,7.7429,1.0000,1440.1703
200,Forresty,Food,0.7753,24.2838,25.9739,25.9739,0.0000,0.0000,5.2719,0.6824,40.6705
200,Forresty,Wood,0.1298,129.1829,154.9514,38.7379,0.0000,116.2136,94.8111,0.8033,40.6705
200,Forresty,Tools,2.3902,4.6719,5.6257,5.6257,0.0000,0.0000,4.3526,0.7707,40.6705
200,Craftovo,Food,0.9726,34.5552,29.6289,29.6289,31.8352,0.0000,13.0985,1.0000,244.6229
200,Craftovo,Wood,0.3568,74.8425,62.3945,58.3322,0.0000,0.0000,50.6066,0.6005,244.6229
200,Craftovo,Tools,1.9775,19.1734,16.8251,2.1031,0.0000,14.7220,6.6064,0.5544,244.6229
201,Capitalist,Food,0.7213,61.8715,80.8502,37.5985,41.5359,27.9185,33.0925,0.8052,2794.7767
201,Capitalist,Wood,0.3560,210.3787,205.4570,74.0220,100.9493,0.0000,190.1408,0.9541,2794.7767
201,Capitalist,Tools,2.1628,12.0046,16.7413,2.0927,0.0000,14.6486,8.0398,1.0000,2794.7767
201,Farmland,Food,0.6073,77.8835,74.4167,30.6947,0.0000,43.7220,12.2502,0.8405,1432.5671
201,Farmland,Wood,0.3858,75.2377,84.0161,84.0161,0.0000,0.0000,25.0759,0.9260,1432.5671
201,Farmland,Tools,3.0160,8.3794,5.6962,0.6389,13.9162,0.0000,15.2113,1.0000,1432.5671
201,Forresty,Food,0.8529,30.2525,23.3693,23.3693,0.0000,0.0000,5.7784,0.6015,55.8411
201,Forresty,Wood,0.1428,186.9785,141.6833,35.4208,0.0000,106.2625,81.7620,0.7791,55.8411
201,Forresty,Tools,2.6292,9.3018,5.0192,5.0192,0.0000,0.0000,3.4824,0.7106,55.8411
201,Craftovo,Food,1.0485,28.2403,26.1964,0.0000,26.5226,0.0000,19.3938,0.7026,216.8151
201,Craftovo,Wood,0.3442,62.3270,64.6022,50.6711,0.0000,0.0000,52.8666,0.5946,216.8151
201,Craftovo,Tools,2.1752,18.8690,15.1373,14.4947,0.0000,0.0000,11.8071,1.0000,216.8151
202,Capitalist,Food,0.6491,55.8178,80.2155,40.3705,47.5000,39.8450,24.3309,0.9304,2790.4180
202,Capitalist,Wood,0.3204,127.1393,271.3872,25.2403,100.2864,41.7467,242.2392,0.7411,2790.4180
202,Capitalist,Tools,2.3790,31.8641,14.8899,10.2995,7.8406,4.5904,12.3707,0.8456,2790.4180
202,Farmland,Food,0.5465,51.2207,70.3197,20.3197,0.0000,50.0000,11.6525,0.6934,1463.4012
202,Farmland,Wood,0.3472,44.1775,58.1624,58.1624,0.0000,0.0000,17.4488,0.7533,1463.4012
202,Farmland,Tools,2.7144,7.0727,10.7479,10.7479,0.0000,0.0000,9.8126,1.0000,1463.4012
202,Forresty,Food,0.9382,33.4848,24.4815,24.4815,0.0000,0.0000,5.0658,0.6173,59.8068
202,Forresty,Wood,0.1570,196.2862,140.7528,35.1882,0.0000,105.5646,70.6443,0.6943,59.8068
202,Forresty,Tools,2.8922,10.8956,6.1136,6.1136,4.3609,0.0000,4.4094,0.9083,59.8068
202,Craftovo,Food,0.9436,34.5114,39.4754,4.0165,37.8527,0.0000,26.5039,0.7486,186.3741
202,Craftovo,Wood,0.3787,100.7345,67.1301,12.1538,39.6594,0.0000,65.4088,0.7634,186.3741
202,Craftovo,Tools,1.9577,0.8259,16.5066,3.1767,0.0000,8.2533,12.4150,0.7867,186.3741
203,Capitalist,Food,0.5842,59.1692,66.2719,9.3020,0.0000,56.9699,14.4017,0.4695,2867.5322
203,Capitalist,Wood,0.2884,201.3742,297.1363,179.4386,0.0000,117.6977,84.5673,1.0000,2867.5322
203,Capitalist,Tools,2.4324,16.8175,16.4489,7.3092,14.1944,9.1397,14.3503,1.0000,2867.5322
203,Farmland,Food,0.6012,80.2485,65.9547,53.8486,0.0000,0.0000,29.5546,0.8726,1406.3453
203,Farmland,Wood,0.3819,115.2274,52.7782,52.7782,111.8128,0.0000,66.1576,1.0000,1406.3453
203,Farmland,Tools,2.9859,10.4104,4.9951,4.0915,5.6062,0.0000,9.3172,1.0000,1406.3453
203,Forresty,Food,1.0320,30.3718,25.7587,0.0000,27.6107,0.0000,19.1066,0.6094,21.5258
203,Forresty,Wood,0.1727,192.4677,156.3152,96.2339,0.0000,0.0000,153.9945,0.6757,21.5258
203,Forresty,Tools,3.1814,7.4977,5.6460,5.6460,3.0765,0.0000,4.3818,0.8495,21.5258
203,Craftovo,Food,0.8492,11.4159,44.5233,15.5411,26.5107,0.0000,26.2256,0.7297,204.5967
203,Craftovo,Wood,0.3408,24.7888,100.2742,49.8221,0.0000,0.0000,59.7373,0.6139,204.5967
203,Craftovo,Tools,1.7619,0.9822,19.9220,4.9805,0.0000,14.9415,8.6266,0.7297,204.5967
204,Capitalist,Food,0.6426,150.8931,63.1343,7.8918,47.5000,55.2425,16.2122,0.7432,2840.7388
204,Capitalist,Wood,0.3172,276.4362,150.8645,140.5029,94.2365,0.0000,132.1124,1.0000,2840.7388
204,Capitalist,Tools,2.6756,28.0323,16.6779,15.2476,12.7847,0.0000,23.2032,1.0000,2840.7388
204,Farmland,Food,0.5411,51.6106,75.5264,25.5264,0.0000,50.0000,12.9786,0.8814,1436.8710
204,Farmland,Wood,0.3437,40.3425,55.8978,55.8978,0.0000,0.0000,22.6344,0.9472,1436.8710
204,Farmland,Tools,2.6873,4.7992,7.1041,7.1041,0.0000,0.0000,4.7097,1.0000,1436.8710
204,Forresty,Food,0.9288,20.0725,40.7679,8.9187,29.9888,0.0000,20.7194,0.8179,9.0950
204,Forresty,Wood,0.1555,96.4530,198.3926,48.1820,0.0000,99.1963,138.7971,0.6757,9.0950
204,Forresty,Tools,2.8632,1.1201,6.2461,3.1765,0.0000,0.0000,5.1149,0.6084,9.0950
204,Craftovo,Food,0.7643,26.2761,38.5856,32.0430,22.4916,0.0000,17.0331,0.9023,213.2952
204,Craftovo,Wood,0.3067,35.2388,90.8692,79.4243,0.0000,0.0000,53.4477,0.6304,213.2952
204,Craftovo,Tools,1.5857,6.5853,14.3548,0.8972,0.0000,13.4576,6.7222,0.6461,213.2952
205,Capitalist,Food,0.7069,150.9417,72.6026,24.3905,33.0544,48.2121,14.5703,0.7595,2852.6824
205,Capitalist,Wood,0.3489,236.4566,160.0304,113.5334,122.9231,0.0000,181.2749,1.0000,2852.6824
205,Capitalist,Tools,2.6780,18.5932,18.5769,3.3709,11.8895,15.2059,17.1355,1.0000,2852.6824
205,Farmland,Food,0.5952,79.4574,69.5881,34.7941,0.0000,34.7941,13.1943,0.9155,1419.5166
205,Farmland,Wood,0.3781,118.7087,55.7937,55.7937,0.0000,0.0000,20.1843,0.7008,1419.5166
205,Farmland,Tools,2.9560,13.0045,5.3521,3.4007,14.4456,0.0000,12.8027,1.0000,1419.5166
205,Forresty,Food,0.8359,9.7924,43.0764,32.5400,0.0000,0.0000,9.7247,0.7465,27.2002
205,Forresty,Wood,0.1399,58.4997,172.5237,43.1309,0.0000,129.3928,99.8126,0.6757,27.2002
205,Forresty,Tools,2.5769,0.0000,7.8034,7.8034,0.0000,0.0000,4.5673,0.6773,27.2002
205,Craftovo,Food,0.8408,37.7132,28.9749,12.3174,45.8015,0.0000,21.8672,1.0000,200.6008
205,Craftovo,Wood,0.2760,28.1111,57.7959,57.7959,0.0000,0.0000,50.4210,0.5946,200.6008
205,Craftovo,Tools,1.5697,14.1586,14.3031,1.7879,0.0000,12.5153,7.3489,0.5321,200.6008
206,Capitalist,Food,0.7776,128.1891,74.0248,34.0472,47.5000,0.0000,41.4960,0.8159,2762.5688
206,Capitalist,Wood,0.3567,194.9429,190.6789,25.3588,140.9815,0.0000,233.3420,1.0000,2762.5688
206,Capitalist,Tools,2.9458,22.8184,15.7036,7.8902,14.2919,0.0000,26.0508,1.0000,2762.5688
206,Farmland,Food,0.6092,70.4526,68.8289,18.8289,0.0000,50.0000,11.9147,0.6723,1456.4527
206,Farmland,Wood,0.4159,88.7314,59.3161,59.3161,0.0000,0.0000,17.9139,0.6906,1456.4527
206,Farmland,Tools,3.2516,8.8265,7.2406,7.2406,0.0000,0.0000,7.0345,1.0000,1456.4527
206,Forresty,Food,0.7523,25.3269,29.0360,29.0360,0.0000,0.0000,5.2133,0.6818,42.4212
206,Forresty,Wood,0.1366,145.0411,148.5556,37.1389,0.0000,111.4167,83.5566,0.7977,42.4212
206,Forresty,Tools,2.3192,2.7519,5.4872,5.4872,0.0000,0.0000,3.8892,0.7211,42.4212
206,Craftovo,Food,0.7567,24.4218,36.2251,36.2251,0.0000,0.0000,5.2758,0.8892,238.5572
206,Craftovo,Wood,0.2484,24.1062,49.3132,12.3283,0.0000,36.9849,25.8366,0.5517,238.5572
206,Craftovo,Tools,1.4127,11.3994,16.0470,1.0029,0.0000,15.0441,7.4110,0.4765,238.5572
207,Capitalist,Food,0.6998,44.3369,96.9477,48.4739,41.0270,48.4739,18.0974,0.9771,2842.7253
207,Capitalist,Wood,0.3211,179.6396,289.7504,160.3579,0.0000,129.3924,79.5577,1.0000,2842.7253
207,Capitalist,Tools,2.6512,10.4115,23.0911,6.8979,12.0633,13.2443,20.5326,1.0000,2842.7253
207,Farmland,Food,0.5999,76.0081,77.1904,34.0041,0.0000,43.1863,15.1034,0.7884,1389.0150
207,Farmland,Wood,0.4575,128.1189,59.3774,36.7415,122.9228,0.0000,75.2490,1.0000,1389.0150
207,Farmland,Tools,3.5768,13.4197,5.5461,1.1634,12.5821,0.0000,12.7658,1.0000,1389.0150
207,Forresty,Food,0.8275,32.0162,26.3395,26.3395,0.0000,0.0000,6.5442,0.6285,42.4212
207,Forresty,Wood,0.1503,194.5911,145.1602,103.0568,0.0000,0.0000,153.5317,0.7582,42.4212
207,Forresty,Tools,2.5511,9.6216,5.6769,5.6769,0.0000,0.0000,3.4899,0.7253,42.4212
207,Craftovo,Food,0.8323,38.2682,26.4234,13.0043,46.0502,0.0000,17.4753,0.9727,225.8384
207,Craftovo,Wood,0.2733,132.3762,47.1537,47.1537,0.0000,0.0000,29.8242,0.5946,225.8384
207,Craftovo,Tools,1.5540,22.2560,14.8961,2.1979,0.0000,12.6982,8.0750,0.5612,225.8384
208,Capitalist,Food,0.7698,114.0609,69.1978,19.3518,47.5000,0.0000,43.7362,0.7968,2745.5626
208,Capitalist,Wood,0.3532,209.2948,147.1638,22.9066,162.8656,0.0000,193.8257,0.9026,2745.5626
208,Capitalist,Tools,2.9163,21.5101,17.8565,6.9467,13.7918,0.0000,28.7760,1.0000,2745.5626
208,Farmland,Food,0.5399,46.8298,69.5301,19.5301,0.0000,50.0000,11.8116,0.7317,1425.5817
208,Farmland,Wood,0.4117,24.0991,75.9508,75.9508,0.0000,0.0000,36.6213,0.8932,1425.5817
208,Farmland,Tools,3.2191,5.3310,9.6901,9.3137,0.0000,0.0000,7.2698,1.0000,1425.5817
208,Forresty,Food,0.8299,28.6971,28.6152,28.6152,0.0000,0.0000,5.2876,0.6834,61.5922
208,Forresty,Wood,0.1352,145.9692,188.9962,47.2491,0.0000,141.7472,93.7940,0.8401,61.5922
208,Forresty,Tools,2.8063,10.9514,6.3280,6.3280,0.0000,0.0000,3.1766,0.7187,61.5922
208,Craftovo,Food,0.7491,22.6413,31.2798,31.2798,0.0000,0.0000,5.2447,0.7817,267.2635
208,Craftovo,Wood,0.3006,98.9958,59.3805,29.6903,0.0000,29.6903,26.1109,0.4881,267.2635
208,Craftovo,Tools,1.7094,19.0121,15.4126,0.8950,0.0000,14.5176,7.4729,0.4688,267.2635
209,Capitalist,Food,0.6928,40.8065,101.0035,13.3783,0.0000,87.6252,11.6663,0.4542,2784.4190
209,Capitalist,Wood,0.3178,167.3338,262.5337,72.5755,89.2659,50.0000,194.7954,0.9031,2784.4190
209,Capitalist,Tools,2.6247,10.4215,25.1151,4.8868,14.2072,0.0000,35.4187,1.0000,2784.4190
209,Farmland,Food,0.5834,80.7403,74.7124,63.5244,0.0000,0.0000,29.6055,1.0000,1409.6896
209,Farmland,Wood,0.4529,68.6211,55.3019,55.3019,47.5000,0.0000,33.0507,1.0000,1409.6896
209,Farmland,Tools,2.9943,5.4521,5.8613,5.8613,0.0000,0.0000,3.5773,0.9316,1409.6896
209,Forresty,Food,0.9129,38.2758,23.7304,4.9935,45.1157,0.0000,16.6519,0.9233,34.3852
209,Forresty,Wood,0.1488,181.3727,126.6459,32.6819,0.0000,93.9641,89.1842,0.6757,34.3852
209,Forresty,Tools,3.0869,11.0040,6.2868,6.2868,0.0000,0.0000,4.0206,0.6205,34.3852
209,Craftovo,Food,0.8240,50.5946,24.9038,24.9038,38.1282,0.0000,11.8184,1.0000,271.5061
209,Craftovo,Wood,0.3307,129.1945,53.2268,53.2268,0.0000,0.0000,23.5647,0.6475,271.5061
209,Craftovo,Tools,1.8803,20.2946,17.0913,2.1364,0.0000,14.9549,6.8988,0.5568,271.5061
210,Capitalist,Food,0.6236,58.9436,70.3534,35.1767,41.6978,35.1767,13.3288,0.9139,2860.7526
210,Capitalist,Wood,0.2861,165.4567,257.2931,143.9925,41.6880,113.3006,90.0319,1.0000,2860.7526
210,Capitalist,Tools,2.3622,17.7183,32.5554,18.8072,0.0000,13.7482,18.0421,1.0000,2860.7526
210,Farmland,Food,0.5251,61.8663,72.7897,28.8972,0.0000,43.8925,20.4741,0.7327,1370.7686
210,Farmland,Wood,0.4421,58.9072,60.3462,43.2272,60.1355,0.0000,39.8427,1.0000,1370.7686
210,Farmland,Tools,3.2938,9.0027,5.3704,0.0000,13.0608,0.0000,10.5354,1.0000,1370.7686
210,Forresty,Food,0.8216,22.7685,35.1834,34.0388,0.0000,0.0000,8.4346,0.6882,41.5665
210,Forresty,Wood,0.1636,182.3175,150.5696,83.4453,0.0000,43.8821,131.3120,0.6757,41.5665
210,Forresty,Tools,2.7782,4.8523,6.2133,6.2133,0.0000,0.0000,3.1634,0.7440,41.5665
210,Craftovo,Food,0.9064,40.0904,27.1904,2.9335,33.4178,0.0000,19.6772,0.8042,226.9123
210,Craftovo,Wood,0.3637,108.2270,56.8220,33.5145,47.5000,0.0000,63.9820,0.6047,226.9123
210,Craftovo,Tools,2.0684,19.3502,15.2942,15.2942,0.0000,0.0000,12.2193,1.0000,226.9123
211,Capitalist,Food,0.6859,157.0866,69.1323,18.5877,45.6429,50.5446,15.0813,0.8134,2852.0892
211,Capitalist,Wood,0.3147,282.2240,153.1275,98.5412,81.0061,54.5863,87.1692,1.0000,2852.0892
211,Capitalist,Tools,2.5984,24.2277,15.3955,13.2510,10.9767,0.0000,24.4498,1.0000,2852.0892
211,Farmland,Food,0.4726,36.3584,65.9260,17.8809,0.0000,48.0451,15.2573,0.7297,1386.5688
211,Farmland,Wood,0.3979,8.6913,68.9256,56.4804,30.5131,0.0000,48.0528,0.7500,1386.5688
211,Farmland,Tools,2.9644,4.7556,10.3588,4.7556,0.0000,0.0000,10.0577,0.5995,1386.5688
211,Forresty,Food,0.8784,27.9222,26.1160,26.1160,0.0000,0.0000,5.3410,0.6870,54.1254
211,Forresty,Wood,0.1473,142.9897,170.5392,85.2696,0.0000,85.2696,104.0641,0.9459,54.1254
211,Forresty,Tools,3.0560,8.7100,4.9278,4.9278,0.0000,0.0000,2.9087,0.6599,54.1254
211,Craftovo,Food,0.9193,40.4444,39.8775,0.0000,48.0174,0.0000,32.4342,0.7594,207.2166
211,Craftovo,Wood,0.4001,129.5304,79.7069,53.3166,21.3438,0.0000,52.9091,0.8441,207.2166
211,Craftovo,Tools,1.8615,6.0255,15.4059,3.8515,0.0000,11.5544,7.0475,0.9926,207.2166
212,Capitalist,Food,0.7545,145.4126,79.6857,34.7855,61.5342,39.8428,22.4842,0.9657,2794.9474
212,Capitalist,Wood,0.3461,273.3962,174.0551,80.6027,107.0404,0.0000,173.0675,0.8889,2794.9474
212,Capitalist,Tools,2.7055,18.6475,17.9097,6.2985,12.3490,0.0000,30.4477,1.0000,2794.9474
212,Farmland,Food,0.5199,75.2534,66.8623,2.0894,0.0000,64.7729,15.1186,0.4584,1426.4132
212,Farmland,Wood,0.3581,44.6390,64.8488,64.8488,0.0000,0.0000,19.0493,0.8803,1426.4132
212,Farmland,Tools,2.6680,5.5179,10.0532,10.0532,0.0000,0.0000,4.9595,1.0000,1426.4132
212,Forresty,Food,0.9663,30.8883,25.5142,25.5142,0.0000,0.0000,4.8518,0.6319,71.5596
212,Forresty,Wood,0.1547,157.8283,150.2322,37.5580,0.0000,112.6741,86.4657,0.7954,71.5596
212,Forresty,Tools,3.3616,10.7413,6.3924,6.3924,0.0000,0.0000,2.6225,0.7233,71.5596
212,Craftovo,Food,0.8274,28.8271,48.4662,19.9791,37.8507,0.0000,26.3412,0.9869,207.0797
212,Craftovo,Wood,0.3601,26.2125,78.1124,54.1980,0.0000,0.0000,51.5977,0.5946,207.0797
212,Craftovo,Tools,1.6754,9.3899,14.2995,1.3006,0.0000,12.9989,6.4079,0.5839,207.0797
213,Capitalist,Food,0.6791,64.3212,84.3678,24.8088,0.0000,59.5590,11.9768,0.5515,2860.8234
213,Capitalist,Wood,0.3115,159.5609,240.7638,146.9405,72.9121,50.0000,149.8690,1.0000,2860.8234
213,Capitalist,Tools,2.4349,18.5318,25.2859,6.2948,13.0928,10.6430,26.8352,1.0000,2860.8234
213,Farmland,Food,0.5718,82.2816,73.7665,73.7665,0.0000,0.0000,29.6580,1.0000,1410.8374
213,Farmland,Wood,0.3939,90.7578,54.3283,54.3283,47.5000,0.0000,21.8596,0.9831,1410.8374
213,Farmland,Tools,2.9348,8.7269,5.5673,5.5673,0.0000,0.0000,3.0345,0.8240,1410.8374
213,Forresty,Food,1.0629,36.3139,25.8457,0.0000,33.0126,0.0000,19.7433,0.6634,12.1456
213,Forresty,Wood,0.1702,176.3219,153.4992,71.3588,0.0000,76.7496,108.3083,0.6757,12.1456
213,Forresty,Tools,3.6978,9.3191,6.4565,3.2846,10.1109,0.0000,8.3271,0.9459,12.1456
213,Craftovo,Food,0.7446,29.0044,39.2923,36.0078,23.5684,0.0000,14.7622,1.0000,216.1936
213,Craftovo,Wood,0.3241,15.4382,67.0761,59.2144,0.0000,0.0000,47.8309,0.5946,216.1936
213,Craftovo,Tools,1.5078,11.1816,14.7007,0.9188,0.0000,13.7819,7.0176,0.4705,216.1936
214,Capitalist,Food,0.7470,107.6543,70.1583,35.0791,50.0762,35.0791,16.2953,0.9377,2908.4664
214,Capitalist,Wood,0.2804,174.8177,196.6850,73.2306,0.0000,123.4544,45.4729,0.8988,2908.4664
214,Capitalist,Tools,2.4191,21.7968,21.9393,8.1032,13.6936,10.9697,24.4011,1.0000,2908.4664
214,Farmland,Food,0.5147,62.5439,70.2824,17.5706,0.0000,52.7118,14.5308,0.8208,1361.1872
214,Farmland,Wood,0.4333,94.1002,57.4808,21.7119,117.2817,0.0000,72.8153,1.0000,1361.1872
214,Farmland,Tools,3.2282,13.9466,6.1186,2.1824,10.4212,0.0000,9.3791,0.8890,1361.1872
214,Forresty,Food,0.9566,11.4268,39.2997,12.6964,0.0000,0.0000,16.8457,0.4876,12.1456
214,Forresty,Wood,0.1532,71.3588,159.2671,54.3378,0.0000,0.0000,180.5127,0.6757,12.1456
214,Forresty,Tools,3.3280,0.0000,8.2779,3.6495,0.0000,0.0000,6.0235,0.7614,12.1456
214,Craftovo,Food,0.8191,31.8748,26.0385,25.3118,33.3252,0.0000,13.9463,1.0000,218.2008
214,Craftovo,Wood,0.2917,45.1093,60.7470,57.5128,0.0000,0.0000,50.0323,0.5946,218.2008
214,Craftovo,Tools,1.6586,18.5031,15.3753,0.9610,0.0000,14.4143,7.6603,0.4735,218.2008
215,Capitalist,Food,0.8217,120.7646,74.9418,33.3535,65.0077,0.0000,46.1404,0.8956,2824.1247
215,Capitalist,Wood,0.3084,299.7206,149.2313,121.6645,101.2157,18.0664,124.0363,0.8392,2824.1247
215,Capitalist,Tools,2.6610,20.3620,18.1480,5.9724,14.3896,0.0000,32.4555,1.0000,2824.1247
215,Farmland,Food,0.4632,56.7094,72.9911,4.5619,0.0000,68.4292,13.8908,0.4996,1397.4464
215,Farmland,Wood,0.3900,24.4520,80.9696,69.8380,17.1631,0.0000,48.4403,0.8540,1397.4464
215,Farmland,Tools,2.9054,4.7644,8.9579,8.0865,0.0000,0.0000,6.1613,0.8300,1397.4464
215,Forresty,Food,0.8610,12.6964,37.6352,31.1680,0.0000,0.0000,7.4851,0.7120,26.8342
215,Forresty,Wood,0.1379,79.2875,213.0858,56.7116,0.0000,106.5429,148.5646,0.6757,26.8342
215,Forresty,Tools,2.9952,0.0000,9.4169,8.9591,0.0000,0.0000,4.9214,0.7255,26.8342
215,Craftovo,Food,0.7723,26.2825,27.8768,27.8768,0.0000,0.0000,5.3637,0.7716,251.5947
215,Craftovo,Wood,0.3209,64.2316,57.8211,57.8211,0.0000,0.0000,32.7216,0.7850,251.5947
215,Craftovo,Tools,1.8245,20.6029,15.6927,0.5457,0.0000,15.1470,7.0775,0.4441,251.5947
216,Capitalist,Food,0.7395,70.8077,99.6448,27.7212,47.5000,49.5981,35.7295,0.7851,2840.7682
216,Capitalist,Wood,0.2938,163.9976,172.1315,58.0161,80.6358,65.1202,142.0937,0.8010,2840.7682
216,Capitalist,Tools,2.3949,18.6033,26.2329,18.2215,0.3819,0.0000,26.8914,1.0000,2840.7682
216,Farmland,Food,0.5095,87.1693,64.1509,14.1509,0.0000,50.0000,15.4158,0.6060,1406.0339
216,Farmland,Wood,0.4290,69.4895,61.1102,61.1102,61.8642,0.0000,51.1366,1.0000,1406.0339
216,Farmland,Tools,2.6799,5.5343,6.0001,6.0001,0.0000,0.0000,4.8494,0.7318,1406.0339
216,Forresty,Food,0.9470,29.0623,26.4090,26.4090,0.0000,0.0000,4.9972,0.6446,37.3660
216,Forresty,Wood,0.1241,102.7086,169.7595,84.8798,0.0000,84.8798,112.4573,0.9459,37.3660
216,Forresty,Tools,2.6957,0.0000,6.2320,6.2320,0.0000,0.0000,3.8181,0.7698,37.3660
216,Craftovo,Food,0.8495,48.1477,25.3140,0.9496,47.1181,0.0000,24.9617,0.7540,215.8318
216,Craftovo,Wood,0.3529,99.6845,56.9741,56.9741,0.0000,0.0000,36.5741,0.5946,215.8318
216,Craftovo,Tools,2.0069,19.6441,15.8525,15.4506,0.0000,0.4019,12.5226,1.0000,215.8318
217,Capitalist,Food,0.7307,88.8249,89.8924,44.9462,35.3486,44.9462,19.1777,0.9419,2889.0444
217,Capitalist,Wood,0.3232,264.0835,198.0346,155.6302,90.5379,42.4044,146.0418,1.0000,2889.0444
217,Capitalist,Tools,2.1554,16.7376,21.2001,1.4312,7.2158,19.7690,11.0993,1.0000,2889.0444
217,Farmland,Food,0.5275,77.0457,74.4182,37.2091,0.0000,37.2091,14.0329,0.9328,1410.2700
217,Farmland,Wood,0.3861,50.2815,58.6594,58.6594,0.0000,0.0000,17.3843,0.9046,1410.2700
217,Farmland,Tools,2.9478,7.4653,5.3333,5.3333,9.5173,0.0000,8.6558,1.0000,1410.2700
217,Forresty,Food,0.8687,26.5666,28.9642,26.3695,0.0000,0.0000,7.5202,0.5901,22.9060
217,Forresty,Wood,0.1365,176.7156,146.0859,50.7828,0.0000,95.3031,113.3752,0.7216,22.9060
217,Forresty,Tools,2.9653,6.4912,5.4233,4.4306,9.2632,0.0000,8.3468,0.9459,22.9060
217,Craftovo,Food,0.9344,47.1130,40.7342,3.1048,42.6989,0.0000,28.4932,0.8884,177.7796
217,Craftovo,Wood,0.3882,101.9908,61.5444,10.1885,40.2842,0.0000,61.9680,0.6951,177.7796
217,Craftovo,Tools,1.8063,4.1513,15.1911,3.1771,0.0000,7.5956,12.2069,0.8508,177.7796
218,Capitalist,Food,0.8038,96.2542,71.7905,40.4462,47.5000,0.0000,44.3721,0.7988,2851.2296
218,Capitalist,Wood,0.2909,154.2306,172.2393,62.7581,73.9625,107.4714,101.3633,0.9355,2851.2296
218,Capitalist,Tools,2.3710,33.4556,15.7032,15.7032,13.9397,0.0000,21.4496,1.0000,2851.2296
218,Farmland,Food,0.5802,80.6642,72.9661,22.9661,0.0000,50.0000,13.5878,0.7297,1423.4949
218,Farmland,Wood,0.4247,63.4608,56.4468,56.4468,58.7602,0.0000,28.3472,1.0000,1423.4949
218,Farmland,Tools,2.6531,5.2736,6.4098,6.4098,0.0000,0.0000,4.2142,1.0000,1423.4949
218,Forresty,Food,0.7818,15.1244,24.4267,24.4267,0.0000,0.0000,4.9326,0.6435,34.1664
218,Forresty,Wood,0.1446,165.0024,155.7105,77.8552,0.0000,77.8552,115.8505,0.7988,34.1664
218,Forresty,Tools,2.6687,3.2942,7.1736,7.1736,0.0000,0.0000,4.6918,0.9325,34.1664
218,Craftovo,Food,0.8410,10.7016,43.8968,23.3545,0.0000,0.0000,15.5681,0.6412,191.1092
218,Craftovo,Wood,0.3494,23.1142,91.8860,60.6631,43.3377,0.0000,57.7370,0.8742,191.1092
218,Craftovo,Tools,1.6256,0.9959,19.0548,4.3814,0.0000,14.6733,8.5035,0.7297,191.1092
219,Capitalist,Food,0.7234,86.1370,98.0045,38.3568,47.5000,0.0000,48.9992,0.9844,2806.1139
219,Capitalist,Wood,0.3200,255.3937,143.4372,77.4022,72.4457,66.0350,103.2731,0.8344,2806.1139
219,Capitalist,Tools,2.6081,20.9917,17.5133,8.0843,13.9790,0.0000,30.5602,1.0000,2806.1139
219,Farmland,Food,0.5391,71.7461,77.2186,27.2186,0.0000,50.0000,14.4393,0.7297,1428.5503
219,Farmland,Wood,0.4672,68.1848,55.9066,55.9066,62.7333,0.0000,35.2301,1.0000,1428.5503
219,Farmland,Tools,2.9184,10.7438,5.2240,5.2240,0.0000,0.0000,3.0521,0.7457,1428.5503
219,Forresty,Food,0.8600,28.6960,22.5962,22.5962,0.0000,0.0000,5.7151,0.5905,45.5873
219,Forresty,Wood,0.1498,157.9305,152.5172,76.2586,0.0000,76.2586,102.4334,0.9406,45.5873
219,Forresty,Tools,2.9356,5.5004,4.9803,4.9803,0.0000,0.0000,3.4850,0.7259,45.5873
219,Craftovo,Food,0.7569,31.2168,36.8332,36.8332,0.0000,0.0000,5.1742,0.8047,219.7485
219,Craftovo,Wood,0.3145,29.8275,74.6538,74.6538,0.0000,0.0000,32.7774,0.7972,219.7485
219,Craftovo,Tools,1.4631,9.4271,15.1820,0.4672,0.0000,14.7148,7.1981,0.5749,219.7485
220,Capitalist,Food,0.6511,66.2318,99.1389,17.0341,8.1413,82.1048,12.6372,0.5680,2876.2688
220,Capitalist,Wood,0.3520,186.7638,169.0426,127.6123,90.4701,41.4303,116.7262,1.0000,2876.2688
220,Capitalist,Tools,2.3473,16.4623,25.5896,8.4534,10.1872,11.9401,24.9172,1.0000,2876.2688
220,Farmland,Food,0.5142,70.1601,73.5642,41.8818,0.0000,8.5697,35.3949,0.7297,1382.8546
220,Farmland,Wood,0.4877,60.4654,57.9127,53.1854,39.3587,0.0000,27.2317,0.9688,1382.8546
220,Farmland,Tools,3.2102,11.6302,6.2105,0.0000,11.3431,0.0000,11.3491,0.7980,1382.8546
220,Forresty,Food,0.9460,31.6147,28.3050,4.6387,40.6868,0.0000,16.8386,0.9127,22.7877
220,Forresty,Wood,0.1647,164.5632,137.1912,41.9595,0.0000,95.2317,95.2197,0.6757,22.7877
220,Forresty,Tools,3.2292,9.6278,5.5596,5.5596,0.0000,0.0000,3.1754,0.6600,22.7877
220,Craftovo,Food,0.8326,41.7874,24.8572,24.7845,37.3128,0.0000,13.1568,0.9476,218.0889
220,Craftovo,Wood,0.3459,71.0917,54.7839,54.7839,0.0000,0.0000,38.9123,0.5946,218.0889
220,Craftovo,Tools,1.6094,21.9367,14.2978,3.5744,0.0000,10.7233,7.8505,0.6587,218.0889
221,Capitalist,Food,0.7162,122.5295,69.0776,34.6784,68.0917,34.3992,22.9792,0.9825,2835.3285
221,Capitalist,Wood,0.3650,182.0770,175.6040,70.0500,106.1844,0.0000,173.5913,1.0000,2835.3285
221,Capitalist,Tools,2.5820,21.9242,18.9478,9.1362,12.7879,9.4739,23.0540,1.0000,2835.3285
221,Farmland,Food,0.4628,34.5330,76.4539,4.7784,0.0000,71.6755,13.9039,0.6233,1398.8400
221,Farmland,Wood,0.4390,8.2721,57.5137,48.6290,0.0000,0.0000,21.4862,0.6656,1398.8400
221,Farmland,Tools,2.8892,4.7668,11.1599,1.8805,9.0002,0.0000,13.6773,1.0000,1398.8400
221,Forresty,Food,0.8514,20.5287,38.7293,38.7293,0.0000,0.0000,4.4540,0.8157,39.3601
221,Forresty,Wood,0.1483,114.4038,152.4425,40.6694,0.0000,111.7731,81.1145,0.7138,39.3601
221,Forresty,Tools,2.9062,1.4973,6.4081,6.4081,0.0000,0.0000,3.4436,0.6734,39.3601
221,Craftovo,Food,0.9158,35.2166,27.0660,26.0197,32.6793,0.0000,12.9518,1.0000,226.4714
221,Craftovo,Wood,0.3805,77.4554,59.0124,59.0124,0.0000,0.0000,42.3481,0.5946,226.4714
221,Craftovo,Tools,1.7703,20.9158,15.3840,1.9230,0.0000,13.4610,7.2588,0.5417,226.4714
222,Capitalist,Food,0.7191,71.7364,71.4464,16.5808,45.5435,54.8656,16.3677,0.8085,2836.6929
222,Capitalist,Wood,0.3285,177.7872,245.1023,73.6075,67.1334,50.0000,177.3410,0.8234,2836.6929
222,Capitalist,Tools,2.5731,16.8425,16.9009,7.1574,11.5020,0.0000,28.9936,1.0000,2836.6929
222,Farmland,Food,0.4294,59.3098,63.9207,15.9802,0.0000,47.9406,15.4296,0.6319,1403.0018
222,Farmland,Wood,0.3951,21.4184,64.6053,43.2243,47.5000,0.0000,42.7169,0.8163,1403.0018
222,Farmland,Tools,2.6003,5.5389,13.6025,5.5389,0.0000,0.0000,12.9908,0.6183,1403.0018
222,Forresty,Food,0.8747,25.1689,24.4971,24.4971,0.0000,0.0000,5.0787,0.6193,50.8854
222,Forresty,Wood,0.1631,179.7655,141.3335,70.6667,0.0000,70.6667,88.6683,0.8456,50.8854
222,Forresty,Tools,3.1969,6.8153,5.0504,5.0504,0.0000,0.0000,2.7717,0.6976,50.8854
222,Craftovo,Food,1.0074,31.1324,25.7594,0.0000,52.1223,0.0000,21.3470,1.0000,209.4198
222,Craftovo,Wood,0.4036,60.8160,57.3412,51.8692,0.0000,0.0000,43.1887,0.5946,209.4198
222,Craftovo,Tools,1.9473,19.9425,16.1431,4.0358,0.0000,12.1073,6.6947,0.6914,209.4198
223,Capitalist,Food,0.6472,64.7995,73.0245,18.5957,47.5000,54.4288,14.2844,0.8319,2867.2100
223,Capitalist,Wood,0.2956,180.3460,241.0119,117.5067,73.8915,41.8152,159.2682,0.9636,2867.2100
223,Capitalist,Tools,2.3158,18.0073,25.5364,12.3760,7.7756,9.5455,23.8572,1.0000,2867.2100
223,Farmland,Food,0.4723,82.9264,63.0468,13.0468,0.0000,50.0000,16.5637,0.5903,1433.7423
223,Farmland,Wood,0.3556,45.6764,73.1996,73.1996,0.0000,0.0000,17.4199,0.8700,1433.7423
223,Farmland,Tools,2.3402,5.6281,11.7711,11.0689,0.0000,0.0000,7.4513,0.9801,1433.7423
223,Forresty,Food,0.9622,31.9343,25.4830,0.0000,34.0414,0.0000,17.9613,0.7432,0.0000
223,Forresty,Wood,0.1769,168.7113,155.5611,0.0000,0.0000,77.7806,121.6675,0.5482,0.0000
223,Forresty,Tools,3.5166,9.5412,5.9072,0.0000,9.0683,0.0000,9.8188,0.7206,0.0000
223,Craftovo,Food,0.9067,27.4922,40.3873,16.1121,17.6659,0.0000,17.2365,0.7705,199.0477
223,Craftovo,Wood,0.3632,34.0776,64.2250,41.1857,39.7244,0.0000,53.4071,0.8086,199.0477
223,Craftovo,Tools,1.7526,10.8816,16.3697,8.1848,0.0000,8.1848,8.6103,0.7809,199.0477
224,Capitalist,Food,0.7119,107.4105,75.3606,37.6803,32.8665,37.6803,17.7673,0.8233,2845.9614
224,Capitalist,Wood,0.3150,223.9271,210.1452,73.6519,100.7727,50.0000,175.2888,0.8855,2845.9614
224,Capitalist,Tools,2.5473,21.9717,19.3199,7.5171,14.4546,0.0000,33.0986,1.0000,2845.9614
224,Farmland,Food,0.5195,86.3231,69.1926,34.5963,0.0000,34.5963,15.1273,0.8958,1435.9668
224,Farmland,Wood,0.3911,76.2287,57.2181,57.2181,47.5000,0.0000,22.8854,0.9828,1435.9668
224,Farmland,Tools,2.2585,5.7221,5.9292,5.9292,0.0000,0.0000,5.1202,0.8169,1435.9668
224,Forresty,Food,0.8660,0.0000,38.0274,19.5003,0.0000,0.0000,13.4750,0.5515,16.8867
224,Forresty,Wood,0.1592,0.0000,212.1531,90.6763,0.0000,106.0766,110.0633,0.6757,16.8867
224,Forresty,Tools,3.1649,0.0000,11.0055,5.3356,0.0000,0.0000,7.0444,0.8118,16.8867
224,Craftovo,Food,0.8160,25.2071,39.5708,16.5698,35.7963,0.0000,23.9905,0.8066,201.1851
224,Craftovo,Wood,0.3269,50.1730,70.7557,63.4459,0.0000,0.0000,43.9369,0.6744,201.1851
224,Craftovo,Tools,1.5773,4.0019,16.0565,0.8412,0.0000,15.2154,6.7529,0.6389,201.1851
225,Capitalist,Food,0.7060,69.0399,69.6182,43.3646,35.2428,0.0000,33.6873,0.8321,2818.2013
225,Capitalist,Wood,0.2835,175.0454,228.1402,71.6514,67.7908,91.5436,151.5627,0.7970,2818.2013
225,Capitalist,Tools,2.2926,17.9052,27.0924,6.2725,12.4122,0.0000,38.6940,1.0000,2818.2013
225,Farmland,Food,0.5715,82.3058,74.1954,37.0977,0.0000,37.0977,20.8658,0.7297,1425.0467
225,Farmland,Wood,0.4302,81.0657,56.2398,56.2398,86.9664,0.0000,49.9521,1.0000,1425.0467
225,Farmland,Tools,2.4843,11.2634,5.4176,5.4176,0.0000,0.0000,3.8866,0.7463,1425.0467
225,Forresty,Food,0.7794,19.5003,34.5565,34.5565,0.0000,0.0000,6.1833,0.7253,27.1106
225,Forresty,Wood,0.1433,95.5812,145.2283,56.9505,0.0000,71.3587,120.3990,0.6812,27.1106
225,Forresty,Tools,2.8484,0.0000,9.7933,9.5178,0.0000,0.0000,5.1482,0.7452,27.1106
225,Craftovo,Food,0.7344,30.7296,35.9439,35.9439,0.0000,0.0000,5.4887,0.8885,229.6414
225,Craftovo,Wood,0.2942,13.6279,57.6624,57.6624,0.0000,0.0000,31.9394,0.7185,229.6414
225,Craftovo,Tools,1.4196,11.5239,13.9365,0.8710,0.0000,13.0655,7.3813,0.4671,229.6414
226,Capitalist,Food,0.6354,55.6753,80.9705,40.4853,40.5544,40.4853,18.8224,0.9158,2848.6768
226,Capitalist,Wood,0.2551,178.8132,212.0165,134.9985,70.3054,61.5875,127.8150,1.0000,2848.6768
226,Capitalist,Tools,2.0633,18.5719,34.2447,9.5001,12.5072,16.6539,30.1674,1.0000,2848.6768
226,Farmland,Food,0.5144,59.2472,73.8038,31.1149,0.0000,42.6889,20.1227,0.7297,1386.9636
226,Farmland,Wood,0.4189,57.1846,58.7298,45.3085,58.5082,0.0000,50.3218,1.0000,1386.9636
226,Farmland,Tools,2.7328,11.9409,6.3498,0.0000,15.8212,0.0000,13.6153,1.0000,1386.9636
226,Forresty,Food,0.8573,29.3172,25.5031,25.5031,0.0000,0.0000,6.0613,0.6400,36.6533
226,Forresty,Wood,0.1289,100.7514,148.0114,74.0057,0.0000,74.0057,101.0556,0.9459,36.6533
226,Forresty,Tools,2.5636,0.0000,5.9307,5.9307,0.0000,0.0000,4.0571,0.7580,36.6533
226,Craftovo,Food,0.8079,42.8760,23.4390,23.4390,38.4610,0.0000,12.1284,0.9809,227.7062
226,Craftovo,Wood,0.3236,79.1892,52.0597,52.0597,0.0000,0.0000,33.2199,0.6278,227.7062
226,Craftovo,Tools,1.5616,22.2699,14.3228,1.1574,0.0000,13.1655,8.0436,0.4874,227.7062
227,Capitalist,Food,0.6989,95.4009,72.7475,36.3738,43.4804,36.3738,23.1442,0.8504,2877.3497
227,Capitalist,Wood,0.2807,207.8195,157.5925,57.5925,64.4645,100.0000,101.5096,0.8094,2877.3497
227,Capitalist,Tools,2.1344,22.3910,21.6454,21.6454,0.0000,0.0000,25.0737,1.0000,2877.3497
227,Farmland,Food,0.4629,37.4496,64.7845,19.0157,0.0000,45.7689,15.8015,0.7297,1394.1176
227,Farmland,Wood,0.3770,8.7835,63.7248,28.8762,47.5000,0.0000,68.2262,0.7401,1394.1176
227,Farmland,Tools,2.4595,4.8403,11.3137,6.6723,0.0000,0.0000,10.4564,0.7982,1394.1176
227,Forresty,Food,0.9092,30.2339,28.5073,4.5380,34.5551,0.0000,19.0336,0.7717,14.8596
227,Forresty,Wood,0.1418,181.7895,135.7147,67.8574,0.0000,67.8574,118.2017,0.7099,14.8596
227,Forresty,Tools,2.8199,6.2156,5.3056,5.2695,0.0000,0.0000,3.1917,0.7305,14.8596
227,Craftovo,Food,0.8335,29.0858,28.1898,26.4193,0.0000,0.0000,10.4526,0.6125,213.6731
227,Craftovo,Wood,0.3560,79.5643,52.4270,28.3529,47.5000,0.0000,65.7434,0.6265,213.6731
227,Craftovo,Tools,1.7177,21.2336,15.1970,15.1970,0.0000,0.0000,13.2283,1.0000,213.6731
228,Capitalist,Food,0.7688,108.3046,74.8981,11.3311,62.5123,43.5797,29.2550,0.8599,2829.2935
228,Capitalist,Wood,0.3087,285.6655,169.1772,88.9565,100.1465,0.0000,176.9447,0.8853,2829.2935
228,Capitalist,Tools,2.3479,20.5945,16.2328,6.4598,14.2317,0.0000,33.2236,1.0000,2829.2935
228,Farmland,Food,0.5092,81.1083,67.9251,2.1227,0.0000,65.8024,15.4246,0.4625,1434.6663
228,Farmland,Wood,0.3393,52.8295,76.6294,76.6294,0.0000,0.0000,25.2672,0.9323,1434.6663
228,Farmland,Tools,2.2135,5.6771,9.1304,9.1304,0.0000,0.0000,5.3998,0.9935,1434.6663
228,Forresty,Food,0.8183,16.3430,39.3540,34.6041,0.0000,0.0000,7.5370,0.7736,28.3169
228,Forresty,Wood,0.1277,101.2590,140.5565,35.1391,0.0000,105.4174,99.9869,0.6757,28.3169
228,Forresty,Tools,2.5379,0.0000,6.0950,6.0950,0.0000,0.0000,3.7787,0.6258,28.3169
228,Craftovo,Food,0.9169,37.6995,26.6328,9.1433,41.4007,0.0000,22.8771,0.7926,207.7233
228,Craftovo,Wood,0.3916,103.1512,79.1193,71.3550,0.0000,0.0000,47.3108,0.7510,207.7233
228,Craftovo,Tools,1.5460,6.2505,17.1209,2.1401,0.0000,14.9808,7.1683,0.9422,207.7233
229,Capitalist,Food,0.6919,52.3215,91.0810,48.5817,32.2418,42.4992,13.2850,0.9681,2875.6116
229,Capitalist,Wood,0.2779,161.5716,216.5291,132.8901,63.0429,83.6391,110.6333,1.0000,2875.6116
229,Capitalist,Tools,2.1131,16.5756,26.0570,9.9958,7.1257,16.0613,21.2990,1.0000,2875.6116
229,Farmland,Food,0.5601,83.1372,67.8775,33.9387,0.0000,33.9387,16.0060,0.8308,1393.3786
229,Farmland,Wood,0.3733,100.5212,49.2852,49.2852,79.4571,0.0000,45.2962,1.0000,1393.3786
229,Farmland,Tools,2.4349,11.1209,5.1634,2.2008,15.2582,0.0000,14.0430,1.0000,1393.3786
229,Forresty,Food,0.7365,20.6517,27.2889,27.2889,0.0000,0.0000,5.3710,0.6649,37.6355
229,Forresty,Wood,0.1404,184.4992,132.7219,66.3609,0.0000,66.3609,107.7058,0.7925,37.6355
229,Forresty,Tools,2.2841,5.0625,5.6860,5.6860,0.0000,0.0000,3.4478,0.7169,37.6355
229,Craftovo,Food,0.8525,35.4771,38.1565,8.4959,40.3743,0.0000,24.8335,0.9344,193.3743
229,Craftovo,Wood,0.3524,16.7706,66.2019,28.8731,0.0000,0.0000,49.0479,0.5946,193.3743
229,Craftovo,Tools,1.3914,11.4150,15.0015,7.5008,0.0000,7.5008,10.1818,0.7349,193.3743
230,Capitalist,Food,0.7611,99.2322,68.6637,5.4543,62.7120,0.0000,48.9602,0.7937,2795.5379
230,Capitalist,Wood,0.3056,207.9279,144.6935,59.8499,103.5665,0.0000,181.6630,0.8567,2795.5379
230,Capitalist,Tools,2.3244,23.7647,14.5063,11.0430,12.7217,0.0000,28.0936,1.0000,2795.5379
230,Farmland,Food,0.5041,51.9348,68.1420,2.1294,0.0000,66.0126,12.7222,0.4634,1433.6500
230,Farmland,Wood,0.3359,24.7787,57.4410,57.4410,0.0000,0.0000,18.5984,0.8495,1433.6500
230,Farmland,Tools,2.1914,4.8968,8.1648,8.1648,0.0000,0.0000,8.2097,1.0000,1433.6500
230,Forresty,Food,0.7789,27.7365,26.2246,26.2246,0.0000,0.0000,6.1772,0.6420,54.4749
230,Forresty,Wood,0.1545,172.9518,155.1081,46.0907,0.0000,109.0174,87.6719,0.7964,54.4749
230,Forresty,Tools,2.5126,10.2238,5.0061,5.0061,0.0000,0.0000,3.5414,0.6431,54.4749
230,Craftovo,Food,0.7673,20.2021,41.0315,41.0315,0.0000,0.0000,8.2539,0.8389,216.3372
230,Craftovo,Wood,0.3172,39.0400,76.5624,76.5624,0.0000,0.0000,41.7312,0.6315,216.3372
230,Craftovo,Tools,1.2522,3.2364,13.8232,0.4320,0.0000,13.3912,8.1740,0.6257,216.3372
231,Capitalist,Food,0.6850,51.0240,108.6957,53.2589,45.8774,55.4368,26.6294,0.8876,2846.2925
231,Capitalist,Wood,0.2751,196.6187,229.2039,133.0872,0.0000,96.1167,101.5129,0.8042,2846.2925
231,Capitalist,Tools,2.0919,11.5642,19.4201,5.7706,13.0909,11.4180,24.8805,1.0000,2846.2925
231,Farmland,Food,0.5545,83.5560,64.3894,16.0973,0.0000,48.2920,14.1840,0.6336,1427.7617
231,Farmland,Wood,0.3695,99.1645,47.9288,47.9288,91.3109,0.0000,48.2390,1.0000,1427.7617
231,Farmland,Tools,2.4105,11.1134,5.0559,5.0559,1.6226,0.0000,4.7564,1.0000,1427.7617
231,Forresty,Food,0.8568,35.8702,24.6693,22.0662,0.0000,0.0000,7.0807,0.5820,28.9800
231,Forresty,Wood,0.1699,177.9815,155.7153,80.9484,0.0000,0.0000,166.5071,0.6757,28.9800
231,Forresty,Tools,2.7638,12.2021,5.8062,5.8062,9.2245,0.0000,7.8970,0.9459,28.9800
231,Craftovo,Food,0.8440,36.8416,23.3207,4.4980,52.6650,0.0000,21.2511,0.9561,196.9658
231,Craftovo,Wood,0.3044,47.8892,49.9005,49.9005,0.0000,0.0000,41.9020,0.5946,196.9658
231,Craftovo,Tools,1.3774,22.1163,14.6986,0.9187,0.0000,13.7799,8.8792,0.4705,196.9658
232,Capitalist,Food,0.7535,80.4761,71.8481,32.7540,35.1714,0.0000,40.9045,0.8356,2797.0801
232,Capitalist,Wood,0.3026,179.3530,160.8501,37.4153,122.6116,50.0000,174.3639,0.8011,2797.0801
232,Capitalist,Tools,2.3011,22.3397,16.2709,8.6314,13.7083,0.0000,31.8779,1.0000,2797.0801
232,Farmland,Food,0.4991,65.4332,74.0451,37.0225,0.0000,37.0225,15.5034,0.8552,1431.1094
232,Farmland,Wood,0.4065,67.6568,56.1875,56.1875,47.5000,0.0000,44.3251,0.9554,1431.1094
232,Farmland,Tools,2.6516,12.4051,6.2194,6.2194,0.0000,0.0000,3.4160,0.7825,1431.1094
232,Forresty,Food,0.7712,20.7218,30.3483,30.3483,0.0000,0.0000,5.0320,0.7009,44.7329
232,Forresty,Wood,0.1529,140.8620,206.0270,79.9901,0.0000,103.0135,119.2327,0.8999,44.7329
232,Forresty,Tools,2.4874,4.6794,5.5781,5.5781,0.0000,0.0000,4.0498,0.9028,44.7329
232,Craftovo,Food,0.7596,23.1065,37.8382,37.8382,0.0000,0.0000,6.6735,0.8480,227.0776
232,Craftovo,Wood,0.2740,22.7764,52.1026,26.0513,0.0000,26.0513,23.2397,0.5946,227.0776
232,Craftovo,Tools,1.2907,14.1189,15.0678,0.6380,0.0000,14.4298,8.2396,0.4506,227.0776
233,Capitalist,Food,0.6782,42.5557,92.6001,49.6498,32.4402,42.9503,20.7516,0.8785,2841.1320
233,Capitalist,Wood,0.2723,178.4712,226.9277,102.5992,77.2831,68.6494,149.3729,0.9634,2841.1320
233,Capitalist,Tools,2.0710,11.1996,23.4533,7.6008,6.6972,15.8524,19.3114,1.0000,2841.1320
233,Farmland,Food,0.5490,76.8067,66.1638,32.0162,0.0000,34.1476,20.2173,0.7297,1391.1180
233,Farmland,Wood,0.4471,70.8671,62.5993,40.6183,65.2169,0.0000,54.7387,0.9959,1391.1180
233,Farmland,Tools,2.9168,12.0281,5.9830,0.0000,15.0598,0.0000,12.2337,1.0000,1391.1180
233,Forresty,Food,0.8483,29.4206,26.1755,26.1755,0.0000,0.0000,5.8200,0.6413,55.9291
233,Forresty,Wood,0.1376,147.4703,165.8664,84.5158,0.0000,81.3506,108.1057,0.9032,55.9291
233,Forresty,Tools,2.7362,10.0650,5.0868,5.0868,0.0000,0.0000,3.2583,0.7105,55.9291
233,Craftovo,Food,0.8355,33.1205,22.0147,1.8227,40.8028,0.0000,17.5510,0.8531,211.8209
233,Craftovo,Wood,0.3013,106.5220,55.3658,55.3658,0.0000,0.0000,33.2459,0.5946,211.8209
233,Craftovo,Tools,1.4198,23.3556,14.0994,7.0497,0.0000,7.0497,8.6728,0.9050,211.8209
234,Capitalist,Food,0.7404,73.4717,67.2942,67.2942,36.6373,0.0000,26.1643,1.0000,2837.9617
234,Capitalist,Wood,0.2693,186.9827,189.0767,79.5706,70.2229,96.0531,130.6413,0.7789,2837.9617
234,Capitalist,Tools,2.2781,25.5230,15.4140,7.7070,11.2486,7.7070,19.4003,1.0000,2837.9617
234,Farmland,Food,0.4941,37.7841,77.1312,37.7841,0.0000,38.5656,23.7821,0.7297,1396.7071
234,Farmland,Wood,0.4024,8.1545,79.7831,27.4622,47.5000,0.0000,77.5059,0.7297,1396.7071
234,Farmland,Tools,2.6251,4.8099,10.9760,8.9389,0.0000,0.0000,7.8054,0.9176,1396.7071
234,Forresty,Food,0.9199,30.3229,27.9628,27.9628,0.0000,0.0000,5.1054,0.6666,45.0831
234,Forresty,Wood,0.1514,164.2976,147.8376,61.5124,0.0000,73.9188,130.5444,0.6758,45.0831
234,Forresty,Tools,3.0098,11.4720,6.1639,6.1639,7.3216,0.0000,6.3137,0.9459,45.0831
234,Craftovo,Food,0.7520,31.0488,38.7516,38.7516,0.0000,0.0000,5.9087,0.8214,220.2481
234,Craftovo,Wood,0.3315,78.1153,60.7987,60.7987,43.7505,0.0000,45.4978,0.8544,220.2481
234,Craftovo,Tools,1.5567,17.3097,15.7876,3.9469,0.0000,11.8407,8.0429,0.6851,220.2481
235,Capitalist,Food,0.6664,59.1944,77.3301,6.3833,33.7235,50.0000,26.4257,0.6624,2815.4343
235,Capitalist,Wood,0.2878,188.1213,176.0349,41.9996,121.0898,14.5016,211.6097,0.8565,2815.4343
235,Capitalist,Tools,2.5059,20.2343,18.0192,10.6749,11.1959,0.0000,26.9118,1.0000,2815.4343
235,Farmland,Food,0.5150,74.0038,70.9968,35.4984,0.0000,35.4984,16.7770,0.9906,1415.0057
235,Farmland,Wood,0.3622,67.5008,90.3549,90.3549,13.7765,0.0000,37.9741,0.9759,1415.0057
235,Farmland,Tools,2.3626,5.6199,7.1463,7.1463,0.0000,0.0000,4.9252,0.8581,1415.0057
235,Forresty,Food,0.8279,21.0900,26.3473,26.3473,0.0000,0.0000,4.5242,0.6437,62.4503
235,Forresty,Wood,0.1363,147.5306,169.9507,42.4877,0.0000,127.4630,90.1739,0.8346,62.4503
235,Forresty,Tools,2.7088,4.5633,5.8512,5.8512,0.0000,0.0000,4.0216,0.8099,62.4503
235,Craftovo,Food,0.8272,39.6571,21.6614,13.4503,47.5000,0.0000,15.1994,1.0000,207.1097
235,Craftovo,Wood,0.3646,77.1479,56.2541,56.2541,0.0000,0.0000,45.4420,0.5946,207.1097
235,Craftovo,Tools,1.7123,21.2671,15.7136,3.9284,0.0000,11.7852,7.4624,0.6838,207.1097
236,Capitalist,Food,0.5997,56.2835,77.9972,11.4092,35.3918,66.5880,13.9662,0.7042,2915.5600
236,Capitalist,Wood,0.2590,208.8404,249.3971,144.7740,0.0000,104.6231,78.1375,1.0000,2915.5600
236,Capitalist,Tools,2.2553,10.5785,22.5796,3.1867,7.3977,19.3929,12.0857,1.0000,2915.5600
236,Farmland,Food,0.5412,78.2976,74.5090,37.2545,0.0000,37.2545,22.2202,0.7297,1379.5475
236,Farmland,Wood,0.3984,76.1289,51.4137,51.4137,70.1284,0.0000,48.9722,1.0000,1379.5475
236,Farmland,Tools,2.5988,9.9537,5.2571,3.1030,12.1082,0.0000,10.9989,1.0000,1379.5475
236,Forresty,Food,0.9107,30.3197,24.6225,4.7694,21.6775,0.0000,16.8445,0.5988,23.8924
236,Forresty,Wood,0.1499,183.8179,133.8007,80.5029,0.0000,0.0000,162.1839,0.6757,23.8924
236,Forresty,Tools,2.9797,7.7316,5.4342,4.0493,6.3150,0.0000,7.1511,0.8517,23.8924
236,Craftovo,Food,0.9099,33.3439,28.9684,1.7448,41.5811,0.0000,20.7582,0.9038,181.0001
236,Craftovo,Wood,0.3282,51.4313,60.5163,18.8009,29.2636,0.0000,64.4036,0.6480,181.0001
236,Craftovo,Tools,1.7877,16.2598,15.5740,5.2946,0.0000,7.7870,9.9258,0.7040,181.0001
237,Capitalist,Food,0.6597,158.7767,69.0311,34.5155,47.5000,34.5155,18.9714,0.9036,2850.9936
237,Capitalist,Wood,0.2849,315.9754,147.1673,109.6627,142.5000,0.0000,162.4088,1.0000,2850.9936
237,Capitalist,Tools,2.4809,31.3257,16.1532,16.1532,14.4171,0.0000,23.0157,1.0000,2850.9936
237,Farmland,Food,0.4871,50.5485,65.8159,15.8159,0.0000,50.0000,13.1908,0.7478,1410.8833
237,Farmland,Wood,0.3585,28.5412,60.7053,60.7053,0.0000,0.0000,24.2036,0.8427,1410.8833
237,Farmland,Tools,2.3389,4.8645,8.1926,8.1926,0.0000,0.0000,6.2071,1.0000,1410.8833
237,Forresty,Food,0.8196,13.2492,38.3005,38.3005,0.0000,0.0000,4.5950,0.8363,44.1259
237,Forresty,Wood,0.1349,130.1257,200.4450,50.4450,0.0000,150.0000,111.9875,0.6929,44.1259
237,Forresty,Tools,2.6817,3.9692,7.0772,6.7496,0.0000,0.0000,5.6727,0.7354,44.1259
237,Craftovo,Food,0.8189,14.9984,40.9301,13.1810,32.7898,0.0000,25.7821,0.7410,193.9972
237,Craftovo,Wood,0.2954,38.4042,84.8408,46.1079,0.0000,0.0000,61.3992,0.5946,193.9972
237,Craftovo,Tools,1.6089,0.8856,17.3438,2.1680,0.0000,15.1758,6.9452,0.5985,193.9972
238,Capitalist,Food,0.7257,101.1060,75.6098,37.0960,32.8828,0.0000,37.6293,0.8173,2795.1825
238,Capitalist,Wood,0.3134,249.5597,195.6459,38.3263,137.2151,50.0000,195.4051,0.9706,2795.1825
238,Capitalist,Tools,2.4708,16.9437,17.0130,6.2940,13.0831,0.0000,30.6723,1.0000,2795.1825
238,Farmland,Food,0.5358,85.0048,69.2269,34.6134,0.0000,34.6134,14.6779,0.8960,1413.7579
238,Farmland,Wood,0.3944,83.6843,56.9590,56.9590,47.5000,0.0000,31.1422,0.9505,1413.7579
238,Farmland,Tools,2.5728,8.9480,4.7895,4.7895,0.0000,0.0000,3.8350,0.7975,1413.7579
238,Forresty,Food,0.7448,22.0980,24.3178,24.3178,0.0000,0.0000,5.3593,0.6150,59.8113
238,Forresty,Wood,0.1484,163.6007,140.9493,35.2373,0.0000,105.7120,91.9301,0.7972,59.8113
238,Forresty,Tools,2.4424,4.6679,5.1252,5.1252,0.0000,0.0000,4.1464,0.7305,59.8113
238,Craftovo,Food,0.7370,22.0725,39.2315,39.2315,0.0000,0.0000,5.4399,0.9278,231.2483
238,Craftovo,Wood,0.2658,21.5793,77.4499,38.7250,0.0000,38.7250,24.1299,0.6219,231.2483
238,Craftovo,Tools,1.4481,8.0961,14.6898,0.9181,0.0000,13.7717,7.2604,0.4922,231.2483
239,Capitalist,Food,0.6531,42.3867,97.4678,49.0263,34.6967,48.4415,19.4851,0.8924,2841.5603
239,Capitalist,Wood,0.2821,161.7773,241.7064,94.8369,69.6542,72.2348,159.4207,0.9049,2841.5603
239,Capitalist,Tools,2.2237,13.2779,24.7638,11.2866,5.7034,13.4772,18.8623,1.0000,2841.5603
239,Farmland,Food,0.5270,71.8429,73.0457,36.5228,0.0000,36.5228,20.1499,0.7297,1376.6777
239,Farmland,Wood,0.4338,74.4541,55.5531,55.5531,68.6230,0.0000,44.8377,0.9716,1376.6777
239,Farmland,Tools,2.8301,12.7273,6.4267,0.9311,12.8033,0.0000,11.6001,0.9549,1376.6777
239,Forresty,Food,0.8193,32.6790,24.3146,24.3146,0.0000,0.0000,6.0894,0.6149,71.7784
239,Forresty,Wood,0.1632,179.9882,146.6403,73.3202,0.0000,73.3202,87.1741,0.8760,71.7784
239,Forresty,Tools,2.6867,9.0293,5.5483,5.5483,0.0000,0.0000,3.3179,0.7434,71.7784
239,Craftovo,Food,0.8107,40.3939,26.1025,3.0621,46.0194,0.0000,20.4352,0.8892,209.9836
239,Craftovo,Wood,0.2924,116.0826,50.3000,50.3000,0.0000,0.0000,30.3537,0.5946,209.9836
239,Craftovo,Tools,1.5929,22.0501,15.3274,9.3238,0.0000,6.0036,8.7093,1.0000,209.9836
240,Capitalist,Food,0.7184,85.3910,66.1232,16.2952,47.5158,32.5988,27.2044,0.7967,2810.3834
240,Capitalist,Wood,0.3062,217.2000,200.0843,84.0691,72.3796,33.3278,178.1727,0.8091,2810.3834
240,Capitalist,Tools,2.4461,22.6857,16.0660,10.4213,14.4816,0.0000,28.7753,1.0000,2810.3834
240,Farmland,Food,0.4743,42.7572,66.6888,16.6722,0.0000,50.0166,13.5597,0.7384,1393.6655
240,Farmland,Wood,0.3905,14.2656,61.6587,44.0223,31.6614,0.0000,53.2467,0.7662,1393.6655
240,Farmland,Tools,2.5471,4.8238,10.4664,7.6847,0.0000,0.0000,8.6388,0.7973,1393.6655
240,Forresty,Food,0.9012,37.5060,25.5260,18.3062,30.9689,0.0000,9.7748,0.9459,57.5484
240,Forresty,Wood,0.1795,170.0933,152.3780,75.6974,0.0000,76.1890,105.8560,0.6757,57.5484
240,Forresty,Tools,2.9553,11.8767,6.2002,6.2002,0.0000,0.0000,3.0139,0.7095,57.5484
240,Craftovo,Food,0.7297,32.3461,38.7697,38.7697,0.0000,0.0000,5.9054,0.8455,238.4027
240,Craftovo,Wood,0.3216,86.0951,56.5458,56.5458,0.0000,0.0000,24.2923,0.6957,238.4027
240,Craftovo,Tools,1.4336,10.4485,15.7355,0.4917,0.0000,15.2437,7.3215,0.4964,238.4027
241,Capitalist,Food,0.6466,66.7981,84.5701,16.1130,47.5000,68.4571,12.7470,0.8426,2878.6342
241,Capitalist,Wood,0.2756,196.7807,231.8835,118.8543,0.0000,113.0292,69.0167,0.9151,2878.6342
241,Capitalist,Tools,2.2015,15.4556,21.1483,10.2013,8.5608,9.5023,23.0938,1.0000,2878.6342
241,Farmland,Food,0.5217,86.1453,65.6384,15.6384,0.0000,50.0000,15.0667,0.6271,1424.3777
241,Farmland,Wood,0.3514,59.3722,68.1654,68.1654,0.0000,0.0000,19.8466,0.9067,1424.3777
241,Farmland,Tools,2.2924,5.6461,7.9442,7.9442,0.0000,0.0000,4.7869,0.9419,1424.3777
241,Forresty,Food,0.8111,27.5936,31.6858,3.3218,19.2704,0.0000,21.0025,0.5409,12.5725
241,Forresty,Wood,0.1716,137.8110,144.1574,47.8080,0.0000,0.0000,169.5125,0.6757,12.5725
241,Forresty,Tools,3.2509,9.2284,6.4446,2.5241,9.0272,0.0000,8.7755,0.8620,12.5725
241,Craftovo,Food,0.8026,47.1474,22.1020,3.5906,45.7638,0.0000,20.0138,0.8486,184.4156
241,Craftovo,Wood,0.3538,110.0463,53.5669,0.0000,107.3778,0.0000,88.2027,0.7837,184.4156
241,Craftovo,Tools,1.5769,22.1612,14.3677,4.4965,0.0000,9.0114,9.7755,0.6353,184.4156
242,Capitalist,Food,0.7112,136.0683,75.6883,31.1363,47.5000,0.0000,41.0843,0.8589,2791.8528
242,Capitalist,Wood,0.3031,290.0730,143.4724,86.1018,134.2183,0.0000,162.0856,0.9127,2791.8528
242,Capitalist,Tools,2.4216,22.1526,16.0312,6.1068,16.0458,0.0000,32.6416,1.0000,2791.8528
242,Farmland,Food,0.5739,82.1363,71.0233,21.0233,0.0000,50.0000,13.7000,0.7034,1458.1612
242,Farmland,Wood,0.3866,104.2359,57.1022,57.1022,0.0000,0.0000,19.6469,0.6939,1458.1612
242,Farmland,Tools,2.5216,12.1468,5.1318,5.1318,0.0000,0.0000,3.5291,0.7477,1458.1612
242,Forresty,Food,0.7300,10.1169,36.8322,36.8322,0.0000,0.0000,5.4374,0.8228,34.3965
242,Forresty,Wood,0.1545,73.2519,222.0981,58.7122,0.0000,141.2824,117.6701,0.7151,34.3965
242,Forresty,Tools,2.9258,1.3433,9.1230,7.8483,0.0000,0.0000,5.9714,0.8155,34.3965
242,Craftovo,Food,0.7224,13.6043,35.2601,35.2601,0.0000,0.0000,7.5633,0.7759,215.5894
242,Craftovo,Wood,0.3184,28.4979,99.3810,76.2877,0.0000,0.0000,60.1841,0.7756,215.5894
242,Craftovo,Tools,1.4192,0.8568,17.4351,0.5448,0.0000,16.8903,7.6599,0.4963,215.5894
243,Capitalist,Food,0.6401,63.2956,103.8741,63.1897,0.0000,40.6843,12.9073,0.8396,2878.4558
243,Capitalist,Wood,0.2728,161.5785,198.8243,49.5717,0.0000,149.2526,46.6931,0.7673,2878.4558
243,Capitalist,Tools,2.1794,18.7389,24.9791,9.0938,9.6876,9.6136,27.4146,1.0000,2878.4558
243,Farmland,Food,0.6312,78.3139,69.6654,42.7167,0.0000,0.0000,35.7888,0.7297,1376.9361
243,Farmland,Wood,0.4252,149.8299,59.3833,22.8342,141.7900,0.0000,91.0561,1.0000,1376.9361
243,Farmland,Tools,2.7738,20.5070,5.8948,5.8948,9.1329,0.0000,7.2344,1.0000,1376.9361
243,Forresty,Food,0.8030,31.4573,23.4985,23.4985,0.0000,0.0000,8.4625,0.5405,34.3965
243,Forresty,Wood,0.1540,153.6256,154.0633,83.1752,0.0000,0.0000,163.5947,0.8641,34.3965
243,Forresty,Tools,2.6332,3.9080,6.7434,6.7434,0.0000,0.0000,4.3749,0.7860,34.3965
243,Craftovo,Food,0.7946,38.6657,25.3567,18.3029,38.6501,0.0000,16.6277,0.9146,210.2116
243,Craftovo,Wood,0.2866,48.6678,64.3690,57.7184,0.0000,0.0000,53.5745,0.5946,210.2116
243,Craftovo,Tools,1.5612,20.0878,14.5551,4.3576,0.0000,10.1975,8.0453,0.7338,210.2116
244,Capitalist,Food,0.7041,130.4138,66.4337,31.2233,47.5000,33.2169,20.0248,0.8588,2816.1101
244,Capitalist,Wood,0.3001,313.0876,159.7402,102.0941,139.5242,0.0000,163.5548,0.9027,2816.1101
244,Capitalist,Tools,2.3567,22.1891,20.5199,7.6795,14.5096,0.0000,35.3500,1.0000,2816.1101
244,Farmland,Food,0.5681,56.7137,84.6012,34.6012,0.0000,50.0000,13.6175,0.9666,1410.3817
244,Farmland,Wood,0.3827,48.7977,90.7778,87.7573,0.0000,0.0000,43.4691,0.9748,1410.3817
244,Farmland,Tools,2.5715,5.1594,5.5653,5.5653,0.0000,0.0000,3.8564,0.8709,1410.3817
244,Forresty,Food,0.8407,26.7113,25.5133,25.5133,0.0000,0.0000,5.5128,0.6633,54.7566
244,Forresty,Wood,0.1386,150.1674,195.8234,48.9558,0.0000,146.8675,87.8051,0.8633,54.7566
244,Forresty,Tools,2.8965,6.3191,4.8940,4.8940,0.0000,0.0000,3.1951,0.7222,54.7566
244,Craftovo,Food,0.8195,29.7912,28.8873,25.7187,31.5560,0.0000,13.4570,1.0000,218.7515
244,Craftovo,Wood,0.3152,67.3818,57.9018,57.9018,0.0000,0.0000,53.8068,0.5946,218.7515
244,Craftovo,Tools,1.5153,16.5078,17.0077,1.7344,0.0000,15.2733,7.4446,0.5283,218.7515
245,Capitalist,Food,0.6811,71.4183,73.8311,31.7495,34.6779,42.0815,13.2783,0.8624,2892.8606
245,Capitalist,Wood,0.2701,173.2944,216.9992,131.9919,51.2995,85.0073,104.1212,1.0000,2892.8606
245,Capitalist,Tools,2.1211,19.1087,27.1406,2.6505,7.5225,24.4901,15.0827,1.0000,2892.8606
245,Farmland,Food,0.5113,65.6590,73.0061,36.5031,0.0000,36.5031,20.5737,0.7297,1371.3782
245,Farmland,Wood,0.4210,87.9049,52.9347,32.0966,80.7569,0.0000,63.2385,0.9707,1371.3782
245,Farmland,Tools,2.8287,14.2186,5.5492,3.6806,12.8221,0.0000,10.8149,1.0000,1371.3782
245,Forresty,Food,0.9247,35.9595,27.3158,27.3158,0.0000,0.0000,5.1890,0.6569,29.7161
245,Forresty,Wood,0.1525,183.4586,143.7783,89.7788,0.0000,53.9995,119.8625,0.7441,29.7161
245,Forresty,Tools,3.1862,10.7911,6.4657,4.4977,10.4435,0.0000,9.1513,0.9459,29.7161
245,Craftovo,Food,0.9014,28.8633,25.6829,1.3441,39.9775,0.0000,19.1260,0.8997,206.0452
245,Craftovo,Wood,0.3468,60.8640,54.8816,52.5272,0.0000,0.0000,50.9141,0.5946,206.0452
245,Craftovo,Tools,1.6668,21.2344,14.3832,6.4647,0.0000,7.9185,9.1263,0.7387,206.0452
246,Capitalist,Food,0.7492,126.1712,69.7918,34.8959,46.4909,34.8959,21.0569,0.8330,2856.2482
246,Capitalist,Wood,0.2971,257.0283,139.5643,92.8547,111.5061,33.6874,131.3558,0.9770,2856.2482
246,Capitalist,Tools,2.3332,29.8839,16.3177,16.3177,12.7435,0.0000,24.3629,1.0000,2856.2482
246,Farmland,Food,0.4602,57.5736,65.2504,16.3126,0.0000,48.9378,13.9828,0.7506,1387.9934
246,Farmland,Wood,0.3789,32.9611,72.2678,59.7270,32.0030,0.0000,51.2060,0.8841,1387.9934
246,Farmland,Tools,2.5458,4.8241,7.8431,7.4341,0.0000,0.0000,6.6255,0.9421,1387.9934
246,Forresty,Food,0.8323,15.5151,25.1766,25.1766,0.0000,0.0000,4.4872,0.6274,46.1251
246,Forresty,Wood,0.1398,144.2072,157.2982,39.9234,0.0000,117.3748,92.1323,0.7874,46.1251
246,Forresty,Tools,2.8676,3.9751,7.9674,7.7453,0.0000,0.0000,5.1916,0.9434,46.1251
246,Craftovo,Food,0.8113,27.0034,39.2895,21.1453,33.1511,0.0000,19.4155,0.9016,209.6332
246,Craftovo,Wood,0.3121,40.0810,62.4794,50.9061,0.0000,0.0000,52.6126,0.5946,209.6332
246,Craftovo,Tools,1.5001,7.3740,15.3306,1.9163,0.0000,13.4142,7.0482,0.6473,209.6332
247,Capitalist,Food,0.8241,97.0664,75.8595,1.3741,63.6091,0.0000,52.9547,0.8210,2763.8256
247,Capitalist,Wood,0.3268,241.3238,177.5062,37.6752,119.6845,0.0000,214.6810,0.8725,2763.8256
247,Capitalist,Tools,2.5665,19.5534,17.6042,5.1498,13.0354,0.0000,32.3234,1.0000,2763.8256
247,Farmland,Food,0.5062,87.4538,69.1168,2.1599,0.0000,66.9569,15.5128,0.4360,1430.8528
247,Farmland,Wood,0.3571,59.2495,62.8630,62.8630,0.0000,0.0000,17.8662,0.9023,1430.8528
247,Farmland,Tools,2.5817,5.6466,5.5680,5.5680,0.0000,0.0000,4.0392,0.8361,1430.8528
247,Forresty,Food,0.9155,29.5333,23.4580,23.4580,0.0000,0.0000,5.2456,0.6028,61.2216
247,Forresty,Wood,0.1538,178.8218,130.8918,32.7230,0.0000,98.1689,74.6742,0.7889,61.2216
247,Forresty,Tools,2.5808,4.6209,5.8268,5.8268,0.0000,0.0000,4.1695,0.7473,61.2216
247,Craftovo,Food,0.7301,25.8761,36.1412,36.1412,0.0000,0.0000,5.4356,0.8630,244.1000
247,Craftovo,Wood,0.2809,29.9744,55.6297,27.8148,0.0000,27.8148,22.5967,0.6372,244.1000
247,Craftovo,Tools,1.3963,13.6235,14.6363,0.9148,0.0000,13.7215,7.6925,0.4702,244.1000
248,Capitalist,Food,0.7417,30.2338,111.8918,41.7118,35.4222,70.1800,13.9545,0.8920,2840.6170
248,Capitalist,Wood,0.2941,151.8171,256.8230,141.1321,0.0000,115.6908,92.0019,0.8500,2840.6170
248,Capitalist,Tools,2.3098,10.5530,27.1723,6.4109,13.4227,12.7135,27.6794,1.0000,2840.6170
248,Farmland,Food,0.5568,83.3839,74.5730,37.2865,0.0000,37.2865,21.3278,0.7297,1384.5900
248,Farmland,Wood,0.3928,116.3787,52.1530,52.1530,109.9063,0.0000,63.5814,1.0000,1384.5900
248,Farmland,Tools,2.8399,13.6559,6.0376,3.4820,12.0778,0.0000,10.5110,1.0000,1384.5900
248,Forresty,Food,1.0070,30.8955,25.3237,0.0000,28.0868,0.0000,19.5302,0.6029,32.9375
248,Forresty,Wood,0.1692,191.6651,145.8404,94.4163,0.0000,0.0000,149.4045,0.6757,32.9375
248,Forresty,Tools,2.8389,7.8661,5.6387,5.6387,0.0000,0.0000,3.5203,0.7343,32.9375
248,Craftovo,Food,0.8031,40.6835,23.5566,23.5566,38.5842,0.0000,11.5740,1.0000,241.8555
248,Craftovo,Wood,0.3090,115.3566,53.7323,53.7323,0.0000,0.0000,29.7092,0.6100,241.8555
248,Craftovo,Tools,1.5360,22.4549,15.4699,1.3407,0.0000,14.1292,8.1508,0.5004,241.8555
249,Capitalist,Food,0.8159,86.4823,74.4665,41.9043,64.2686,0.0000,41.7528,0.9628,2796.7327
249,Capitalist,Wood,0.3236,187.3143,146.1903,63.8086,95.3566,0.0000,172.8101,0.7982,2796.7327
249,Capitalist,Tools,2.2522,21.9807,22.5428,5.6357,13.5776,16.9071,20.7709,1.0000,2796.7327
249,Farmland,Food,0.5011,53.9218,72.1612,4.5101,0.0000,67.6511,12.8024,0.5714,1414.4488
249,Farmland,Wood,0.3535,33.4920,55.7051,55.7051,0.0000,0.0000,20.0518,0.9506,1414.4488
249,Farmland,Tools,2.5559,4.8222,8.0228,8.0228,5.3539,0.0000,9.8788,1.0000,1414.4488
249,Forresty,Food,0.9063,24.0479,41.0394,18.7871,0.0000,0.0000,15.4805,0.5565,17.4058
249,Forresty,Wood,0.1522,141.1115,200.7508,48.3885,0.0000,100.3754,141.3409,0.6757,17.4058
249,Forresty,Tools,2.8776,5.9636,5.8833,5.8833,10.7078,0.0000,9.1639,0.9459,17.4058
249,Craftovo,Food,0.8664,28.3197,26.2524,26.2524,0.0000,0.0000,5.5110,0.7179,271.4127
249,Craftovo,Wood,0.3399,86.1231,54.7155,54.7155,0.0000,0.0000,22.8547,0.6888,271.4127
249,Craftovo,Tools,1.6896,21.4099,15.0935,0.8013,0.0000,14.2922,7.5451,0.4622,271.4127
250,Capitalist,Food,0.7343,44.4768,91.9387,19.0070,27.1734,68.4722,16.2514,0.7237,2813.4178
250,Capitalist,Wood,0.2912,150.7930,230.8558,48.1794,88.1483,47.9299,200.7941,0.7954,2813.4178
250,Capitalist,Tools,2.4775,17.8502,16.1582,9.8647,11.5439,0.0000,27.5117,1.0000,2813.4178
250,Farmland,Food,0.5513,83.8040,67.3988,38.7953,0.0000,28.6035,14.2685,0.9553,1428.1719
250,Farmland,Wood,0.3889,78.5491,56.4795,56.4795,20.3266,0.0000,19.5034,0.8360,1428.1719
250,Farmland,Tools,2.7205,6.0798,5.7121,5.7121,0.0000,0.0000,5.2544,1.0000,1428.1719
250,Forresty,Food,0.8157,18.9020,38.3601,36.5886,0.0000,0.0000,6.5844,0.7650,30.1194
250,Forresty,Wood,0.1370,99.5413,185.5754,56.7984,0.0000,92.7877,138.7470,0.6757,30.1194
250,Forresty,Tools,2.5899,0.1653,5.9670,5.9670,0.0000,0.0000,5.1418,0.9459,30.1194
250,Craftovo,Food,0.9530,44.9182,27.3359,0.9724,65.0486,0.0000,25.4019,1.0000,228.2908
250,Craftovo,Wood,0.3738,104.3819,56.8878,54.3912,25.2068,0.0000,46.8845,0.6024,228.2908
250,Craftovo,Tools,1.8585,20.4135,16.2020,4.0505,0.0000,12.1515,6.9677,0.6924,228.2908
251,Capitalist,Food,0.6609,48.9278,73.5758,38.7328,33.9147,34.8429,12.6370,0.9022,2890.4455
251,Capitalist,Wood,0.2621,211.3011,261.3234,104.2646,0.0000,157.0588,55.8891,0.9037,2890.4455
251,Capitalist,Tools,2.2297,10.5908,23.1097,8.8094,7.6934,14.3003,18.3936,1.0000,2890.4455
251,Farmland,Food,0.6064,79.9040,71.3994,35.6997,0.0000,35.6997,19.3480,0.7297,1380.8673
251,Farmland,Wood,0.4278,96.0665,63.0509,60.2915,88.4451,0.0000,53.6613,1.0000,1380.8673
251,Farmland,Tools,2.9925,11.8340,5.9552,0.0000,13.5853,0.0000,12.6012,1.0000,1380.8673
251,Forresty,Food,0.7341,21.0783,26.3367,23.4203,0.0000,0.0000,8.3793,0.5741,30.1194
251,Forresty,Wood,0.1324,161.3492,166.9592,58.3236,0.0000,0.0000,203.1447,0.6757,30.1194
251,Forresty,Tools,2.6856,5.6627,5.4608,5.4608,0.0000,0.0000,4.5755,0.7024,30.1194
251,Craftovo,Food,0.8577,30.1789,42.5537,11.7603,33.1008,0.0000,23.0201,0.9143,198.5677
251,Craftovo,Wood,0.4070,68.4049,62.8330,5.2743,60.7607,0.0000,83.1579,0.7062,198.5677
251,Craftovo,Tools,2.0444,18.6398,16.1966,6.7035,0.0000,8.0983,8.5179,0.8041,198.5677
252,Capitalist,Food,0.7270,127.0626,67.2912,54.2659,47.5000,0.0000,31.7460,0.9367,2830.7472
252,Capitalist,Wood,0.2883,335.5852,156.0455,104.2208,142.5000,41.7102,133.0205,0.9358,2830.7472
252,Capitalist,Tools,2.4527,25.3037,15.7164,15.7164,7.8753,0.0000,22.4608,1.0000,2830.7472
252,Farmland,Food,0.5457,35.1467,70.3395,20.3395,0.0000,50.0000,13.6048,0.7297,1415.3983
252,Farmland,Wood,0.3850,8.2090,58.3610,58.3610,0.0000,0.0000,29.2656,0.7936,1415.3983
252,Farmland,Tools,2.6933,4.7981,11.0607,11.0607,0.0000,0.0000,7.2136,1.0000,1415.3983
252,Forresty,Food,0.7074,23.7049,24.6001,24.6001,0.0000,0.0000,6.2024,0.6406,47.9954
252,Forresty,Wood,0.1192,160.9355,221.1340,71.1340,0.0000,150.0000,108.1713,0.9410,47.9954
252,Forresty,Tools,2.6174,5.7542,5.9043,5.9043,0.0000,0.0000,3.2598,0.7707,47.9954
252,Craftovo,Food,0.7720,20.9455,40.5317,25.4674,0.0000,0.0000,13.5615,0.6502,205.8591
252,Craftovo,Wood,0.3663,41.9919,105.9686,46.1476,39.6247,0.0000,80.5743,0.8487,205.8591
252,Craftovo,Tools,1.8399,0.8314,16.5797,8.2898,0.0000,8.2898,8.3246,0.8549,205.8591
253,Capitalist,Food,0.7406,82.6371,81.1189,40.5594,38.6284,40.5594,16.0474,0.9653,2867.0274
253,Capitalist,Wood,0.3171,247.4860,157.6995,79.6238,64.4434,78.0757,81.0833,0.9889,2867.0274
253,Capitalist,Tools,2.2274,15.7370,17.3288,3.9011,8.9685,13.4277,15.5662,1.0000,2867.0274
253,Farmland,Food,0.6003,78.3731,68.6631,28.0017,0.0000,40.6614,14.7806,0.7814,1380.2863
253,Farmland,Wood,0.4235,74.3872,52.3057,48.6681,74.1719,0.0000,45.7302,1.0000,1380.2863
253,Farmland,Tools,2.9626,6.1382,5.4991,0.0000,12.7563,0.0000,13.6188,1.0000,1380.2863
253,Forresty,Food,0.7781,40.7753,22.1331,22.1331,0.0000,0.0000,6.4968,0.5840,56.8880
253,Forresty,Wood,0.1311,187.7680,135.6703,67.8352,0.0000,67.8352,103.2403,0.9146,56.8880
253,Forresty,Tools,2.8791,11.1904,5.9503,5.9503,0.0000,0.0000,3.0948,0.7094,56.8880
253,Craftovo,Food,0.8258,32.5073,30.3884,11.1226,38.5315,0.0000,21.0071,0.8306,195.7983
253,Craftovo,Wood,0.3297,54.4917,93.5387,41.1012,0.0000,0.0000,69.0960,0.5946,195.7983
253,Craftovo,Tools,1.6559,5.0885,14.4825,5.0419,0.0000,9.4406,8.9368,0.7297,195.7983
254,Capitalist,Food,0.8146,86.1364,72.4094,10.8943,68.2100,0.0000,46.7052,0.9008,2784.4877
254,Capitalist,Wood,0.3488,215.7578,173.3372,44.8104,141.1468,0.0000,198.4657,0.8624,2784.4877
254,Capitalist,Tools,2.4501,28.2161,14.7715,7.3857,12.3260,7.3857,16.7110,1.0000,2784.4877
254,Farmland,Food,0.5403,42.6815,76.8993,5.0993,0.0000,71.8000,11.8022,0.5018,1408.7737
254,Farmland,Wood,0.3811,11.9367,64.5500,64.5500,0.0000,0.0000,19.1893,0.8722,1408.7737
254,Farmland,Tools,2.6663,4.8027,10.3491,5.3582,7.0164,0.0000,13.7705,1.0000,1408.7737
254,Forresty,Food,0.8560,43.4925,25.0897,25.0897,0.0000,0.0000,5.7508,0.6259,71.9746
254,Forresty,Wood,0.1442,188.7945,139.4980,34.8745,0.0000,104.6235,76.0887,0.8028,71.9746
254,Forresty,Tools,3.1670,10.9692,5.8524,5.8524,0.0000,0.0000,2.8000,0.6850,71.9746
254,Craftovo,Food,0.7432,22.6507,34.9439,34.9439,0.0000,0.0000,5.3034,0.8444,234.7639
254,Craftovo,Wood,0.2967,34.8781,95.7784,51.8263,0.0000,43.9521,21.5451,0.7132,234.7639
254,Craftovo,Tools,1.4903,5.2797,14.9907,2.0160,0.0000,12.9748,7.0872,0.7228,234.7639
255,Capitalist,Food,0.7332,43.5245,108.2168,6.4842,47.5000,74.4678,27.6844,0.7097,2795.2794
255,Capitalist,Wood,0.3139,162.0671,260.6419,53.9261,95.8535,0.0000,246.2344,0.8543,2795.2794
255,Capitalist,Tools,2.2051,14.6136,16.7658,7.9179,12.3747,8.3829,17.3844,1.0000,2795.2794
255,Farmland,Food,0.5943,71.1921,64.7001,14.7001,0.0000,50.0000,13.2141,0.6138,1443.5992
255,Farmland,Wood,0.3430,49.5386,56.6779,56.6779,0.0000,0.0000,17.7280,0.6992,1443.5992
255,Farmland,Tools,2.3997,5.6064,9.4938,9.4938,0.0000,0.0000,8.1449,1.0000,1443.5992
255,Forresty,Food,0.9416,42.0845,24.5300,4.8377,38.6828,0.0000,19.9251,0.7443,23.8136
255,Forresty,Wood,0.1586,200.3590,144.3646,43.4662,0.0000,100.8984,72.0546,0.6983,23.8136
255,Forresty,Tools,3.4837,10.2739,6.1647,4.6807,7.9637,0.0000,6.4232,0.9459,23.8136
255,Craftovo,Food,0.8175,51.4926,23.2339,23.2339,32.0616,0.0000,8.0119,1.0000,237.3079
255,Craftovo,Wood,0.3264,104.1145,52.9422,52.9422,0.0000,0.0000,23.9072,0.6478,237.3079
255,Craftovo,Tools,1.6394,21.7351,14.8869,1.8609,0.0000,13.0260,7.7336,0.5373,237.3079
256,Capitalist,Food,0.6599,39.4675,82.7502,43.0697,0.0000,39.6805,12.4253,0.6710,2860.1464
256,Capitalist,Wood,0.2825,181.0317,310.8437,97.0662,99.1485,100.0000,188.5807,0.9783,2860.1464
256,Capitalist,Tools,1.9846,12.5177,15.4513,9.4986,0.0000,5.9527,9.9493,0.9698,2860.1464
256,Farmland,Food,0.6049,76.9550,75.6037,73.3110,0.0000,0.0000,28.7607,1.0000,1429.4718
256,Farmland,Wood,0.3773,114.2819,49.6468,49.6468,47.5000,0.0000,23.5717,0.9272,1429.4718
256,Farmland,Tools,2.6397,12.1851,5.1303,5.1303,0.0000,0.0000,3.3847,0.9951,1429.4718
256,Forresty,Food,0.8474,18.1147,38.7356,24.9007,0.0000,0.0000,14.3282,0.6082,21.1009
256,Forresty,Wood,0.1439,138.3563,152.5138,48.1470,0.0000,104.3669,73.8109,0.6757,21.1009
256,Forresty,Tools,3.1354,1.9398,7.1755,3.9975,5.6550,0.0000,7.2985,0.9459,21.1009
256,Craftovo,Food,0.8993,40.9159,28.7734,0.0000,37.6964,0.0000,24.0394,0.7104,189.2810
256,Craftovo,Wood,0.3590,102.5628,59.0761,29.8774,47.5000,0.0000,67.0733,0.5946,189.2810
256,Craftovo,Tools,1.8033,20.7236,15.0795,7.8321,0.0000,0.0000,16.0747,0.7297,189.2810
257,Capitalist,Food,0.7258,96.3005,65.1264,65.1264,48.6153,0.0000,27.1434,1.0000,2870.6535
257,Capitalist,Wood,0.2543,194.8959,229.1239,54.9473,0.0000,174.1765,54.5647,0.7312,2870.6535
257,Capitalist,Tools,2.1831,35.5313,14.7693,7.3846,16.4016,7.3846,15.6079,1.0000,2870.6535
257,Farmland,Food,0.5444,54.4451,74.4349,23.2609,0.0000,51.1740,16.6654,0.8167,1391.4833
257,Farmland,Wood,0.4150,117.4896,56.5720,0.4656,134.3693,0.0000,90.5756,0.9610,1391.4833
257,Farmland,Tools,2.9036,19.0034,6.4032,6.4032,7.0154,0.0000,5.7281,1.0000,1391.4833
257,Forresty,Food,0.7627,14.7906,31.7561,16.4340,0.0000,0.0000,12.9817,0.5405,21.1009
257,Forresty,Wood,0.1544,146.6405,136.6724,91.5431,0.0000,0.0000,150.8427,0.6757,21.1009
257,Forresty,Tools,2.8218,2.7325,8.4653,7.4778,0.0000,0.0000,4.1572,0.9023,21.1009
257,Craftovo,Food,0.8093,20.3172,39.5833,39.5833,0.0000,0.0000,8.8058,0.7751,216.7623
257,Craftovo,Wood,0.3231,47.7774,79.9029,62.9487,31.0984,0.0000,54.8097,0.8879,216.7623
257,Craftovo,Tools,1.6230,0.8433,23.0197,5.7549,0.0000,17.2648,7.3563,0.9453,216.7623
258,Capitalist,Food,0.7335,77.2849,76.4778,40.4148,33.2097,36.0630,17.2443,0.9174,2864.0355
258,Capitalist,Wood,0.2797,271.0888,138.3346,138.3346,136.5025,0.0000,133.9066,1.0000,2864.0355
258,Capitalist,Tools,2.4014,27.7790,17.4148,1.3877,13.0043,16.0271,11.4570,0.9843,2864.0355
258,Farmland,Food,0.5688,73.0430,69.9152,34.9576,0.0000,34.9576,13.6466,0.9560,1373.3597
258,Farmland,Wood,0.3735,75.9674,105.0107,91.6352,0.0000,0.0000,49.7303,0.9102,1373.3597
258,Farmland,Tools,3.1940,10.0407,6.4763,0.1936,15.2258,0.0000,14.7291,1.0000,1373.3597
258,Forresty,Food,0.7081,27.6674,29.7987,29.7987,0.0000,0.0000,5.9052,0.6956,41.0663
258,Forresty,Wood,0.1390,97.0566,191.5825,47.8956,0.0000,143.6869,87.3315,0.8776,41.0663
258,Forresty,Tools,2.5396,0.0000,5.7827,5.7827,0.0000,0.0000,2.8610,0.7346,41.0663
258,Craftovo,Food,0.8903,37.1510,24.4740,24.4740,34.2598,0.0000,11.4629,0.9908,221.5384
258,Craftovo,Wood,0.3554,78.1407,60.7156,60.7156,0.0000,0.0000,44.9283,0.6439,221.5384
258,Craftovo,Tools,1.7853,18.4851,15.6443,1.9555,0.0000,13.6888,7.2079,0.5984,221.5384
259,Capitalist,Food,0.7982,77.2102,70.9490,26.4591,50.0551,44.4899,24.0393,0.7634,2881.4601
259,Capitalist,Wood,0.2518,138.2408,161.1434,31.6138,0.0000,129.5296,50.9550,0.7372,2881.4601
259,Capitalist,Tools,2.6415,31.7384,17.1540,16.2511,13.3586,0.0000,21.2246,1.0000,2881.4601
259,Farmland,Food,0.5119,43.4560,70.2527,17.5632,0.0000,52.6896,12.5156,0.6620,1396.4939
259,Farmland,Wood,0.3362,10.9759,66.5139,52.7213,30.8150,0.0000,59.4737,0.7394,1396.4939
259,Farmland,Tools,2.8746,4.7690,11.5882,8.7598,0.0000,0.0000,9.2135,1.0000,1396.4939
259,Forresty,Food,0.7789,42.3451,24.5626,24.5626,0.0000,0.0000,6.4888,0.6184,41.0663
259,Forresty,Wood,0.1528,182.0553,146.4295,130.9528,0.0000,0.0000,140.5945,0.9459,41.0663
259,Forresty,Tools,2.7936,7.9072,4.9557,4.9557,0.0000,0.0000,3.1911,0.6214,41.0663
259,Craftovo,Food,0.9793,31.2023,26.2669,0.0000,42.2654,0.0000,19.5152,0.9084,180.9796
259,Craftovo,Wood,0.3726,63.8636,60.9246,0.0000,92.2382,0.0000,88.3166,0.8688,180.9796
259,Craftovo,Tools,1.9638,19.8587,16.0705,2.0088,0.0000,14.0617,7.5307,0.4740,180.9796
260,Capitalist,Food,0.7184,69.3876,80.0945,34.1755,47.5000,33.5079,25.6486,0.9120,2861.0891
260,Capitalist,Wood,0.2769,349.6293,153.9150,79.9244,72.2089,73.9906,72.9940,0.8217,2861.0891
260,Capitalist,Tools,2.3774,10.5226,18.3622,9.5974,10.8289,0.0000,27.6846,1.0000,2861.0891
260,Farmland,Food,0.5631,82.9171,73.2538,23.2538,0.0000,50.0000,13.9662,0.7350,1404.6240
260,Farmland,Wood,0.3698,75.2879,60.7798,60.7798,70.2911,0.0000,65.0051,1.0000,1404.6240
260,Farmland,Tools,2.5871,5.5431,7.9147,7.9147,0.0000,0.0000,4.4468,1.0000,1404.6240
260,Forresty,Food,0.8568,37.5794,24.4811,24.4811,0.0000,0.0000,5.7431,0.6173,51.6354
260,Forresty,Wood,0.1390,138.2963,152.0188,76.0094,0.0000,76.0094,109.2350,0.9459,51.6354
260,Forresty,Tools,3.0730,9.7445,6.1389,6.1389,0.0000,0.0000,2.8917,0.7053,51.6354
260,Craftovo,Food,0.8814,8.5270,39.4744,0.0000,31.8325,0.0000,24.6461,0.7213,182.6515
260,Craftovo,Wood,0.3353,19.2106,101.6331,8.6222,0.0000,0.0000,91.6669,0.4616,182.6515
260,Craftovo,Tools,1.7674,0.8370,15.1984,2.4725,0.0000,11.3988,8.0533,0.5754,182.6515
261,Capitalist,Food,0.6466,55.7042,79.4315,11.0536,0.0000,68.3779,12.7473,0.4570,2918.6169
261,Capitalist,Wood,0.3046,254.6234,160.1616,110.1616,99.7617,50.0000,89.5144,1.0000,2918.6169
261,Capitalist,Tools,2.1396,14.8415,22.5747,9.7236,12.1561,9.7706,25.1050,1.0000,2918.6169
261,Farmland,Food,0.5787,79.0584,76.9280,58.8123,0.0000,0.0000,31.8292,0.9521,1389.3931
261,Farmland,Wood,0.4068,73.4747,59.5916,59.5916,47.5000,0.0000,54.7333,1.0000,1389.3931
261,Farmland,Tools,2.8459,10.6623,5.1177,5.1177,0.0000,0.0000,3.1460,0.7481,1389.3931
261,Forresty,Food,0.9425,39.1665,25.8348,5.0607,33.4563,0.0000,16.6330,0.7818,4.7697
261,Forresty,Wood,0.1528,162.1421,147.5807,31.2220,0.0000,105.0123,102.9773,0.7163,4.7697
261,Forresty,Tools,3.3803,10.2102,5.6144,1.4111,9.2820,0.0000,7.4828,0.9193,4.7697
261,Craftovo,Food,0.7932,9.8847,46.3722,4.5922,31.5027,0.0000,27.9665,0.7297,187.2203
261,Craftovo,Wood,0.3018,22.5531,123.8795,21.5913,0.0000,0.0000,101.6665,0.4099,187.2203
261,Craftovo,Tools,1.5907,0.9997,17.0611,4.2653,0.0000,12.7959,7.4595,0.7024,187.2203
262,Capitalist,Food,0.7112,121.2158,69.4783,69.4783,37.5307,0.0000,29.0544,0.9215,2888.5794
262,Capitalist,Wood,0.3351,259.3892,169.9562,86.7745,157.7406,0.0000,189.1554,1.0000,2888.5794
262,Capitalist,Tools,2.3536,22.2565,18.6990,1.1687,10.7390,17.5303,16.0637,1.0000,2888.5794
262,Farmland,Food,0.5208,57.5844,79.0120,39.5060,0.0000,39.5060,16.5096,0.9891,1369.0269
262,Farmland,Wood,0.4136,63.7367,62.6874,62.6874,0.0000,0.0000,28.6980,0.8541,1369.0269
262,Farmland,Tools,3.1304,11.3586,5.9510,1.5392,16.6538,0.0000,13.3082,1.0000,1369.0269
262,Forresty,Food,0.8483,5.0607,39.3179,25.0430,0.0000,0.0000,11.4918,0.6424,21.2428
262,Forresty,Wood,0.1375,31.2220,159.7478,39.9370,0.0000,119.8109,84.9514,0.6757,21.2428
262,Forresty,Tools,3.0422,0.0000,10.0563,6.9826,0.0000,0.0000,7.2140,0.6684,21.2428
262,Craftovo,Food,0.7139,14.9819,43.6641,43.6641,0.0000,0.0000,6.1531,0.9055,221.1509
262,Craftovo,Wood,0.2716,32.2082,123.1526,76.9206,0.0000,46.2319,38.7714,0.7002,221.1509
262,Craftovo,Tools,1.4316,1.8249,15.0723,3.7681,0.0000,11.3042,7.5063,0.7112,221.1509
263,Capitalist,Food,0.6401,61.3937,79.8129,32.0949,32.4506,39.9064,25.4824,0.7940,2874.5855
263,Capitalist,Wood,0.3016,119.1263,234.6739,27.2666,90.5297,50.0000,213.7761,0.8036,2874.5855
263,Capitalist,Tools,2.5889,27.6335,17.4466,11.4771,12.8153,0.0000,24.9417,1.0000,2874.5855
263,Farmland,Food,0.4687,51.6166,68.3170,34.1585,0.0000,34.1585,20.0459,0.7702,1369.9600
263,Farmland,Wood,0.3722,23.6058,59.6503,52.6512,47.5000,0.0000,48.1044,0.8133,1369.9600
263,Farmland,Tools,2.8174,4.7779,9.6897,5.7592,0.0000,0.0000,8.9560,0.8995,1369.9600
263,Forresty,Food,0.7634,25.0430,31.6500,31.6500,0.0000,0.0000,5.7477,0.7007,33.0347
263,Forresty,Wood,0.1237,102.8482,127.0592,31.7648,0.0000,95.2944,73.1952,0.7550,33.0347
263,Forresty,Tools,2.7380,0.0000,8.1185,7.2399,0.0000,0.0000,6.0183,0.7242,33.0347
263,Craftovo,Food,0.7853,44.9493,22.1809,22.1809,37.9111,0.0000,11.0020,1.0000,222.4197
263,Craftovo,Wood,0.2988,86.5159,54.9358,54.9358,0.0000,0.0000,37.8455,0.6588,222.4197
263,Craftovo,Tools,1.5748,21.5982,14.3891,0.8993,0.0000,13.4898,7.9894,0.4816,222.4197
264,Capitalist,Food,0.5767,62.7712,69.6694,8.7087,0.0000,60.9607,14.6372,0.4411,2913.1098
264,Capitalist,Wood,0.2714,224.9826,268.3054,164.0189,63.6694,87.2175,139.5392,1.0000,2913.1098
264,Capitalist,Tools,2.3300,10.5438,21.4917,9.8837,11.6105,0.0000,30.5218,1.0000,2913.1098
264,Farmland,Food,0.5156,75.5574,68.2854,45.6405,0.0000,0.0000,38.7529,0.7963,1356.3893
264,Farmland,Wood,0.3489,52.9178,56.4627,56.4627,47.5000,0.0000,39.2618,1.0000,1356.3893
264,Farmland,Tools,2.5357,5.5598,8.2463,7.2295,0.0000,0.0000,7.1689,0.7129,1356.3893
264,Forresty,Food,0.8398,30.2208,26.5580,6.5203,33.0930,0.0000,21.0784,0.6945,14.3670
264,Forresty,Wood,0.1361,180.2654,134.0408,67.0204,0.0000,67.0204,101.0188,0.6757,14.3670
264,Forresty,Tools,2.4642,3.2474,6.4447,5.8303,0.0000,0.0000,4.2834,0.8029,14.3670
264,Craftovo,Food,0.8638,31.3275,27.0956,22.7188,24.8197,0.0000,11.1346,0.9164,216.1340
264,Craftovo,Wood,0.3286,82.1586,61.5054,52.3343,35.3566,0.0000,59.0757,0.7047,216.1340
264,Craftovo,Tools,1.7322,21.1444,16.2955,4.0739,0.0000,12.2216,7.3913,0.6941,216.1340
265,Capitalist,Food,0.6344,132.0877,66.2728,36.6714,47.5000,29.6014,27.3690,0.7982,2908.3905
265,Capitalist,Wood,0.2986,214.1208,172.5318,64.9610,114.3786,50.0000,164.1532,0.9703,2908.3905
265,Capitalist,Tools,2.0970,21.9500,26.1265,21.9500,0.0000,0.0000,26.4798,1.0000,2908.3905
265,Farmland,Food,0.4641,68.4256,87.4289,37.4289,0.0000,50.0000,17.6997,1.0000,1386.5229
265,Farmland,Wood,0.3704,61.9916,58.3799,58.3799,0.0000,0.0000,20.5419,0.8259,1386.5229
265,Farmland,Tools,2.2821,5.6501,6.4561,6.4561,0.0000,0.0000,4.0785,0.8979,1386.5229
265,Forresty,Food,0.7558,17.1083,35.7132,35.7132,0.0000,0.0000,7.0374,0.7970,29.1164
265,Forresty,Wood,0.1225,103.3663,153.8966,33.4981,0.0000,120.3986,83.9849,0.6983,29.1164
265,Forresty,Tools,2.2178,0.0000,5.6593,5.6593,0.0000,0.0000,4.3239,0.6422,29.1164
265,Craftovo,Food,0.8974,29.0324,27.9469,0.0000,28.1214,0.0000,19.9409,0.6870,175.9702
265,Craftovo,Wood,0.3615,72.8308,63.5924,3.8573,47.5000,0.0000,91.6413,0.5946,175.9702
265,Craftovo,Tools,1.9055,18.9746,16.6125,2.6859,0.0000,0.0000,19.5681,0.5199,175.9702
266,Capitalist,Food,0.6978,117.6637,69.5042,29.1353,32.8622,40.3688,17.3342,0.8420,2877.6941
266,Capitalist,Wood,0.3284,252.6782,203.6903,92.3313,89.7408,50.0000,155.2416,0.9710,2877.6941
266,Capitalist,Tools,2.3067,22.3307,18.0674,0.0000,22.3307,0.0000,40.6847,1.0000,2877.6941
266,Farmland,Food,0.5105,83.2522,69.1835,34.5917,0.0000,34.5917,16.7013,0.9128,1387.7602
266,Farmland,Wood,0.4075,105.8863,53.1003,53.1003,47.5000,0.0000,26.9464,0.9075,1387.7602
266,Farmland,Tools,2.5103,15.5322,5.3469,5.3469,0.0000,0.0000,3.5444,0.7117,1387.7602
266,Forresty,Food,0.6802,20.1201,25.4902,25.4902,0.0000,0.0000,5.9752,0.6579,41.8460
266,Forresty,Wood,0.1348,206.1814,125.9520,31.4880,0.0000,94.4640,79.6744,0.7037,41.8460
266,Forresty,Tools,2.4396,7.1726,5.6738,5.6738,0.0000,0.0000,4.3510,0.6866,41.8460
266,Craftovo,Food,0.8077,10.4018,42.5782,9.0475,38.3504,0.0000,29.4529,0.7297,192.6997
266,Craftovo,Wood,0.3253,22.5850,98.1934,64.5210,0.0000,0.0000,52.2280,0.8330,192.6997
266,Craftovo,Tools,1.7149,0.8380,27.7496,4.2437,0.0000,23.5060,6.7671,0.7297,192.6997
267,Capitalist,Food,0.6280,66.4447,74.3882,37.1941,31.9499,37.1941,13.3085,0.8712,2918.1509
267,Capitalist,Wood,0.2956,111.2868,204.1240,113.9779,58.7624,88.1449,99.5175,0.9411,2918.1509
267,Capitalist,Tools,2.0761,18.8766,32.6632,6.7455,12.1311,16.3685,31.2698,1.0000,2918.1509
267,Farmland,Food,0.5615,75.3352,67.2630,33.6315,0.0000,33.6315,20.0379,0.7297,1336.3094
267,Farmland,Wood,0.4482,91.0404,57.7331,44.7397,83.7376,0.0000,53.3180,0.9828,1336.3094
267,Farmland,Tools,2.7613,15.7983,6.0515,0.0000,15.5501,0.0000,12.8368,1.0000,1336.3094
267,Forresty,Food,0.7482,33.0640,23.7822,23.7822,0.0000,0.0000,6.8141,0.6074,51.0148
267,Forresty,Wood,0.1482,207.7741,152.8402,90.9851,0.0000,61.8551,90.7687,0.8915,51.0148
267,Forresty,Tools,2.6835,8.9815,5.5764,5.5764,0.0000,0.0000,3.3217,0.7157,51.0148
267,Craftovo,Food,0.7269,31.8412,43.5499,26.5964,35.3344,0.0000,23.1635,1.0000,194.5249
267,Craftovo,Wood,0.2928,31.9464,79.8679,72.2261,0.0000,0.0000,53.1242,0.5946,194.5249
267,Craftovo,Tools,1.5434,9.7701,14.5938,1.8242,0.0000,12.7696,6.8799,0.5694,194.5249
268,Capitalist,Food,0.6909,110.6725,73.1795,73.1795,36.1016,0.0000,27.8730,0.9669,2901.9616
268,Capitalist,Wood,0.3107,174.3598,165.8437,74.0008,97.2377,50.0000,141.8176,0.8728,2901.9616
268,Capitalist,Tools,2.0496,22.3681,22.6572,8.7422,13.6259,11.3286,27.7613,1.0000,2901.9616
268,Farmland,Food,0.5054,37.1523,76.0034,37.1523,0.0000,38.0017,23.2648,0.7297,1339.9765
268,Farmland,Wood,0.4034,8.1514,72.5393,21.9650,47.5000,0.0000,76.0516,0.7297,1339.9765
268,Farmland,Tools,2.4852,4.8354,11.2572,10.1649,0.0000,0.0000,7.5378,1.0000,1339.9765
268,Forresty,Food,0.8231,40.3178,24.3003,24.3003,0.0000,0.0000,6.0533,0.6147,31.0714
268,Forresty,Wood,0.1631,181.3061,145.0457,72.5229,0.0000,72.5229,95.2256,0.7862,31.0714
268,Forresty,Tools,2.9519,11.8231,5.6425,5.6425,10.7622,0.0000,8.8555,0.9459,31.0714
268,Craftovo,Food,0.7332,35.0332,34.7318,34.7318,0.0000,0.0000,6.2805,0.8932,226.9905
268,Craftovo,Wood,0.2635,22.2279,59.6652,29.8326,0.0000,29.8326,24.2547,0.6649,226.9905
268,Craftovo,Tools,1.3891,12.1859,15.2992,0.9562,0.0000,14.3430,7.5150,0.4732,226.9905
269,Capitalist,Food,0.7599,91.5810,73.2198,36.6099,50.9300,36.6099,27.8903,0.8706,2918.4329
269,Capitalist,Wood,0.2797,173.1107,204.5396,70.1400,0.0000,134.3996,68.4098,0.7079,2918.4329
269,Capitalist,Tools,2.2545,20.9366,18.9837,7.1490,13.7876,0.0000,35.9249,1.0000,2918.4329
269,Farmland,Food,0.5182,73.3019,71.4808,17.8702,0.0000,53.6106,14.9488,0.7799,1327.1387
269,Farmland,Wood,0.3631,69.2270,90.7678,10.4325,127.6796,0.0000,121.0414,1.0000,1327.1387
269,Farmland,Tools,2.2367,5.6679,6.4320,6.4320,0.0000,0.0000,5.1617,0.8285,1327.1387
269,Forresty,Food,0.7408,24.3664,27.7330,27.0738,0.0000,0.0000,8.1296,0.5839,31.0714
269,Forresty,Wood,0.1794,162.0059,141.4277,67.7482,0.0000,0.0000,160.8349,0.6757,31.0714
269,Forresty,Tools,2.6567,4.5003,5.6396,5.6396,0.0000,0.0000,4.3773,0.9459,31.0714
269,Craftovo,Food,0.8065,48.9438,26.9739,26.9739,34.7794,0.0000,11.3472,1.0000,223.3571
269,Craftovo,Wood,0.2899,123.6731,52.4690,52.4690,0.0000,0.0000,27.1138,0.6421,223.3571
269,Craftovo,Tools,1.5280,22.5132,14.9814,0.4682,0.0000,14.5133,8.1846,0.4386,223.3571
270,Capitalist,Food,0.7582,79.6246,79.8081,37.4630,61.0652,42.3451,24.5307,1.0000,2934.2196
270,Capitalist,Wood,0.3076,224.0832,150.4867,139.1232,98.9084,0.0000,125.7410,0.9891,2934.2196
270,Capitalist,Tools,2.0291,18.9222,26.2621,3.6033,7.2722,22.6588,16.8262,1.0000,2934.2196
270,Farmland,Food,0.5231,75.0512,74.3599,10.0807,0.0000,64.2792,13.7933,0.5596,1344.7907
270,Farmland,Wood,0.3268,67.3245,108.8420,108.8420,0.0000,0.0000,56.5419,1.0000,1344.7907
270,Farmland,Tools,2.4603,10.0246,5.2755,5.2755,10.2694,0.0000,9.6884,1.0000,1344.7907
270,Forresty,Food,0.7826,26.2572,24.8531,19.1445,0.0000,0.0000,10.2604,0.5405,14.9825
270,Forresty,Wood,0.1614,131.3510,208.2281,47.8176,0.0000,104.1141,139.5567,0.6757,14.9825
270,Forresty,Tools,2.9224,6.0560,4.9247,4.6970,11.2564,0.0000,10.1014,0.9459,14.9825
270,Craftovo,Food,0.8872,31.5658,24.8102,3.4468,40.2278,0.0000,19.0543,0.8801,206.0071
270,Craftovo,Wood,0.3189,95.5221,59.3034,59.3034,0.0000,0.0000,34.6761,0.5946,206.0071
270,Craftovo,Tools,1.6808,21.4655,15.3098,7.6549,0.0000,7.6549,7.5774,0.9479,206.0071
271,Capitalist,Food,0.7542,80.2957,80.7219,25.5320,53.3015,0.0000,54.9678,0.7842,2915.0765
271,Capitalist,Wood,0.2769,136.2787,181.0860,42.4274,86.5343,100.0000,134.6344,0.7623,2915.0765
271,Capitalist,Tools,2.2320,29.2937,15.3189,15.3189,2.6642,0.0000,16.4895,1.0000,2915.0765
271,Farmland,Food,0.5064,72.4267,74.8091,18.7023,0.0000,56.1068,13.6636,0.6705,1359.3591
271,Farmland,Wood,0.3594,60.8128,49.8155,49.8155,47.5000,0.0000,45.4517,1.0000,1359.3591
271,Farmland,Tools,2.5876,6.5099,6.1897,6.1897,0.0000,0.0000,4.9662,1.0000,1359.3591
271,Forresty,Food,0.7043,17.5392,27.2739,27.2739,0.0000,0.0000,5.7072,0.6749,28.2161
271,Forresty,Wood,0.1453,92.8149,182.1775,83.1432,0.0000,91.0888,112.4265,0.8681,28.2161
271,Forresty,Tools,2.6301,0.4299,6.2256,6.2256,0.0000,0.0000,5.7732,0.9459,28.2161
271,Craftovo,Food,0.7984,33.8561,38.5912,33.1927,0.0000,0.0000,8.4363,0.7546,197.3483
271,Craftovo,Wood,0.3508,96.0917,58.2395,47.0702,47.5000,0.0000,56.8842,0.7624,197.3483
271,Craftovo,Tools,1.8489,17.9658,15.6315,12.8271,0.0000,2.8044,10.7693,1.0000,197.3483
272,Capitalist,Food,0.6788,85.5971,103.9163,62.9904,0.0000,40.9259,16.4334,0.8558,2951.4643
272,Capitalist,Wood,0.3046,252.2168,171.6699,71.6699,95.8978,100.0000,101.7753,0.9397,2951.4643
272,Capitalist,Tools,2.4552,24.4000,15.6477,15.6477,7.7226,0.0000,19.4848,1.0000,2951.4643
272,Farmland,Food,0.5570,81.1170,69.4894,58.1775,0.0000,0.0000,31.0716,0.9098,1344.1309
272,Farmland,Wood,0.3954,84.9482,60.5764,60.5764,47.5000,0.0000,48.1696,0.9318,1344.1309
272,Farmland,Tools,2.8464,10.9240,5.7414,5.7414,0.0000,0.0000,3.5228,0.7630,1344.1309
272,Forresty,Food,0.7748,31.8237,23.0750,23.0750,0.0000,0.0000,6.5317,0.5973,42.9058
272,Forresty,Wood,0.1455,139.9845,139.7529,38.8078,0.0000,100.9450,87.4423,0.8142,42.9058
272,Forresty,Tools,2.3671,4.5024,5.2826,5.2826,0.0000,0.0000,3.1586,0.8519,42.9058
272,Craftovo,Food,0.8783,42.2596,26.1853,4.3771,38.8796,0.0000,18.9589,0.8261,161.4990
272,Craftovo,Wood,0.3858,101.1976,69.4905,18.8601,47.5000,0.0000,74.1354,0.7724,161.4990
272,Craftovo,Tools,1.6640,9.4074,16.2580,5.7860,0.0000,8.1290,11.1360,0.8577,161.4990
273,Capitalist,Food,0.7466,113.4264,76.0786,51.5327,35.5788,0.0000,30.1325,0.9639,2906.5398
273,Capitalist,Wood,0.3350,262.1636,159.0358,91.5917,73.0749,50.0000,119.9186,0.8371,2906.5398
273,Capitalist,Tools,2.7007,22.6068,15.7309,6.5768,16.5863,0.0000,29.5663,1.0000,2906.5398
273,Farmland,Food,0.5013,61.3991,74.9028,37.4514,0.0000,37.4514,19.0148,0.9201,1346.1555
273,Farmland,Wood,0.4349,67.7488,60.4652,48.6317,47.5000,0.0000,54.4635,0.8863,1346.1555
273,Farmland,Tools,3.1310,10.6739,5.6027,5.6027,0.0000,0.0000,2.8346,0.6950,1346.1555
273,Forresty,Food,0.8523,35.9115,26.9255,26.9255,0.0000,0.0000,5.7840,0.6519,55.2189
273,Forresty,Wood,0.1601,182.1546,153.8418,76.9209,0.0000,76.9209,90.5685,0.8781,55.2189
273,Forresty,Tools,2.6038,10.4604,5.4251,5.4251,0.0000,0.0000,3.4214,0.6603,55.2189
273,Craftovo,Food,0.7905,15.6058,37.7131,37.7131,0.0000,0.0000,8.7516,0.7297,192.0858
273,Craftovo,Wood,0.3473,33.2937,99.3272,82.9657,0.0000,0.0000,50.6482,0.7772,192.0858
273,Craftovo,Tools,1.4976,1.0104,17.7364,0.2771,0.0000,17.4593,7.1544,0.6082,192.0858
274,Capitalist,Food,0.6720,66.5621,84.8311,10.6039,0.0000,74.2272,12.1398,0.4206,2982.2134
274,Capitalist,Wood,0.3040,163.9384,180.6933,130.6933,69.0737,50.0000,105.1715,1.0000,2982.2134
274,Capitalist,Tools,2.4306,18.2813,24.1026,7.0635,11.5126,11.4693,24.5102,1.0000,2982.2134
274,Farmland,Food,0.5261,74.4763,70.9658,39.9936,0.0000,0.0000,41.1595,0.7369,1293.4310
274,Farmland,Wood,0.4380,70.0335,69.5368,48.1618,47.5000,0.0000,46.8478,1.0000,1293.4310
274,Farmland,Tools,3.4441,11.1674,5.8175,0.0000,10.8958,0.0000,10.5588,0.7871,1293.4310
274,Forresty,Food,0.9375,37.2375,26.1703,7.2141,40.2948,0.0000,14.7628,0.9376,30.2462
274,Forresty,Wood,0.1761,169.6305,145.4184,72.7092,0.0000,72.7092,106.0132,0.6757,30.2462
274,Forresty,Tools,2.8642,13.0091,5.9869,5.9869,0.0000,0.0000,3.1113,0.6945,30.2462
274,Craftovo,Food,0.8695,36.3863,26.0323,26.0323,30.2211,0.0000,11.5885,0.9540,194.1094
274,Craftovo,Wood,0.3125,47.0352,65.0637,60.7442,0.0000,0.0000,47.0964,0.6231,194.1094
274,Craftovo,Tools,1.6474,20.1676,13.8498,1.7312,0.0000,12.1186,7.7031,0.5349,194.1094
275,Capitalist,Food,0.7392,124.6041,76.6456,33.6805,77.7380,42.9652,25.6807,1.0000,2967.1710
275,Capitalist,Wood,0.3344,226.8336,154.8035,154.8035,73.2745,0.0000,133.7020,1.0000,2967.1710
275,Capitalist,Tools,2.4908,21.8029,21.2760,6.0288,13.7183,15.2473,20.2554,1.0000,2967.1710
275,Farmland,Food,0.4735,33.2019,87.2847,5.4553,0.0000,81.8294,13.5817,0.6445,1297.9435
275,Farmland,Wood,0.3942,8.5706,70.2663,36.7613,0.0000,0.0000,42.6651,0.6169,1297.9435
275,Farmland,Tools,3.0997,4.7365,10.7621,0.0000,14.4849,0.0000,17.5918,1.0000,1297.9435
275,Forresty,Food,0.8437,24.2054,34.4357,34.4357,0.0000,0.0000,4.3915,0.7614,42.4694
275,Forresty,Wood,0.1585,133.7831,154.2620,67.3614,0.0000,77.1310,106.2259,0.8044,42.4694
275,Forresty,Tools,2.5778,4.5732,6.2899,6.2899,0.0000,0.0000,2.8157,0.7160,42.4694
275,Craftovo,Food,0.9565,32.0254,24.6644,16.3796,40.8169,0.0000,14.9029,1.0000,192.4161
275,Craftovo,Wood,0.3438,67.0632,50.4688,50.4688,0.0000,0.0000,44.0310,0.5946,192.4161
275,Craftovo,Tools,1.8121,20.6733,16.7852,2.3449,0.0000,14.4403,7.1183,0.5716,192.4161
276,Capitalist,Food,0.8131,94.5040,74.9929,23.4649,62.8309,0.0000,54.0471,0.8289,2920.2868
276,Capitalist,Wood,0.3201,157.2419,164.2545,53.5782,74.1941,80.9109,118.2922,0.8696,2920.2868
276,Capitalist,Tools,2.7399,21.5655,15.2701,9.7244,11.8411,0.0000,26.1891,1.0000,2920.2868
276,Farmland,Food,0.4262,47.0254,68.2712,2.1335,0.0000,66.1377,15.0899,0.4356,1320.0770
276,Farmland,Wood,0.3548,9.2248,78.7207,57.9140,33.3124,0.0000,54.5448,0.7297,1320.0770
276,Farmland,Tools,2.7898,5.4819,14.3096,5.4819,0.0000,0.0000,13.1817,0.8372,1320.0770
276,Forresty,Food,0.9281,27.2095,22.6852,22.6852,0.0000,0.0000,5.1447,0.5918,54.5163
276,Forresty,Wood,0.1543,152.0365,156.1982,78.0991,0.0000,78.0991,99.5066,0.9120,54.5163
276,Forresty,Tools,2.8356,10.1280,5.4571,5.4571,0.0000,0.0000,3.1433,0.6570,54.5163
276,Craftovo,Food,0.8608,25.0929,29.8002,29.8002,0.0000,0.0000,4.3310,0.7731,205.1200
276,Craftovo,Wood,0.3782,68.9399,57.5457,55.7965,43.5530,0.0000,45.7066,0.8977,205.1200
276,Craftovo,Tools,1.9933,19.2605,16.6191,4.1548,0.0000,12.4643,6.5607,0.6998,205.1200
277,Capitalist,Food,0.7318,70.3634,107.2174,6.5815,64.5124,84.4508,22.1811,0.9433,2930.4638
277,Capitalist,Wood,0.3521,204.2591,173.6433,79.9314,66.7769,0.0000,171.2706,0.7990,2930.4638
277,Capitalist,Tools,2.4659,17.4113,21.5744,11.2623,7.2875,2.5376,26.0884,1.0000,2930.4638
277,Farmland,Food,0.4688,85.4547,70.0983,2.1906,0.0000,67.9077,16.6797,0.4365,1359.3507
277,Farmland,Wood,0.3193,52.5171,68.3652,68.3652,0.0000,0.0000,20.6490,0.8990,1359.3507
277,Farmland,Tools,2.5108,5.5680,12.7725,12.7725,0.0000,0.0000,7.6320,1.0000,1359.3507
277,Forresty,Food,1.0209,31.1665,26.4186,0.0000,40.0157,0.0000,17.6709,0.8375,18.0712
277,Forresty,Wood,0.1697,159.5637,140.5829,62.4634,0.0000,70.2914,116.4290,0.6757,18.0712
277,Forresty,Tools,3.1191,11.4413,5.4905,5.4905,2.4107,0.0000,3.5832,0.7687,18.0712
277,Craftovo,Food,0.9469,41.6004,26.9639,15.8903,40.2125,0.0000,13.9304,0.9703,192.1144
277,Craftovo,Wood,0.4160,72.1026,61.3804,50.2027,0.0000,0.0000,47.7836,0.5946,192.1144
277,Craftovo,Tools,2.1926,18.7939,15.3420,7.6710,0.0000,7.6710,6.0291,0.9490,192.1144
278,Capitalist,Food,0.6586,66.5874,79.9426,40.6252,34.6053,39.3174,18.0255,0.8381,2951.7890
278,Capitalist,Wood,0.3169,188.9026,246.7947,92.7777,109.0012,37.4965,189.1667,1.0000,2951.7890
278,Capitalist,Tools,2.2193,16.1456,21.4154,7.8420,8.0256,13.5733,16.6884,1.0000,2951.7890
278,Farmland,Food,0.5157,86.6476,69.5593,33.1326,0.0000,36.4267,15.2380,0.8750,1352.0185
278,Farmland,Wood,0.3513,84.4418,51.2242,51.2242,0.0000,0.0000,22.0128,0.6420,1352.0185
278,Farmland,Tools,2.7619,6.4461,5.6064,2.9206,12.8947,0.0000,14.2264,1.0000,1352.0185
278,Forresty,Food,0.9188,17.3180,40.1360,38.3118,0.0000,0.0000,4.7224,0.8133,35.5927
278,Forresty,Wood,0.1527,94.8858,162.9283,48.1902,0.0000,114.7381,101.9593,0.6757,35.5927
278,Forresty,Tools,2.8072,0.3031,5.8695,5.8695,0.0000,0.0000,3.4355,0.6657,35.5927
278,Craftovo,Food,1.0380,36.2859,33.1000,12.2073,37.3516,0.0000,17.4634,0.9444,160.5999
278,Craftovo,Wood,0.4576,78.7936,64.8891,13.8420,35.6217,0.0000,72.9237,0.5946,160.5999
278,Craftovo,Tools,1.9734,13.3799,16.8960,8.0504,0.0000,8.4480,6.5965,0.9145,160.5999
279,Capitalist,Food,0.7034,80.6339,75.5001,53.1955,47.5000,0.0000,43.7206,0.8549,2952.9511
279,Capitalist,Wood,0.2852,180.1039,243.7381,86.3151,57.8120,138.3059,116.4960,0.8184,2952.9511
279,Capitalist,Tools,2.4413,26.0825,16.1093,16.1093,0.7974,0.0000,15.3354,1.0000,2952.9511
279,Farmland,Food,0.5672,82.6153,72.3185,22.3185,0.0000,50.0000,13.8633,0.7217,1352.7073
279,Farmland,Wood,0.3864,85.4354,61.2314,61.2314,84.6880,0.0000,51.8715,1.0000,1352.7073
279,Farmland,Tools,2.4857,5.8808,8.4503,8.4503,0.0000,0.0000,8.7647,1.0000,1352.7073
279,Forresty,Food,0.8269,20.5467,24.4666,24.4666,0.0000,0.0000,4.5321,0.6171,45.8151
279,Forresty,Wood,0.1680,154.4708,129.9359,69.0812,0.0000,60.8547,102.7768,0.8443,45.8151
279,Forresty,Tools,3.0879,6.8096,5.1707,5.1707,0.0000,0.0000,2.8768,0.6985,45.8151
279,Craftovo,Food,0.9342,19.7332,38.1106,6.0248,0.0000,0.0000,20.4826,0.3729,148.5266
279,Craftovo,Wood,0.4118,42.8450,93.0260,13.6677,46.7026,0.0000,75.9358,0.8062,148.5266
279,Craftovo,Tools,1.7760,0.9809,15.1419,4.1501,0.0000,0.8394,15.5247,0.6840,148.5266
280,Capitalist,Food,0.7737,104.2128,89.3537,52.1792,47.5000,0.0000,47.2561,0.9937,2902.6012
280,Capitalist,Wood,0.3137,265.8267,160.5615,52.0500,67.1982,108.5115,83.3468,0.8291,2902.6012
280,Capitalist,Tools,2.6854,25.0230,17.0087,7.7366,19.7159,0.0000,29.7896,1.0000,2902.6012
280,Farmland,Food,0.6240,78.7706,70.3685,20.3685,0.0000,50.0000,12.5526,0.6941,1362.5016
280,Farmland,Wood,0.4250,64.7662,57.0860,57.0860,63.4268,0.0000,54.7313,1.0000,1362.5016
280,Farmland,Tools,2.7342,8.8756,5.5247,5.5247,0.0000,0.0000,4.1655,1.0000,1362.5016
280,Forresty,Food,0.9096,30.7039,24.6495,24.6495,0.0000,0.0000,5.2930,0.6197,58.4307
280,Forresty,Wood,0.1784,150.2041,141.4698,70.7349,0.0000,70.7349,91.6065,0.8792,58.4307
280,Forresty,Tools,3.3967,9.3346,6.1273,6.1273,0.0000,0.0000,2.5921,0.7045,58.4307
280,Craftovo,Food,0.8408,12.7294,39.9974,37.2049,0.0000,0.0000,8.5765,0.7297,176.4665
280,Craftovo,Wood,0.3706,27.0470,115.8077,64.8844,39.6591,0.0000,73.3224,0.8495,176.4665
280,Craftovo,Tools,1.5984,0.9988,23.5048,2.7512,0.0000,20.7536,6.8647,0.6421,176.4665
281,Capitalist,Food,0.6964,47.6703,96.3410,14.5901,0.0000,81.7509,11.5886,0.5428,2982.1840
281,Capitalist,Wood,0.3451,209.8230,162.8591,112.8591,69.5022,50.0000,75.2053,1.0000,2982.1840
281,Capitalist,Tools,2.4168,12.3352,24.3818,5.3118,13.2747,10.0755,27.5384,1.0000,2982.1840
281,Farmland,Food,0.5711,71.6954,78.3351,53.1013,0.0000,0.0000,32.9622,0.9017,1345.2477
281,Farmland,Wood,0.4675,76.9754,56.7541,56.7541,47.5000,0.0000,44.2252,1.0000,1345.2477
281,Farmland,Tools,3.0077,12.4935,6.2540,6.2540,0.0000,0.0000,3.3930,0.7413,1345.2477
281,Forresty,Food,1.0006,37.3450,25.7643,0.0000,36.0816,0.0000,19.2733,0.7310,0.0090
281,Forresty,Wood,0.1838,150.7734,146.3205,0.0491,0.0000,73.1602,113.5201,0.6172,0.0090
281,Forresty,Tools,3.7364,9.8745,5.7904,0.0024,9.5718,0.0000,9.5610,0.7553,0.0090
281,Craftovo,Food,0.9249,35.8420,24.5194,15.7184,41.5818,0.0000,13.8613,1.0000,172.5593
281,Craftovo,Wood,0.3336,41.8367,92.2603,56.0079,0.0000,0.0000,67.6232,0.5946,172.5593
281,Craftovo,Tools,1.6059,16.0443,15.9696,1.9962,0.0000,13.9734,7.3003,0.5602,172.5593
282,Capitalist,Food,0.7660,110.2413,70.1484,47.7387,38.3195,0.0000,29.2150,0.9112,2913.5905
282,Capitalist,Wood,0.3796,210.7630,152.9041,25.2115,180.2980,0.0000,188.1733,0.9631,2913.5905
282,Capitalist,Tools,2.1752,21.8225,24.2515,11.2504,9.7020,9.6637,24.2237,1.0000,2913.5905
282,Farmland,Food,0.5140,66.7174,85.2047,44.8685,0.0000,40.3363,18.4429,1.0000,1353.5801
282,Farmland,Wood,0.4475,57.3780,59.9414,59.9414,0.0000,0.0000,20.0246,0.8361,1353.5801
282,Farmland,Tools,3.3084,9.3076,5.7515,5.7515,9.1805,0.0000,6.9783,1.0000,1353.5801
282,Forresty,Food,0.9005,0.0090,42.3161,27.5603,0.0000,0.0000,11.3230,0.6863,24.8191
282,Forresty,Wood,0.1654,0.0491,202.9094,52.9094,0.0000,150.0000,68.2554,0.6757,24.8191
282,Forresty,Tools,3.3627,0.0000,10.8606,6.5214,0.0000,0.0000,7.8118,0.7250,24.8191
282,Craftovo,Food,0.8324,26.0899,30.2431,30.2431,0.0000,0.0000,4.4859,0.7598,208.0102
282,Craftovo,Wood,0.3002,36.4045,79.5747,39.7874,0.0000,39.7874,23.6360,0.6829,208.0102
282,Craftovo,Tools,1.4882,15.0070,16.1936,5.9810,0.0000,10.2126,7.2719,0.8292,208.0102
283,Capitalist,Food,0.6894,46.4596,89.3041,20.0686,0.0000,69.2354,11.7431,0.5003,2991.4026
283,Capitalist,Wood,0.3416,173.1764,255.2946,147.1669,72.5530,50.0000,151.6314,1.0000,2991.4026
283,Capitalist,Tools,1.9576,12.5457,18.6098,7.0432,10.2689,11.5665,19.7007,1.0000,2991.4026
283,Farmland,Food,0.5570,76.7715,70.8427,45.3791,0.0000,0.0000,37.7697,0.8179,1314.3434
283,Farmland,Wood,0.4923,69.7717,52.2168,52.2168,47.5000,0.0000,16.9780,0.9984,1314.3434
283,Farmland,Tools,3.5296,6.3789,5.9792,0.0418,6.2771,0.0000,10.3144,0.7839,1314.3434
283,Forresty,Food,0.8105,24.3519,32.8956,27.0576,0.0000,0.0000,11.5880,0.5405,21.9298
283,Forresty,Wood,0.1489,111.2394,152.7431,76.3715,0.0000,76.3715,99.5756,0.6757,21.9298
283,Forresty,Tools,3.0265,0.8592,9.6392,7.2460,4.7111,0.0000,8.1941,0.9459,21.9298
283,Craftovo,Food,0.9156,50.5016,23.1073,0.0000,65.7737,0.0000,23.9430,1.0000,172.3243
283,Craftovo,Wood,0.3302,123.5113,49.8649,49.8649,0.0000,0.0000,28.7121,0.5946,172.3243
283,Craftovo,Tools,1.6370,21.7505,14.4125,3.6031,0.0000,10.8094,7.7426,0.6607,172.3243
284,Capitalist,Food,0.7583,104.4424,65.8854,32.9427,62.6518,32.9427,23.9265,0.8955,2984.8916
284,Capitalist,Wood,0.3075,163.6649,194.2607,92.7127,69.9258,50.0000,132.1932,0.9568,2984.8916
284,Capitalist,Tools,2.1534,27.3704,16.0230,8.0115,13.0597,8.0115,21.6081,1.0000,2984.8916
284,Farmland,Food,0.5013,32.4963,87.9324,21.9831,0.0000,65.9493,17.9069,0.7299,1307.8518
284,Farmland,Wood,0.4431,8.3448,56.5044,28.1793,47.5000,0.0000,43.4234,0.7320,1307.8518
284,Farmland,Tools,3.1766,4.8305,10.8964,1.7065,7.6109,0.0000,12.6842,0.9125,1307.8518
284,Forresty,Food,0.8023,25.9587,26.2236,26.2236,0.0000,0.0000,6.8046,0.6600,31.7911
284,Forresty,Wood,0.1340,98.8428,147.2122,73.6061,0.0000,73.6061,96.1364,0.9261,31.7911
284,Forresty,Tools,2.7238,0.0000,7.3418,7.3418,0.0000,0.0000,4.4365,0.9118,31.7911
284,Craftovo,Food,0.8241,25.0027,40.7374,20.5533,31.2956,0.0000,18.4037,1.0000,175.4654
284,Craftovo,Wood,0.2972,45.1118,54.4835,54.4835,0.0000,0.0000,31.5448,0.5946,175.4654
284,Craftovo,Tools,1.4733,12.8049,15.7109,1.9639,0.0000,13.7470,7.1559,0.5446,175.4654
285,Capitalist,Food,0.8166,82.0893,76.2282,8.4008,68.5972,0.0000,56.5750,0.8274,2924.6485
285,Capitalist,Wood,0.2784,182.0626,201.0398,75.1898,64.5865,50.0000,162.5960,0.7519,2924.6485
285,Capitalist,Tools,2.3687,24.3696,17.4205,11.5393,12.8304,0.0000,29.7109,1.0000,2924.6485
285,Farmland,Food,0.4511,51.4112,72.7205,18.1801,0.0000,54.5404,14.2646,0.7355,1318.5355
285,Farmland,Wood,0.3988,21.2613,81.0452,51.1224,47.5000,0.0000,61.2358,0.8094,1318.5355
285,Farmland,Tools,2.8590,5.4626,13.3480,6.0092,0.0000,0.0000,11.7602,0.6333,1318.5355
285,Forresty,Food,0.8825,32.1040,25.6964,25.6964,0.0000,0.0000,5.5190,0.6538,41.7876
285,Forresty,Wood,0.1470,149.2293,135.9716,67.9858,0.0000,67.9858,95.7839,0.8816,41.7876
285,Forresty,Tools,2.4514,3.2586,5.6155,5.6155,0.0000,0.0000,3.5346,0.7476,41.7876
285,Craftovo,Food,0.7417,26.2458,35.3345,17.6672,0.0000,17.6672,5.3187,0.5739,215.0285
285,Craftovo,Wood,0.2873,46.8953,48.5087,48.5087,0.0000,0.0000,23.8622,0.6876,215.0285
285,Craftovo,Tools,1.6207,16.9355,14.4060,0.9004,0.0000,13.5056,7.8061,0.4692,215.0285
286,Capitalist,Food,0.7350,55.2831,106.6157,25.4607,56.8632,50.0000,40.3539,0.8201,2943.8313
286,Capitalist,Wood,0.3033,226.3249,207.7946,81.5927,109.1372,0.0000,212.4197,0.9456,2943.8313
286,Capitalist,Tools,2.1319,13.2179,21.9018,5.2466,0.0000,16.6552,11.0251,1.0000,2943.8313
286,Farmland,Food,0.4963,86.2582,68.4069,8.5509,0.0000,59.8560,15.8098,0.5266,1319.8653
286,Farmland,Wood,0.3589,52.2893,78.2116,77.8240,0.0000,0.0000,23.9152,0.9294,1319.8653
286,Farmland,Tools,2.5731,5.5476,11.7210,0.2049,14.9529,0.0000,19.3012,1.0000,1319.8653
286,Forresty,Food,0.8891,28.7822,28.5683,28.5683,0.0000,0.0000,4.8185,0.6752,58.0239
286,Forresty,Wood,0.1617,177.4337,153.1750,38.2938,0.0000,114.8813,74.7675,0.7743,58.0239
286,Forresty,Tools,2.6966,9.7550,5.5469,5.5469,0.8695,0.0000,3.3377,0.7623,58.0239
286,Craftovo,Food,0.8158,54.3536,25.0449,2.7341,47.5000,0.0000,23.3270,0.8108,178.2795
286,Craftovo,Wood,0.3161,128.6857,57.1663,57.1663,0.0000,0.0000,33.3094,0.5946,178.2795
286,Craftovo,Tools,1.7827,20.8428,16.2296,16.2296,0.0000,0.0000,13.8795,1.0000,178.2795
287,Capitalist,Food,0.6615,57.9099,90.6034,12.7735,51.1462,75.7667,17.1340,0.8632,2948.1493
287,Capitalist,Wood,0.2729,150.3668,250.3756,50.8304,72.9574,32.0540,232.9616,0.7379,2948.1493
287,Capitalist,Tools,2.3451,28.4364,15.4147,15.4147,10.9668,0.0000,18.6292,1.0000,2948.1493
287,Farmland,Food,0.4466,46.9976,71.7841,17.9460,0.0000,53.8381,14.4085,0.6598,1338.4244
287,Farmland,Wood,0.3230,10.8624,51.9974,51.9974,30.4513,0.0000,34.0898,0.7625,1338.4244
287,Farmland,Tools,2.3158,5.6373,15.5665,9.1721,0.0000,0.0000,13.3151,1.0000,1338.4244
287,Forresty,Food,0.9780,32.6630,27.3796,13.9701,29.6936,0.0000,12.1132,0.8709,42.6455
287,Forresty,Wood,0.1779,183.8657,153.5945,76.7972,0.0000,76.7972,97.1103,0.6757,42.6455
287,Forresty,Tools,2.9662,10.6999,6.0074,6.0074,0.0000,0.0000,3.0011,0.6982,42.6455
287,Craftovo,Food,0.8974,44.7459,36.9132,11.3671,42.2847,0.0000,27.3356,0.8566,170.7808
287,Craftovo,Wood,0.3477,110.1767,58.6064,58.6064,0.0000,0.0000,25.4379,0.7163,170.7808
287,Craftovo,Tools,1.6045,4.3111,16.0674,4.5234,0.0000,11.5440,9.7416,0.9407,170.7808
288,Capitalist,Food,0.6588,71.8680,72.1567,25.9016,32.6722,46.2550,14.3780,0.7934,3005.8757
288,Capitalist,Wood,0.2496,261.5560,286.0110,161.4307,0.0000,124.5802,87.2978,1.0000,3005.8757
288,Capitalist,Tools,2.1106,11.3806,16.4493,8.4402,10.6731,8.0091,17.6487,1.0000,3005.8757
288,Farmland,Food,0.4913,88.7701,68.5183,34.1265,0.0000,34.3918,21.5840,0.7297,1317.6743
288,Farmland,Wood,0.3553,76.9739,51.0793,40.7430,118.3512,0.0000,82.7831,1.0000,1317.6743
288,Farmland,Tools,2.0842,5.7317,10.2385,6.8621,0.0000,0.0000,10.5587,0.7421,1317.6743
288,Forresty,Food,0.8802,25.1483,33.0255,20.2437,0.0000,0.0000,11.4001,0.5405,17.8194
288,Forresty,Wood,0.1758,147.4902,149.2811,57.0777,0.0000,0.0000,167.1709,0.6757,17.8194
288,Forresty,Tools,3.2629,8.3695,5.5447,4.5461,7.6087,0.0000,6.2699,0.9056,17.8194
288,Craftovo,Food,0.8077,30.7752,38.2655,9.8261,43.9423,0.0000,24.7761,0.9963,158.6306
288,Craftovo,Wood,0.3129,35.6280,59.9428,37.3785,0.0000,0.0000,40.8107,0.5200,158.6306
288,Craftovo,Tools,1.4440,8.7762,14.9798,3.7450,0.0000,11.2349,9.1945,0.7297,158.6306
289,Capitalist,Food,0.7247,123.9243,77.5682,17.1719,64.9202,0.0000,48.5989,0.8902,2916.0980
289,Capitalist,Wood,0.2746,280.6441,149.6065,102.3322,102.8518,0.0000,167.2323,0.8628,2916.0980
289,Capitalist,Tools,2.3216,27.4458,14.1354,10.9167,16.5291,0.0000,27.9136,1.0000,2916.0980
289,Farmland,Food,0.4695,69.6547,72.8929,4.5558,0.0000,68.3371,14.5532,0.5497,1366.0420
289,Farmland,Wood,0.3198,48.7052,61.3127,61.3127,0.0000,0.0000,28.1214,1.0000,1366.0420
289,Farmland,Tools,1.8758,5.8314,8.4343,4.2171,0.0000,4.2171,4.6722,0.7985,1366.0420
289,Forresty,Food,0.7922,16.8515,31.7692,31.7692,0.0000,0.0000,4.8371,0.7335,34.9472
289,Forresty,Wood,0.1582,101.3726,216.5301,71.6809,0.0000,108.2651,126.4826,0.8169,34.9472
289,Forresty,Tools,2.9366,0.9151,6.5723,6.5723,0.0000,0.0000,3.9393,0.8026,34.9472
289,Craftovo,Food,0.7269,20.6579,37.0787,37.0787,0.0000,0.0000,6.7394,0.8428,182.9128
289,Craftovo,Wood,0.2816,26.9369,66.5935,66.5935,0.0000,0.0000,32.8602,0.6728,182.9128
289,Craftovo,Tools,1.2996,6.6664,13.7081,0.5262,0.0000,13.1819,7.9340,0.5785,182.9128
290,Capitalist,Food,0.6522,64.0574,101.9944,17.5558,47.5000,49.0886,36.0412,0.7622,2913.8715
290,Capitalist,Wood,0.2780,207.0516,204.5046,52.9120,123.5509,0.0000,233.2156,0.9422,2913.8715
290,Capitalist,Tools,2.0894,15.1344,19.1594,9.9400,8.1278,9.2193,22.3336,1.0000,2913.8715
290,Farmland,Food,0.5164,86.5840,69.0085,19.0085,0.0000,50.0000,15.2163,0.6748,1397.0238
290,Farmland,Wood,0.3517,135.7333,48.0952,48.0952,0.0000,0.0000,21.9786,0.6731,1397.0238
290,Farmland,Tools,2.0633,19.5742,5.1364,5.1364,0.0000,0.0000,4.2434,0.6918,1397.0238
290,Forresty,Food,0.8714,29.5662,22.7456,22.7456,0.0000,0.0000,5.6144,0.5927,25.4727
290,Forresty,Wood,0.1424,152.1421,173.4048,43.3512,0.0000,130.0536,87.2613,0.7827,25.4727
290,Forresty,Tools,3.1960,5.3283,4.8958,4.2864,8.7584,0.0000,7.5217,0.9459,25.4727
290,Craftovo,Food,0.7996,35.6920,22.9447,1.6295,46.6342,0.0000,21.0762,0.8551,163.6320
290,Craftovo,Wood,0.3098,64.6306,52.7271,52.7271,0.0000,0.0000,38.2665,0.5946,163.6320
290,Craftovo,Tools,1.4296,22.6279,15.2884,6.7328,0.0000,8.5556,10.0899,0.7605,163.6320
291,Capitalist,Food,0.5870,53.4564,82.6813,41.3407,0.0000,41.3407,14.3218,0.6773,2998.9414
291,Capitalist,Wood,0.2502,195.2172,281.4812,105.9844,0.0000,175.4968,65.2770,0.9184,2998.9414
291,Capitalist,Tools,2.0250,14.6147,15.0801,3.2638,14.5816,11.8162,21.0132,1.0000,2998.9414
291,Farmland,Food,0.5681,82.5546,72.9450,45.0298,0.0000,0.0000,38.8743,0.7297,1314.8427
291,Farmland,Wood,0.3869,172.4628,53.6598,0.0000,166.7220,0.0000,107.6856,1.0000,1314.8427
291,Farmland,Tools,2.2697,22.6704,5.6445,5.6445,10.2058,0.0000,8.6147,1.0000,1314.8427
291,Forresty,Food,0.7843,18.1666,29.0511,20.1851,0.0000,0.0000,9.9010,0.5405,22.5399
291,Forresty,Wood,0.1566,168.7824,140.2877,78.7670,0.0000,0.0000,164.1350,0.6757,22.5399
291,Forresty,Tools,2.8764,3.0168,6.9524,6.9524,1.0196,0.0000,4.8726,0.9389,22.5399
291,Craftovo,Food,0.7196,27.8549,35.3509,18.5876,39.2736,0.0000,21.1422,0.9445,163.6760
291,Craftovo,Wood,0.2788,42.5389,61.7394,59.6731,0.0000,0.0000,44.4977,0.5946,163.6760
291,Craftovo,Tools,1.2866,8.3906,16.3723,1.0233,0.0000,15.3490,7.9985,0.5816,163.6760
292,Capitalist,Food,0.6457,135.9879,66.1603,66.1603,40.5338,0.0000,25.6186,1.0000,2946.2951
292,Capitalist,Wood,0.2752,288.6087,157.9055,111.0005,135.6421,0.0000,166.6491,0.9449,2946.2951
292,Capitalist,Tools,2.2275,25.6754,14.7239,7.3910,13.2872,7.3329,21.9041,1.0000,2946.2951
292,Farmland,Food,0.5113,54.4124,85.3342,42.6671,0.0000,42.6671,18.5707,0.9960,1324.6826
292,Farmland,Wood,0.3482,74.4498,100.8482,80.0762,0.0000,0.0000,62.5061,0.8974,1324.6826
292,Farmland,Tools,2.4966,10.5585,5.4284,5.4284,6.9662,0.0000,9.3569,1.0000,1324.6826
292,Forresty,Food,0.7059,26.1959,30.9724,30.9724,0.0000,0.0000,5.6907,0.7172,42.6662
292,Forresty,Wood,0.1410,109.0980,203.3460,60.5648,0.0000,142.7812,91.7593,0.9210,42.6662
292,Forresty,Tools,2.5888,0.8837,5.0976,5.0976,0.0000,0.0000,3.3327,0.7560,42.6662
292,Craftovo,Food,0.6868,28.6712,30.0437,30.0437,0.0000,0.0000,6.4848,0.7949,186.3561
292,Craftovo,Wood,0.2509,14.6100,53.8328,53.8328,0.0000,0.0000,34.0438,0.7146,186.3561
292,Craftovo,Tools,1.1580,12.7596,14.4377,0.4512,0.0000,13.9865,8.6942,0.4374,186.3561
293,Capitalist,Food,0.7081,83.6076,76.2437,39.8981,61.6132,0.0000,51.4999,0.8857,2930.9667
293,Capitalist,Wood,0.2538,174.5197,189.2706,67.4815,0.0000,121.7891,83.8167,0.6970,2930.9667
293,Capitalist,Tools,2.4502,23.1941,15.6355,10.8794,12.3147,0.0000,27.9816,1.0000,2930.9667
293,Farmland,Food,0.4623,65.7274,72.6928,7.8368,0.0000,64.8560,13.9844,0.6021,1316.8889
293,Farmland,Wood,0.3830,84.8762,64.8371,0.0000,115.6996,0.0000,102.2706,0.9805,1316.8889
293,Farmland,Tools,2.7463,11.0931,5.9775,5.9775,0.0000,0.0000,4.4989,1.0000,1316.8889
293,Forresty,Food,0.7765,39.3737,23.5696,23.5696,0.0000,0.0000,6.5143,0.6043,42.6662
293,Forresty,Wood,0.1551,176.8971,147.7620,114.0100,0.0000,0.0000,144.6774,0.9459,42.6662
293,Forresty,Tools,2.8476,9.6963,5.6612,5.6612,0.0000,0.0000,3.1298,0.7090,42.6662
293,Craftovo,Food,0.7554,41.3184,22.1950,22.1950,0.0000,0.0000,6.7359,0.5866,209.4782
293,Craftovo,Wood,0.2760,78.9436,48.3733,48.3733,0.0000,0.0000,28.4977,0.6732,209.4782
293,Craftovo,Tools,1.2738,24.2552,13.3810,0.4182,0.0000,12.9628,9.4275,0.4350,209.4782
294,Capitalist,Food,0.6373,61.6370,88.2036,15.2101,32.4425,72.9936,13.6804,0.8202,2981.5699
294,Capitalist,Wood,0.2791,269.9037,138.6749,138.6749,85.2834,0.0000,116.7365,1.0000,2981.5699
294,Capitalist,Tools,2.2052,13.2355,22.0697,1.3794,12.2820,20.6904,17.4963,1.0000,2981.5699
294,Farmland,Food,0.5085,83.1064,68.2999,34.1500,0.0000,34.1500,15.4454,0.8894,1316.2716
294,Farmland,Wood,0.3447,78.2102,105.8908,98.2374,0.0000,0.0000,53.2925,0.9229,1316.2716
294,Farmland,Tools,3.0209,11.3564,6.0809,6.0809,9.1727,0.0000,8.2215,1.0000,1316.2716
294,Forresty,Food,0.8541,37.3097,27.8130,23.6162,0.0000,0.0000,7.8659,0.6050,22.3563
294,Forresty,Wood,0.1395,145.7030,179.5439,49.2688,0.0000,89.7720,140.4632,0.6786,22.3563
294,Forresty,Tools,3.1324,9.3218,6.4656,5.6673,10.4831,0.0000,9.1349,0.9459,22.3563
294,Craftovo,Food,0.8310,48.6187,27.6203,0.0000,69.3439,0.0000,28.7190,1.0000,179.8021
294,Craftovo,Wood,0.3036,118.2778,54.3629,54.3629,0.0000,0.0000,32.2903,0.5946,179.8021
294,Craftovo,Tools,1.4011,23.5104,15.5408,2.6124,0.0000,12.9285,8.7625,0.5905,179.8021
295,Capitalist,Food,0.7010,112.3575,65.8573,14.7895,47.5000,0.0000,44.6590,0.7334,2899.6066
295,Capitalist,Wood,0.3070,230.5205,153.0464,51.9297,136.7314,0.0000,193.2960,0.9408,2899.6066
295,Capitalist,Tools,2.4257,26.4793,15.3984,11.3137,14.9202,0.0000,27.4308,1.0000,2899.6066
295,Farmland,Food,0.5435,81.5058,76.2506,26.2506,0.0000,50.0000,14.0611,0.7775,1349.5696
295,Farmland,Wood,0.3767,63.3119,57.9378,57.9378,0.0000,0.0000,24.8706,0.8481,1349.5696
295,Farmland,Tools,2.7188,4.8971,5.5996,5.5996,0.0000,0.0000,3.4450,0.9753,1349.5696
295,Forresty,Food,0.7687,20.7849,27.7686,27.7686,0.0000,0.0000,5.0554,0.6639,37.1678
295,Forresty,Wood,0.1256,135.0792,157.2409,39.3102,0.0000,117.9307,92.4026,0.8028,37.1678
295,Forresty,Tools,2.8192,1.4698,7.1224,7.1224,0.0000,0.0000,5.2795,0.9459,37.1678
295,Craftovo,Food,0.7479,26.4609,42.0793,42.0793,0.0000,0.0000,6.6399,0.9541,213.6560
295,Craftovo,Wood,0.2793,47.8355,51.9942,25.9971,0.0000,25.9971,23.3068,0.5002,213.6560
295,Craftovo,Tools,1.4885,17.2225,16.2121,0.5066,0.0000,15.7055,8.1284,0.4413,213.6560
296,Capitalist,Food,0.6309,54.0601,103.4489,41.3855,35.1185,62.0634,16.8730,0.8867,2971.4822
296,Capitalist,Wood,0.2763,201.9293,228.5510,116.0103,0.0000,112.5406,66.5324,0.9191,2971.4822
296,Capitalist,Tools,2.1831,10.6138,21.2609,8.2116,10.7751,13.0332,22.0606,1.0000,2971.4822
296,Farmland,Food,0.5916,80.4688,73.9337,36.9668,0.0000,36.9668,20.1742,0.7297,1298.9696
296,Farmland,Wood,0.4144,116.4182,62.9139,45.1447,106.9136,0.0000,71.7128,1.0000,1298.9696
296,Farmland,Tools,2.9907,14.6733,5.0236,3.9768,12.3815,0.0000,9.6870,1.0000,1298.9696
296,Forresty,Food,0.8456,31.4846,24.6997,24.6997,0.0000,0.0000,8.3785,0.5485,37.1678
296,Forresty,Wood,0.1382,194.7613,141.0184,112.7368,0.0000,0.0000,151.4739,0.8570,37.1678
296,Forresty,Tools,2.5429,4.6910,5.2008,5.2008,0.0000,0.0000,3.5709,0.7732,37.1678
296,Craftovo,Food,0.8227,39.4250,22.4118,0.0000,58.9602,0.0000,21.6926,1.0000,192.3805
296,Craftovo,Wood,0.3073,114.9970,52.9247,52.9247,0.0000,0.0000,30.8874,0.5946,192.3805
296,Craftovo,Tools,1.6373,21.7488,15.1230,3.7807,0.0000,11.3422,7.7416,0.6733,192.3805
297,Capitalist,Food,0.6940,115.9833,71.3172,67.2233,47.5000,0.0000,32.3007,1.0000,2928.9128
297,Capitalist,Wood,0.3040,281.7814,152.4855,89.4666,126.9913,44.0197,132.9625,0.8890,2928.9128
297,Capitalist,Tools,2.4015,22.1829,16.2873,8.1437,13.2564,8.1437,23.7314,1.0000,2928.9128
297,Farmland,Food,0.5324,55.1341,77.3494,27.3494,0.0000,50.0000,12.4245,0.8807,1331.9346
297,Farmland,Wood,0.3729,36.9505,67.4231,67.4231,0.0000,0.0000,31.0006,0.8910,1331.9346
297,Farmland,Tools,2.6916,4.7984,6.5888,6.5888,0.0000,0.0000,4.4820,1.0000,1331.9346
297,Forresty,Food,0.7610,25.3858,28.6956,28.6956,0.0000,0.0000,5.1289,0.7129,32.1486
297,Forresty,Wood,0.1243,146.2220,178.2335,44.5584,0.0000,133.6751,109.6642,0.7395,32.1486
297,Forresty,Tools,2.7971,9.4158,4.9410,4.9410,7.7365,0.0000,6.4592,0.9459,32.1486
297,Craftovo,Food,0.7404,28.6053,37.4128,37.4128,0.0000,0.0000,5.6714,0.8537,207.0040
297,Craftovo,Wood,0.3380,90.1462,53.2718,53.2718,41.8187,0.0000,35.2478,0.8665,207.0040
297,Craftovo,Tools,1.8010,19.5242,15.9476,1.9934,0.0000,13.9541,7.1550,0.5467,207.0040
298,Capitalist,Food,0.6704,68.9591,71.3828,35.6914,32.6117,35.6914,14.5281,0.9484,2956.4224
298,Capitalist,Wood,0.3049,177.0779,176.5506,91.2041,61.4208,85.3466,80.8157,0.9945,2956.4224
298,Capitalist,Tools,2.6416,18.4370,15.9788,1.9973,13.5932,13.9814,18.9741,1.0000,2956.4224
298,Farmland,Food,0.5857,79.8363,68.6563,34.3282,0.0000,34.3282,18.5607,0.7522,1283.6033
298,Farmland,Wood,0.4102,94.3421,51.2838,51.2838,81.0792,0.0000,51.6582,1.0000,1283.6033
298,Farmland,Tools,2.9608,12.0947,5.4284,1.2625,13.2824,0.0000,11.6843,1.0000,1283.6033
298,Forresty,Food,0.6849,20.7918,26.5194,26.5194,0.0000,0.0000,5.9220,0.6462,40.9914
298,Forresty,Wood,0.1368,179.1625,129.3069,64.6534,0.0000,64.6534,112.9584,0.8037,40.9914
298,Forresty,Tools,2.5174,5.2965,5.9164,5.9164,0.0000,0.0000,4.2938,0.8042,40.9914
298,Craftovo,Food,0.8145,41.7126,22.0938,22.0938,33.9068,0.0000,8.5640,1.0000,218.9828
298,Craftovo,Wood,0.3718,84.2133,60.9766,60.9766,0.0000,0.0000,28.6948,0.7127,218.9828
298,Craftovo,Tools,1.9811,19.7716,17.2109,2.9023,0.0000,14.3086,6.5957,0.6111,218.9828
299,Capitalist,Food,0.7375,97.9608,76.3009,3.0552,61.7559,45.9682,31.6643,0.7617,2893.7653
299,Capitalist,Wood,0.3354,210.3230,165.3096,72.4803,102.4502,0.0000,176.3320,0.8147,2893.7653
299,Capitalist,Tools,2.9058,21.9085,17.8329,6.3681,15.5404,0.0000,29.9789,1.0000,2893.7653
299,Farmland,Food,0.5271,43.5519,69.3399,4.3337,0.0000,65.0062,12.1265,0.5397,1336.4889
299,Farmland,Wood,0.3692,17.4445,59.4029,59.4029,0.0000,0.0000,17.1651,0.9176,1336.4889
299,Farmland,Tools,2.6647,4.8030,9.6776,4.8388,0.0000,4.8388,3.3254,0.9263,1336.4889
299,Forresty,Food,0.7534,29.8439,25.2074,25.2074,0.0000,0.0000,6.7581,0.6276,57.2162
299,Forresty,Wood,0.1504,172.0459,143.7897,35.9474,0.0000,107.8423,85.5298,0.7851,57.2162
299,Forresty,Tools,2.7692,7.8838,4.9022,4.9022,0.0000,0.0000,3.3767,0.7042,57.2162
299,Craftovo,Food,0.8959,45.3696,28.0200,26.2272,43.6698,0.0000,16.7236,1.0000,212.5296
299,Craftovo,Wood,0.4090,90.7545,58.7916,58.7916,0.0000,0.0000,34.1520,0.5946,212.5296
299,Craftovo,Tools,2.1792,18.8515,16.9197,5.4001,0.0000,11.5196,6.0625,0.7881,212.5296
300,Capitalist,Food,0.6637,47.6418,87.3640,45.5138,0.0000,41.8501,12.3982,0.6967,2942.6579
300,Capitalist,Wood,0.3018,166.0764,234.0560,91.5300,60.6235,136.1858,100.3764,0.8609,2942.6579
300,Capitalist,Tools,2.6152,12.4225,25.9790,10.7021,7.7424,0.0000,31.2818,1.0000,2942.6579
300,Farmland,Food,0.5798,81.7139,69.1024,63.3339,0.0000,0.0000,27.2851,0.9957,1321.3971
300,Farmland,Wood,0.4061,110.6362,52.1808,52.1808,47.5000,0.0000,27.8340,0.8961,1321.3971
300,Farmland,Tools,2.9312,14.2163,5.5129,5.5129,0.0000,0.0000,3.0383,0.7041,1321.3971
300,Forresty,Food,0.8287,37.0863,28.0312,28.0312,0.0000,0.0000,5.9999,0.6676,67.7771
300,Forresty,Wood,0.1655,184.2145,155.7085,91.8943,0.0000,63.8142,93.4182,0.9018,67.7771
300,Forresty,Tools,3.0461,10.2985,5.5438,5.5438,0.0000,0.0000,2.9187,0.6743,67.7771
300,Craftovo,Food,0.9855,38.6185,28.2787,3.6526,39.7576,0.0000,19.9934,0.9491,168.1678
300,Craftovo,Wood,0.4499,84.4925,63.6177,0.0000,81.8765,0.0000,83.1858,0.7800,168.1678
300,Craftovo,Tools,2.3972,17.9742,16.2997,5.8635,0.0000,8.1499,8.5911,0.7297,168.1678
